seller_id,pedidos,itens,receita,review_medio,pct_atraso,seller_city,seller_state,participacao_receita_pct
0015a82c2db000af6aaaf3ae2ecb0532,3,3,2748.06,3.6666666666666665,0.0,SANTO ANDRE,SP,0.017875746746349636
001cca7ae9ae17fb1caed9dfb1094831,195,234,33142.9,4.0625,6.153846153846154,CARIACICA,ES,0.2155899386620348
002100f778ceb8431b7a1020ff7ab48f,50,54,1995.16,3.96,18.0,FRANCA,SP,0.012978237330497492
003554e2dce176b5555353e4f3555ac8,1,1,139.38,5.0,0.0,GOIANIA,GO,0.0009066474463826161
004c9cd9d87a3c30c522c48c4fc07416,156,168,23094.02,4.162337662337662,6.41025641025641,IBITINGA,SP,0.15022337680950687
00720abe85ba0859807595bbf045a33b,13,26,1323.48,3.6153846153846154,15.384615384615385,GUARULHOS,SP,0.00860905267856554
00ab3eff1b5192e5f1a63bcecfee11c8,1,1,110.08,5.0,0.0,SAO PAULO,SP,0.0007160550358573567
00d8b143d12632bad99c0ad66ad52825,1,1,137.1,5.0,0.0,BELO HORIZONTE,MG,0.0008918163646079543
00ee68308b45bc5e2660cd833c3f81cc,135,172,23440.66,4.298507462686567,7.4074074074074066,SAO PAULO,SP,0.15247822162808966
00fc707aaaad2d31347cf883cd2dfe10,103,135,14969.99,4.063725490196078,3.8834951456310676,MARINGA,PR,0.09737769555082006
010543a62bd80aa422851e79a3bc7540,2,2,1447.95,4.5,0.0,SAO PAULO,SP,0.00941871265597438
010da0602d7774602cd1b3f5fb7b709e,1,5,1079.75,1.0,0.0,SAO BERNARDO DO CAMPO,SP,0.007023623046575046
01266d4c46afa519678d16a8b683d325,3,3,137.48,5.0,0.0,CURITIBA,PR,0.0008942882115703978
013900e863eace745d3ec7614cab5b1a,23,26,2089.37,4.695652173913044,0.0,CURITIBA,PR,0.013591060231370689
014c0679dd340a0e338872e7ec85666a,14,15,7686.31,3.857142857142857,14.285714285714285,TIMOTEO,MG,0.049998373752368826
014d9a685fd57276679edd00e07089e5,11,12,876.81,3.727272727272727,0.0,MARINGA,PR,0.005703526671421593
0176f73cc1195f367f7b32db1e5b3aa8,37,38,5915.27,4.108108108108108,10.81081081081081,IBITINGA,SP,0.03847800574087888
01bcc9d254a0143f0ce9791b960b2a47,10,10,1644.69,4.4,0.0,URUACU,GO,0.010698478896477437
01c97ebb5cdac52891c0ed1c37ba0012,9,12,756.0,4.222222222222222,0.0,CATANDUVA,SP,0.004917674483177341
01cf7e3d21494c41fb86034f2e714fa1,58,64,11314.85,4.105263157894737,5.172413793103448,FRANCISCO BELTRAO,PR,0.07360152000790891
01ed254b9ff8407dfb9d99ba1e17d923,5,5,1533.71,5.0,0.0,MOGI DAS CRUZES,SP,0.009976569486235343
01fd077212124329bac32490e8ef80d9,31,39,1783.3600000000001,4.161290322580645,3.225806451612903,RIBEIRAO PRETO / SAO PAULO,SP,0.01160050789195654
01fdefa7697d26ad920e9e0346d4bd1b,128,130,17532.79,4.377952755905512,5.46875,LONDRINA,PR,0.11404835185437415
0241d4d5d36f10f80c644447315af0bd,238,246,38251.61,4.352320675105485,4.621848739495799,CURITIBA,PR,0.24882138417652278
0249d282d911d23cb8b869ab49c99f53,11,11,531.88,4.2727272727272725,18.181818181818183,SAO PAULO,SP,0.003459805164169794
024b564ae893ce8e9bfa02c10a401ece,1,2,293.2,4.0,0.0,SAO PAULO,SP,0.0019072250773380906
028872bfa080090a9d0abd4f1af168f8,1,3,117.87,5.0,0.0,RIBEIRAO DAS NEVES,MG,0.0007667278985874513
02b72cdeb9cfcc429f1af6f4e3f3b737,4,4,748.6400000000001,4.75,0.0,IBITINGA,SP,0.0048697987104310645
02c988090b766852e088c69d7fb3b551,12,16,1770.94,4.583333333333333,0.0,AMERICANA,SP,0.011519717525447197
02d35243ea2e497335cd0f076b45675d,14,16,6399.95,2.642857142857143,28.57142857142857,NATAL,RN,0.04163078149287146
02dcd3e8e25bee036e32512bcf175493,13,15,1623.49,4.076923076923077,30.76923076923077,CONTAGEM,MG,0.01056057585541479
02ecc2a19303f05e59ce133fd923fff7,21,24,5742.4,4.619047619047619,0.0,SANTO ANDRE,SP,0.037353510518779845
02f5837340d7eb4f653d676c7256523a,30,30,4463.88,4.833333333333333,3.3333333333333335,CURITIBA,PR,0.029036916365033954
02f623a8eb246f3c5f7c2f96462654e6,44,44,7207.63,4.558139534883721,6.8181818181818175,BOTUCATU,SP,0.04688462716294114
0307f7565ff85b299b6e5ef162b1b1a9,5,5,4941.03,3.8,0.0,SAO JOSE DO RIO PRETO,SP,0.032140710518007584
034b9387752bfa309f350a70cd45ffa3,8,8,240.26,4.5,0.0,BLUMENAU,SC,0.001562857766307127
038b75b729c8a9a04b0d07cba7eabe86,2,2,557.8499999999999,3.5,50.0,SAO JOSE DOS CAMPOS,SP,0.003628736389471533
039b29ff3b3473435d0cd59040575de9,9,9,215.55,4.444444444444445,0.0,RIBEIRAO PIRES,SP,0.0014021226651440158
039e6ad9dae79614493083e241147386,5,5,13273.42,4.0,20.0,SAO PAULO,SP,0.08634174449536479
03a2a6dcbe45d639c4dc2a0d24769c40,9,9,1250.6599999999999,4.111111111111111,11.11111111111111,MAUA,SP,0.008135368742236209
03bd479e1d9484cdb14104d3023f7321,3,3,417.4200000000001,4.333333333333333,0.0,UBERLANDIA,MG,0.002715258839640061
0417b067eeab773d2f7061a726dc477f,13,13,2501.75,3.923076923076923,23.076923076923077,SAO BENTO DO SUL,SC,0.016273534574456235
042573af89b6d931f672efaf789d8358,3,3,478.57000000000005,3.6666666666666665,33.33333333333333,SOROCABA,SP,0.0031130310547806623
04308b1ee57b6625f47df1d56f00eedf,92,92,61940.62,3.9456521739130435,7.608695652173914,BOMBINHAS,SC,0.40291508789177793
0432ead42b6c8a0bdf68154add917fdf,82,87,8754.4,4.536585365853658,2.4390243902439024,MAUA,SP,0.0569461501263594
044668ccd5316b12a7cf0d54a156e3e9,3,4,191.35,5.0,0.0,OSASCO,SP,0.001244705042798921
04843805947f0fc584fc1969b6e50fe7,1,2,1474.76,5.0,0.0,IVOTI,RS,0.009593107964035206
048c2757535328e0d7dac690ad3c0aae,50,50,10312.41,4.244897959183674,12.0,FRANCA,SP,0.0670807877209826
04aa0a1c5ce6b222003403a3e11c3cc0,11,17,6339.51,4.090909090909091,18.181818181818183,COSMOPOLIS,SP,0.041237627728634374
04aba03279157f6d4e0fe8ccaf21963c,15,15,2735.23,4.533333333333333,6.666666666666667,SANTO ANTONIO DE PADUA,RJ,0.017792289387065025
04e38a233f726ef161074ab1c9b0399a,19,24,1347.27,4.105263157894737,5.263157894736842,SAO PAULO,SP,0.008763803308135367
04ee0ec01589969663ba5967c0e0bdc0,1,1,314.32,5.0,0.0,LAJEADO,RS,0.002044607729566537
04fdea0c111866e6cf812f1570d6b5bd,8,8,1038.35,3.5,12.5,SAO PAULO,SP,0.006754321824877238
0509040ea3fe50071181bbc359eb7738,87,96,5099.25,4.476744186046512,4.597701149425287,BELO HORIZONTE,MG,0.033169909534843986
052577151711aec5c744fe12e66db3e1,1,1,729.65,5.0,0.0,RODEIO,SC,0.004746271410913157
054694fa03fe82cec4b7551487331d74,20,21,8946.34,3.4,30.0,ITAJOBI,SP,0.05819469303681055
056b4ada5bbc2c50cc7842547dda6b51,64,65,13485.79,4.2063492063492065,10.9375,QUEIMADOS,RJ,0.08772318170434942
0570350b23eda5444f8d1d9544932058,6,11,751.76,5.0,0.0,SAO PAULO,SP,0.004890093874964812
05730013efda596306417c3b09302475,4,4,1168.67,5.0,0.0,CRICIUMA,SC,0.007602035235786857
058cb5aeb36d7c0fcae20fc85d5e0a59,11,12,1983.82,3.8181818181818183,9.090909090909092,RIO DE JANEIRO,RJ,0.012904472213249831
058fd0aa2bfdb2274e05e1ae971dabb6,60,63,8428.78,4.383333333333334,6.666666666666667,SANTO ANDRE,SP,0.05482803747396232
05a48cc8859962767935ab9087417fbb,1,1,59.39,5.0,0.0,SAO PAULO,SP,0.0003863236607882305
05a940b4ecae36cadfd8e93bd9c43257,9,9,864.1,4.222222222222222,0.0,GOIANIA,GO,0.005620849895388281
05aebce0b5c8f0d41b29b686f2d05fd3,2,2,120.88,5.0,0.0,SAO PAULO,SP,0.000786307528474176
05ca864204d09595ae591b93ea9cf93d,1,1,188.42000000000002,5.0,0.0,BARUERI,SP,0.0012256458017463952
05d2173d43ea568aa0540eba70d2ca76,62,66,7438.93,4.183333333333334,4.838709677419355,ALFENAS,MG,0.04838920137981802
05e107217c7266362fd44b75b2cd4cc4,5,8,275.39,4.2,20.0,SAO PAULO - SP,SP,0.0017913735131246135
05f51e13da97139648b8125c31e5f51b,57,60,14988.96,4.228070175438597,15.789473684210526,BELO HORIZONTE,MG,0.0975010927531294
05feb94f19d094d4b0f9281f0b1d4c99,6,6,10050.04,4.5,0.0,MOGI DAS CRUZES,SP,0.06537410749062382
05ff92fedb5be47920fea08e501238b9,56,59,22862.86,4.303571428571429,3.571428571428571,SANTO ANGELO,RS,0.14871971327308983
062c325cd6a2b87845fab56b4ec2eeae,2,2,157.08,5.0,0.0,SAO PAULO,SP,0.0010217834759490697
062ce95fa2ad4dfaedfc79260130565f,54,59,8663.43,4.092592592592593,3.7037037037037033,LAJEADO,RS,0.05635440297327126
06532f10282704ef4c69168b914b77be,7,8,10460.75,4.714285714285714,0.0,PAINCANDU,PR,0.06804571871679546
06579cb253ecd5a3a12a9e6eb6bf8f47,61,70,6007.97,4.131147540983607,6.557377049180328,SAO PAULO - SP,SP,0.03908100630250658
066a6914e1ebf3ea95a216c73a986b91,65,71,10520.28,4.092307692307692,3.076923076923077,FOZ DO IGUACU,PR,0.06843295305804355
0691148aee60ca47977c187804f935ae,47,53,7359.45,4.180851063829787,2.127659574468085,LONDRINA,PR,0.04787219507304164
0692610d8abe24f287e9fae90ea0bbee,4,4,205.72,4.0,25.0,SAO PAULO,SP,0.0013381798871418553
06a2c3af7b3aee5d69171b0e14f0ee87,389,402,48169.5,4.012987012987013,19.02313624678663,SAO LUIS,MA,0.3133358743616547
06bb3a2fe5e7b7a845b13e8fb91bd944,17,18,1862.33,4.588235294117647,0.0,BELO HORIZONTE,MG,0.01211419671991489
06df0c10d34e459d9672bc77388742eb,26,30,9595.77,4.346153846153846,3.8461538461538463,MARINGA,PR,0.062419144544231
06e5eefc71ec47ae763c5c6f8db7064f,90,93,23800.32,3.977272727272727,0.0,PORTO ALEGRE,RS,0.1548177597294383
07017df32dc5f2f1d2801e579548d620,8,9,1128.24,4.0,0.0,JOAO PESSOA,PB,0.007339043728703708
070d165398b553f3b4b851c216b8a358,31,38,4301.11,3.3666666666666667,12.903225806451612,SAO PAULO,SP,0.027978120233252503
0725b8c0f3f906e58f70cbe76b7c748c,16,36,2865.47,3.65625,25.0,GUARULHOS,SP,0.018639482409140443
0743a0239d764b9a0f959a57d07e36ab,4,4,403.21999999999997,4.75,0.0,SAO PAULO,SP,0.002622889821569798
0747d5bb69f0586cc869d8af4c50f93e,10,11,400.87,3.6,10.0,SAQUAREMA,RJ,0.002607603399565213
0761743cbffb25d7148189e9f1a5f03a,3,7,327.4,4.666666666666667,0.0,RIBEIRAO PRETO,SP,0.0021296913039580176
077c5fae4bea9500e3737b16f71b9d3a,4,6,177.24,4.5,0.0,SOROCABA,SP,0.0011529214621671321
0791d9fc1e30678ecf03d3e55fa108d3,5,11,1028.99,4.0,0.0,BELO HORIZONTE,MG,0.006693436331275996
079d295dcbf06ee8bb1b65ba964eb2b6,5,10,540.09,4.6,0.0,SAO PAULO,SP,0.0035132100682794317
07a9bc7f61396b658ddf3ac534efe44c,1,1,135.49,3.5,0.0,SAO PAULO,SP,0.0008813435393197063
07bf9669d84d1f11be443a9dd938f698,18,24,2422.22,3.7222222222222223,0.0,SAO PAULO,SP,0.01575620302465849
07d75e33f2750d97d467fb57e4dfdd8a,2,2,759.59,2.5,0.0,SAO PAULO,SP,0.004941026932112006
07de60b03d150fb3ea09eab5da5e4c8b,9,9,889.0,4.333333333333333,11.11111111111111,IBITINGA,SP,0.005782820920032614
07e8e8fc5222bb358e6f259da3197074,2,2,74.86,4.0,0.0,SAO PAULO,SP,0.00048695385160139654
080102cd0a76b09e0dcf55fcacc60e05,122,128,7773.4800000000005,4.516393442622951,4.098360655737705,BELO HORIZONTE,MG,0.05056540243583254
080199a181c46c657dc5aa235411be3b,79,83,15544.880000000001,4.615384615384615,1.2658227848101267,OSASCO,SP,0.10111727476197592
08061dc0fc165ed41288cc7acde738ee,4,4,182.22,4.5,25.0,OSASCO,SP,0.0011853156670959988
08084d990eb3f53af056ccbc1730c8a7,12,12,606.79,4.454545454545454,0.0,SAO PAULO,SP,0.003947084258792565
081acf3de680d554796c9cf041be7bc2,4,8,1802.8,3.25,25.0,VESPASIANO,MG,0.011726962378666814
082e0bf4cb865a6533b1e8e498cc0255,11,23,3064.33,3.272727272727273,18.181818181818183,BOTUCATU,SP,0.019933038953749763
085f6f7e049c996695fb2074fe38d45e,6,8,435.96000000000004,4.0,0.0,TAUBATE,SP,0.0028358589519656002
08633c14ef2db992c11f840f04fad4cd,74,97,9068.82,4.364864864864865,5.405405405405405,RIBEIRAO PIRES,SP,0.05899140834196869
0873d9f8f36123f8d910f4760e788cfb,6,6,7426.65,3.1666666666666665,33.33333333333333,BARUERI,SP,0.04830932169376852
0885aaf116795758dfeb5f1032487bcd,27,29,3072.1400000000003,4.2592592592592595,0.0,FERRAZ DE VASCONCELOS,SP,0.019983841913688412
0887a9f087bcd5d9f6642b52f897fc6c,12,12,1862.35,4.416666666666667,8.333333333333332,CANANEIA,SP,0.01211432681712344
08ad4ac1388e4420ca531c3edfc46198,6,7,310.66999999999996,2.8333333333333335,0.0,ITAPEVI,SP,0.0020208649890062227
08cdbae123ff67ca4e36d9d641ce0119,4,6,4195.46,3.25,50.0,UBA,MG,0.027290881729088896
08d0949a9a17c027262db1f3c450c26c,12,12,557.8399999999999,3.7083333333333335,0.0,CASCAVEL,PR,0.003628671340867259
08d1c9478fb0d7d7fcac9c0da4e82fc7,1,1,605.5699999999999,5.0,0.0,BELO HORIZONTE,MG,0.003939148329071034
08d2d642cf72b622b14dde1d2f5eb2f5,16,20,1215.16,4.3125,12.5,MARILIA,SP,0.007904446197060554
08f5819815f3d06545011850bd70f0a8,3,3,522.83,4.666666666666667,0.0,SANTOS,SP,0.0034009361773010703
091065b789659bc3cd9af9cb3a6253ff,2,2,1444.37,3.5,0.0,CANOAS,RS,0.00939542525564399
0936e1837d0c79253456bbb2ffaaef10,1,2,70.02,5.0,0.0,SAO PAULO,SP,0.00045547032713237753
093805f8f2aeb63881444571e1f48f30,22,27,1559.73,4.181818181818182,4.545454545454546,OSASCO,SP,0.010145825954558459
094ced053e257ae8cae57205592d6712,19,19,1978.23,4.052631578947368,0.0,RIBEIRAO PRETO,SP,0.0128681100434602
0951a6e282947e09cd47969f4ed0b47f,7,7,580.32,4.857142857142857,0.0,TABOAO DA SERRA,SP,0.0037749006032770835
09883d9ab71c8fe8a9bfc7fc3075b07e,4,4,330.09000000000003,4.0,25.0,SAO PAULO,SP,0.002147189378507948
099095b050cfe8eb1ddff5317587e96e,16,19,5705.93,3.375,18.75,SAO PAULO,SP,0.037116278258989534
09bad886111255c5b5030314fc7f1a4a,5,5,560.36,5.0,0.0,SAO PAULO,SP,0.003645063589144517
09f952a5f58d2285b0372551ae8f9b01,50,56,13346.46,3.84,6.0,SAO BERNARDO DO CAMPO,SP,0.08681685950098816
0a198e95d32b1be2da9424c962a6ebfa,1,1,86.66999999999999,5.0,0.0,CONTAGEM,MG,0.0005637762532499736
0a82f5fb06a4fe4ac2cf7cb412ec71b8,2,2,484.8,5.0,0.0,SAO PAULO,SP,0.003153556335243882
0a85ebe4e328db81ac9109781205e2f7,12,12,805.65,4.583333333333333,8.333333333333332,JUNDIAI,SP,0.0052406408034018845
0aa2205ca24f113f4658a5c536667426,4,11,988.1,4.0,0.0,SAO PAULO,SP,0.006427452588396204
0ac4201fda2c68ebc0e47cb9423cf3c9,13,14,1910.8700000000001,4.230769230769231,7.6923076923076925,SAO PAULO,SP,0.012429942645064928
0ad80de75c811326389cfb1daba7d45e,6,6,1564.72,5.0,0.0,RIO DE JANEIRO,RJ,0.0101782852080916
0adac9fbd9a2b63cccaac4f8756c1ca8,106,134,17955.5,4.09433962264151,5.660377358490567,LOUVEIRA,SP,0.11679802140567559
0ade5cc4a305ed7093a23f68ca47519c,2,2,201.26999999999998,5.0,0.0,CURITIBA,PR,0.0013092332582395547
0aea4c6ae1505b3228ddf3dd7822ee5b,8,8,1579.66,3.875,25.0,SOROCABA,SP,0.0102754678228782
0af2ab31141893d26aca5a404a537dab,1,1,74.51,5.0,0.0,SAO PAULO,SP,0.00048467715045177743
0af977692321d895349eded183341d28,2,2,277.22,4.5,0.0,SANTOS,SP,0.0018032774077069082
0afccdb8a34ee5c79f7c06faf2b4d56e,24,24,1557.09,4.086956521739131,8.333333333333332,UBERLANDIA,MG,0.010128653123029902
0b09101900100c0e9d312861fad5a1b9,1,1,168.36,4.0,0.0,SAO PAULO,SP,0.001095158301571081
0b0ddbc7b9d9584f442c7ac92b0ff6c9,3,3,1550.6399999999999,4.666666666666667,0.0,GUARULHOS,SP,0.010086696773272634
0b18d63d0cd1d723567903fd34a07df2,9,14,1944.03,4.777777777777778,0.0,SP,SP,0.012645643816840274
0b1ca3ef18a63d7eb0c8897fa0849c08,1,1,62.87,5.0,0.0,SAO ROQUE,SP,0.00040896057507587227
0b35c634521043bf4b47e21547b99ab5,50,77,14690.79,3.4081632653061225,16.0,TEIXEIRA SOARES,PR,0.09556153851946675
0b36063d5818f81ccb94b54adfaebbf5,1,15,783.0,5.0,0.0,JARAGUA DO SUL,SC,0.005093305714719389
0b3f27369a4d8df98f7eb91077e438ac,2,2,171.39000000000001,4.0,0.0,ARUJA,SP,0.0011148680286663553
0b46f784306be7200ca1700aa55d819f,1,1,30.86,5.0,0.0,BELO HORIZONTE,MG,0.00020073999279213324
0b64bcdb0784abc139af04077d49a20e,4,4,205.81,4.75,0.0,CANOAS,RS,0.0013387653245803288
0b90b6df587eb83608a64ea8b390cf07,163,209,32090.94,4.033950617283951,3.6809815950920246,MARINGA,PR,0.2087470856867395
0bae85eb84b9fb3bd773911e89288d54,136,145,10340.56,4.294117647058823,0.7352941176470588,ITAJAI,SP,0.06726389954201624
0bb27263628258b8111a0262769fa9db,1,1,33.16,5.0,0.0,SAO PAULO,SP,0.0002157011717753447
0bb738e4d789e63e2267697c42d35a2d,29,30,2925.34,4.655172413793103,3.571428571428571,SAO ROQUE,SP,0.019028928402933867
0be8ff43f22e456b4e0371b2245e4d01,156,175,13844.49,4.032051282051282,6.41025641025641,SAO PAULO,SP,0.09005647513968765
0bebbb2cea103a4a020c95d43fd7d754,9,9,1514.34,4.888888888888889,0.0,SAO PAULO,SP,0.009850570339754993
0bf0150d5b9d60d9cd2906003332f085,39,62,6872.34,3.789473684210526,15.384615384615385,SAO PAULO,SP,0.04470361251021028
0bfd0b434243adc5c2e1aa6baf19c6aa,6,6,436.99,3.6666666666666665,0.0,RIO DE JANEIRO,RJ,0.002842558958205908
0c7533c71df861ec58ad7ff999ed0e8d,61,73,3863.51,4.147540983606557,4.918032786885246,VALINHOS,SP,0.025131593310185833
0c7f30ae9b147eca07affbef92832a6a,5,5,567.11,5.0,0.0,PONTA GROSSA,PR,0.003688971397030029
0c8380b62e38e8a1e6adbeba7eb9688c,178,214,21029.010000000002,4.0852272727272725,5.056179775280898,TRES CORACOES,MG,0.13679077497814968
0cab2da43793a6f3c5ed8514c5f54627,3,3,366.90000000000003,5.0,0.0,CURITIBA,PR,0.0023866332908436066
0cbcee27c791afa0cdcb08587a2013a8,37,39,5837.68,4.0,10.81081081081081,TRES CORACOES,MG,0.037973293620310454
0d33a55da925bbf1ff02af5f6059fc7f,22,24,932.91,4.454545454545454,4.545454545454546,SAO PAULO,SP,0.006068449341403403
0d4c8269e7f0401201794deef160edd6,3,4,892.03,3.6666666666666665,0.0,RIBEIRAO PRETO,SP,0.005802530647127889
0d83f8e03188682112cc0d93523705cc,4,8,820.57,3.75,25.0,PORTO ALEGRE,RS,0.0053376933209799355
0d85bbda9889ce1f7e63778d24f346eb,51,58,6469.7,4.2,11.76470588235294,UBERLANDIA,MG,0.04208449550768842
0daf5180aa44356f60f8effa533b55a2,2,2,183.63,5.0,0.0,GOIANIA,GO,0.0011944875202987502
0db783cfcd3b73998abc6e10e59a102f,130,135,10974.45,4.232558139534884,3.8461538461538463,SANTOS,SP,0.07138726551839361
0dd184061fb0eaa7ca37932c68ab91c5,161,193,23766.420000000002,4.03125,10.559006211180124,GUARULHOS,SP,0.1545972449609466
0ddefe3c7a032b91f4e25b9c3a08fca1,9,10,552.9,4.555555555555555,0.0,SAO BERNARDO DO CAMPO,SP,0.0035965373303554916
0df3984f9dfb3d49ac6366acbd3bbb85,86,88,11374.54,4.383720930232558,1.1627906976744187,BETIM,MG,0.0739897951268254
0dfbed20065e425d2eaefb101f9816c0,3,3,133.6,2.6666666666666665,33.33333333333333,PORTO FERREIRA,SP,0.0008690493531117629
0e44d110fa6a54e121cb2c095a77762f,6,6,293.38,4.333333333333333,16.666666666666664,FRANCISCO MORATO,SP,0.0019083959522150373
0e72c1a751b496722a6cb1f10653b62a,3,3,192.10000000000002,4.666666666666667,0.0,SAO PAULO,SP,0.0012495836881195337
0e982cff76cc0579f632cea8a0e38c9d,6,7,1081.16,4.333333333333333,0.0,ITAJAI,SC,0.007032794899777798
0ea22c1cfbdc755f86b9b54b39c16043,231,261,14591.65,4.4298245614035086,0.8658008658008658,SETE LAGOAS,MG,0.09491664665668605
0eaa7e33d73809f1f925f7d07c506cbd,15,15,1746.9,4.714285714285714,0.0,SANTO ANDRE,SP,0.0113633406807705
0ebd97a106433a45a4aebe57c1799778,31,32,3661.6800000000003,4.483870967741935,0.0,CONTAGEM,MG,0.02381871733010689
0ec28cec4046a4a199b6de9b4c891d97,3,4,352.64,5.0,0.0,GOIANIA,GO,0.0022938739811476953
0ed6ce5d87fd9c69eaacaeb778d67235,42,42,2697.3,4.390243902439025,14.285714285714285,AMERICANA,SP,0.017545560031050587
0ee4fb99ac55ffbbc98795aa01b7f8fa,1,1,70.92999999999999,5.0,0.0,SANTANA DE PARNAIBA,SP,0.00046138975012138724
0ef83d7d83ed97cd2a0049ac8be5f88a,48,55,5447.81,4.148936170212766,2.083333333333333,CURITIBA,PR,0.03543724368544755
0f0c984a4a955310903b6b6008660bad,4,4,481.38,3.75,0.0,FRANCA,SP,0.0031313097125818894
0f519b0d2e5eb2227c93dd25038bfc01,1,1,102.9,5.0,0.0,IBITINGA,SP,0.000669350137988027
0f7eea709efdf942b5f95c7516dbacd7,3,3,240.06,4.0,0.0,PEDRINHAS PAULISTA,SP,0.0015615567942216303
0f80a40c312b2472dca482cf50f5186f,1,1,150.0,3.0,0.0,LENCOIS PAULISTA,SP,0.0009757290641224883
0f94588695d71662beec8d883ffacf09,1,1,27.59,5.0,0.0,FLORIANOPOLIS,SC,0.00017946909919426302
0fe2d9733ed841eb064503920015a8c0,3,3,498.35,4.666666666666667,0.0,OURINHOS,SP,0.0032416971940362805
0ff83046c3fa22efee8ecf291888b191,10,11,1023.3800000000001,4.8,0.0,CAXIAS DO SUL,RS,0.0066569440642778146
0ffa40d54288e4f3499b8780dd0f144f,33,35,2746.4700000000003,4.484848484848484,12.121212121212121,PRESIDENTE PRUDENTE,SP,0.01786540401826994
10076e5788b8ee532724bcd460baf762,23,26,1198.78,4.565217391304348,4.3478260869565215,BATATAIS,SP,0.007797896583258377
10089e9f2fd0c668a8fd4e52e1698888,3,3,1199.31,4.333333333333333,0.0,SAO JOSE DO RIO PRETO,SP,0.007801344159284943
101a3a003516bc11253298b2fad3cb65,5,6,524.0,4.8,0.0,RIO CLARO,SP,0.0034085468640012257
1025f0e2d44d7041d6cf58b6550e0bfa,910,1420,171924.96,4.008869179600887,7.9120879120879115,SAO PAULO,SP,1.1183478688006416
10264f60a8f0a4d2f30810f5c661c673,4,4,326.46000000000004,5.0,0.0,CAMPINAS,SP,0.002123576735156184
1099a00e0ee3a50935e6c2447ca090c5,3,3,910.8299999999999,3.6666666666666665,33.33333333333333,RIO DE JANEIRO,RJ,0.005924822023164573
10cdd491d1dbea8fb4ead97b19c334ce,3,3,287.76,5.0,0.0,SANTA RITA DO SAPUCAI,MG,0.0018718386366125817
10ff823eda2b032e2c93d17a7d294736,8,8,1292.8600000000001,4.25,0.0,PEDERNEIRAS,SP,0.008409873852276003
112453736dbe3889cfb74e1aaa0ba0c1,7,14,2154.77,4.142857142857143,0.0,SAO PAULO,SP,0.014016478103328093
1127b7f2594683f2510f1c2c834a486b,110,128,8438.4,4.1909090909090905,1.8181818181818181,CAMPINAS,SP,0.054890614231274705
11305281b50fff20ae8bb473f8e11876,34,39,7912.6900000000005,4.323529411764706,11.76470588235294,UBA,MG,0.05147094405594248
113e3a788b935f48aad63e1c41dac1bd,39,48,1533.95,4.315789473684211,5.128205128205128,APARECIDA,SP,0.00997813065273794
116ccb1a1604bc88e4d234a8c23f33de,61,73,2948.33,4.639344262295082,3.278688524590164,SAO BERNARDO DO CAMPO,SP,0.019178475144161707
11742f81550ac064cc9a40f67151d9ad,2,2,831.01,5.0,0.0,CATANDUVA,SP,0.00540560406384286
117cfc326c6d50da67ca858ff5c0c852,5,5,536.08,4.6,0.0,SAO JOAO DE MERITI,RJ,0.0034871255779652236
11938fcc75f6902fea1d0a6f72b54a57,2,2,737.1400000000001,3.0,0.0,SAO MIGUEL D'OESTE,SC,0.004794992815515008
119c7f1a00ef43fad0e57604e76a747c,2,2,206.82000000000002,4.5,0.0,SAO PAULO,SP,0.001345335233612087
119d1aef1b4144adba89163f6cd9f5d4,4,4,1298.24,4.75,0.0,PEDREIRA,SP,0.008444870001375861
11bfa66332777660bd0640ee84d47006,76,102,5608.54,3.8947368421052633,14.473684210526317,RIBEIRAO PRETO,SP,0.03648276990195694
11d4c477d09821164bca4f70a2eae031,3,4,140.86,5.0,0.0,RIBEIRAO PRETO,SP,0.0009162746398152915
11eac105f3f90a9b87b19c89d91e24f3,5,5,927.8299999999999,3.6,0.0,SAO PAULO,SP,0.006035404650431789
11fb6f6d341adbe19e81733701704635,3,3,1596.6599999999999,5.0,0.0,SAO PAULO,SP,0.010386050450145413
120476eb7a04c149d14772edaf5d9bf2,4,6,2519.63,4.25,0.0,ANGRA DOS REIS,RJ,0.016389841478899637
1284de4ae8aa26997e748c851557cf0e,3,3,1546.8400000000001,2.6666666666666665,0.0,LARANJEIRAS DO SUL,SP,0.0100619783036482
128639473a139ac0f3e5f5ade55873a5,527,554,21475.539999999997,4.213051823416507,4.174573055028463,MARINGA,PR,0.13969539030483374
128f9bfbe4c7d5185033914b1de3d39a,13,15,1519.37,4.769230769230769,7.6923076923076925,ATIBAIA,SP,0.009883289787705234
12a8eb0f8d1cd3270695bf2a99f55966,2,2,436.66999999999996,3.5,0.0,SAO PAULO,SP,0.0028404774028691127
12b9676b00f60f3b700e83af21824c0e,133,133,29901.67,4.537878787878788,0.7518796992481203,MONTENEGRO,RS,0.19450618989866322
12c2ed9cded6138cf0c75f525f565fc7,4,4,366.01,4.25,25.0,PRAIA GRANDE,SP,0.0023808439650631463
13074f016982ff2bd6c58ced8682f000,13,14,2752.6600000000003,4.153846153846154,23.076923076923077,BENTO GONCALVES,RS,0.017905669104316062
131fcb0a0c9a47bba4474aacff0f14b7,4,4,406.41,4.0,0.0,SAO PAULO,SP,0.0026436403263334703
1336efc61c316ddf92c899eb817f7cae,74,85,6355.29,4.0,8.108108108108109,ASSIS,SP,0.04134027442618006
134285d1f41da5c13a756ee8142c8a4e,3,4,1653.6299999999999,3.3333333333333335,0.0,SAO PAULO,SP,0.010756632348699136
134a288e7de827ec5ec62e3ec9c3a295,9,9,1004.0,4.777777777777778,0.0,SAO PAULO,SP,0.006530879869193188
134b867a0f7f8bbe6abf10f91874891e,1,1,922.8399999999999,4.0,0.0,VALINHOS,SP,0.006002945396898647
13511db12ac61e2f89c53b72a944a60b,6,6,1063.97,3.5,0.0,CAXIAS DO SUL,RS,0.006920976349029359
1352e06ae67b410cdae0b2a22361167b,2,2,214.1,3.0,100.0,RIO DE JANEIRO,RJ,0.001392690617524165
1354d51653f645349064725ed204e85e,18,20,2694.72,3.888888888888889,0.0,SAO PAULO,SP,0.017528777491147677
138dbe45fc62f1e244378131a6801526,49,58,1814.8,4.081632653061225,2.0408163265306123,SAO PAULO,SP,0.01180502070379661
139157dd4daa45c25b0807ffff348363,1,1,37.68,4.0,0.0,SAO PAULO,SP,0.0002451031409075691
13c2ed7698b3ca92dad49e849219da59,8,9,653.29,4.375,0.0,PONTA GROSSA,PR,0.004249560268670536
13d058e4eeac2ce8217660b2f8a05812,22,22,4647.37,4.181818181818182,9.090909090909092,OSASCO,SP,0.030230493204872855
13d95f0f6f73943d4ceffad0fc2cd32c,1,1,309.32,3.0,100.0,GOIANIA,GO,0.0020120834274291203
13dd308f81fea30cc670c656b2b46cc3,3,3,151.14,5.0,0.0,SANTA BARBARA D'OESTE,SP,0.0009831446050098192
13f57c12a00ed4610db646b913a7f5c6,7,13,821.15,4.857142857142857,14.285714285714285,SANTOS,SP,0.005341466140027875
13fa2a6c6b9d0f43cb588d7c82117a12,9,10,4719.44,4.111111111111111,33.33333333333333,SAO PAULO,SP,0.030699298495881575
141440cad9341e553f8401c574a2aa38,11,12,1579.0,4.454545454545454,0.0,PITANGA,PR,0.01027117461499606
1430239a858e7682bbc43b20758af153,17,22,888.64,4.176470588235294,0.0,SAO PAULO,SP,0.00578047917027872
1444c08e64d55fb3c25f0f09c07ffcf2,1,1,2818.74,1.0,0.0,LAURO DE FREITAS,BA,0.01833551028136415
1464afc72f696af775557a821c2e253f,29,30,1513.78,4.241379310344827,3.4482758620689653,NOVA FRIBURGO,RJ,0.009846927617915602
14a08204d03bb6b6bde8029f801ae0eb,28,38,2779.1,3.892857142857143,0.0,SAO PAULO,SP,0.018077657614018715
14d7985702e72162bbf13b6beb74ab2b,37,38,4441.0,4.324324324324325,10.81081081081081,SANTO ANDRE,SP,0.02888808515845314
14ee35374a7876217954b5fa08e50463,6,6,923.05,4.333333333333333,16.666666666666664,SAO JOSE DO RIO PRETO,SP,0.006004311417588419
14f2b3587172b9db894c9bad8dab520b,2,2,330.06,2.5,0.0,IPE,RS,0.0021469942326951233
152ee17e4c8aaf53dac99f3462e4999b,6,6,404.93,4.333333333333333,0.0,GARUVA,SC,0.0026340131329007947
154bdf805377afea75a3bd158e9eab10,1,1,109.72,1.0,100.0,IBITINGA,SP,0.0007137132861034628
1554a68530182680ad5c8b042c3ab563,241,262,35376.75,4.322175732217573,6.224066390041494,MONTE SIAO,MG,0.23012082112796825
157c3e4b42f81ac4a44e8b1ca2fe9876,23,31,3131.82,3.6956521739130435,8.695652173913043,SAO PAULO,SP,0.02037205198400061
1588ac4010787100dddef64568f0ae35,3,3,645.97,3.0,0.0,MARINGA,PR,0.004201944690341359
15aac934c58d886785ac1b17953ea898,25,26,5019.6,4.24,12.0,MUQUI,ES,0.032651797401794955
15b3b1b81484422eb41df68ac87f1f50,1,1,56.04,1.0,0.0,BAURU,SP,0.00036453237835616165
15cd6eefe58588619aaed41dfa6621b1,16,18,2188.86,4.25,6.25,OURO PRETO,MG,0.014238228795300999
15ead3a5037a918ddb520dfe39a3d2b9,6,7,394.71999999999997,4.833333333333333,16.666666666666664,CONSELHEIRO LAFAIETE,MG,0.0025675985079361904
15fa791d5e017f66402dc28c44480657,8,8,1983.29,4.25,12.5,SAO PAULO,SP,0.012901024637223266
160851d3ece7aa1a510f8d1a4bb8a8af,2,2,141.14999999999998,5.0,0.0,GARCA,SP,0.0009181610493392613
16090f2ca825584b5a147ab24aa30c86,398,406,30984.02,4.088383838383838,8.040201005025125,ATIBAIA,SP,0.20154672558234973
160e4f13fd3a64b1b86807be88b5ffb0,4,4,980.45,4.25,0.0,COLOMBO,PR,0.006377690406125958
164a5a8794e6d42e14f55e447b12a3bc,1,1,136.76,5.0,0.0,GUAIRA,PR,0.00088960471206261
165b1235e9e9942cb5fae67103576fb0,11,16,2489.8,4.363636363636363,9.090909090909092,RIBEIRAO PRETO,SP,0.01619580149234781
165fc07beebdcb6190fba8a06db2a449,50,64,19081.43,3.8,8.0,MARINGA,PR,0.12412203890679183
1660ad786c27fd935378b6192a90b417,12,13,1818.28,4.583333333333333,8.333333333333332,SAO BERNARDO DO CAMPO,SP,0.011827657618084252
166e8f1381e09651983c38b1f6f91c11,2,2,109.0,5.0,0.0,IMBITUBA,SC,0.0007090297865956748
167fd940acebc789debd6eb418c46e38,5,5,1178.48,3.0,20.0,FRANCA,SP,0.007665847916580468
1690cada046eb7e92c12f98b1f8a8167,10,10,1992.91,4.9,10.0,SAO PAULO,SP,0.012963601394535656
16bdc8cefd0e32a6f0824d296c5ad14a,1,1,61.08,5.0,0.0,SP,SP,0.0003973168749106772
1703bc09972dab9782e7a9194943b69f,1,1,356.11,5.0,0.0,MINAS GERAIS,MG,0.002316445846831062
1710c3aaa9c6b44ec3883ee0fe300e21,2,2,1226.55,5.0,0.0,SAO CAETANO DO SUL,SP,0.007978536557329587
17306570e772e7718c92a562d33f5f1d,27,30,9415.91,3.7777777777777777,7.4074074074074066,BARIRI,SP,0.06124918034774386
173d56ffbd4c56cb80fc3615487d712b,2,2,397.61,5.0,0.0,SAO VICENTE,SP,0.002586397554571617
1746c1ae87ac63d530c7c943d0ac42e2,1,1,252.35,5.0,0.0,SANTANA DE PARNAIBA,SP,0.0016415015288753995
1771297ac436903d1dd6b0e9279aa505,28,36,3466.4300000000003,4.62962962962963,3.571428571428571,GUARULHOS,SP,0.02254864333164078
1782ce2db72c3dda627d5e7c898104e1,9,10,2218.17,4.333333333333333,11.11111111111111,TABOAO DA SERRA,SP,0.014428886254430534
17908cf9b444ee34047cadd5c0f4a516,11,11,2495.41,4.545454545454546,9.090909090909092,ANAPOLIS,GO,0.016232293759345987
17998cf586426bf0f2c3726cb0a4b211,2,2,115.52,4.0,0.0,BELO HORIZONTE,MG,0.0007514414765828657
179d859f51292aac5c10806a356f7af9,18,19,800.27,4.388888888888889,5.555555555555555,RIBEIRAO PIRES,SP,0.005205644654302025
17a053fcb14bd219540cbde0df490be0,124,148,49114.409999999996,4.254098360655738,5.64516129032258,MOGI GUACU,SP,0.31948238202818785
17ca9b9e9b9ef8fdb529001b49ebb50f,115,128,11998.82,4.069565217391304,0.8695652173913043,BETIM,MG,0.07805064939449463
17e34d8224d27a541263c4c64b11a56b,247,260,59530.49,4.253061224489796,7.6923076923076925,RIBERAO PRETO,SP,0.38723752862968763
17eea220a40cc0d2c0c5346379682398,3,3,951.98,3.6666666666666665,66.66666666666666,SAO PAULO,SP,0.00619249702975551
17f51e7198701186712e53a39c564617,56,61,57812.43,4.339285714285714,8.928571428571429,SAO PAULO,SP,0.37606178812364577
180c3376aff0e43dd5788709df48a843,5,10,4722.97,4.4,20.0,SAO PAULO,SP,0.030722260653190593
1835b56ce799e6a4dc4eddc053f04066,417,551,41628.28,3.6630434782608696,10.311750599520384,IBITINGA,SP,0.27078615123619265
1838dd9b8977065acf51d95e0053ea7a,62,65,3963.29,4.370967741935484,3.225806451612903,BELO HORIZONTE,MG,0.025780648283640115
184725737946a1a938bbbd1a9e978103,3,3,403.57000000000005,4.666666666666667,0.0,MAUA,SP,0.0026251665227194176
184a67a8f9f63234d3a92340bbdb727f,6,7,321.83,4.666666666666667,0.0,JOINVILLE,SC,0.002093459231376936
186cdd1b2df32caa72cfb410bba768d3,6,6,1609.73,5.0,0.0,RIO NEGRINHO,SC,0.010471068975932621
189ca3538ce9f920cacf0f982cbe223b,4,5,481.67,4.25,0.0,SAO PAULO,SP,0.0031331961221058597
18a349e75d307f4b4cc646a691ed4216,109,128,9315.87,3.6018518518518516,5.5045871559633035,SAO PAULO,SP,0.06059843411057844
18e694e0e48ed6f7aa3f24aade5fd697,31,34,1205.77,4.67741935483871,3.225806451612903,VARZEA PAULISTA,SP,0.007843365557646484
1900267e848ceeba8fa32d80c1a5f5a8,406,523,32679.54,3.8659147869674184,8.12807881773399,IBITINGA,SP,0.21257584653435616
191d55f7edb8524d525ed01b20fe32e8,3,3,812.8,2.3333333333333335,33.33333333333333,BRASILIA,DF,0.005287150555458389
1927cdb9fa74f5270097f6250e8e8f34,1,1,178.92000000000002,5.0,0.0,MARILIA,SP,0.0011638496276853041
19484c79cef6c062cb177aa4ef2fcc3c,1,1,212.06,1.0,100.0,VALINHOS,SP,0.0013794207022520993
1961c3e1272bfeceb05d0b78b5bbfdaf,2,3,696.01,4.5,0.0,GUARULHOS,SP,0.004527447906132621
1976a05ecf2996d6ffb7b5430e635fe7,8,9,2190.66,3.875,25.0,ASSIS,SP,0.014249937544070468
1987cd4be10fe09ee50454f9c354d1c6,14,16,3135.23,4.357142857142857,7.142857142857142,OURO FINO,MG,0.020394233558058326
198c7ea11960a9844b544d9bcdca860c,25,25,2225.38,3.88,8.0,JACUTINGA,MG,0.014475786298112688
1996942dc085d7773ba77a529b163cd0,9,9,2568.7999999999997,4.222222222222222,0.0,PRADOPOLIS,SP,0.016709685466118986
19a7c9f66ffa6452ff4b4c0cca71da27,1,1,338.74,5.0,0.0,ITAIPULANDIA,PR,0.0022034564212056783
19d62d484cba71963c93f0f00ab42013,1,1,162.59,4.0,0.0,GASPAR,SC,0.0010576252569045026
19e0f40a907ec568c34bfac15de4f4a1,4,4,219.62,5.0,0.0,AMERICANA,SP,0.0014285974470838725
1a3df491d1c4f1589fc2b934ada68bf2,160,171,26550.63,4.271875,3.75,JOINVILLE,SC,0.17270814241174975
1a8e2d9c38b84a9702ac7922924b0573,1,1,97.0,5.0,0.0,ARAQUARI,SC,0.0006309714614658757
1a932caad4f9d804097d7f8e615baed1,20,30,5701.45,3.9,15.0,SAO PAULO,SP,0.037087136484274405
1acde099eb406aa220b1169b188b42da,9,10,458.5,4.222222222222222,0.0,SAO PAULO,SP,0.002982478506001073
1b0b0f4f95e962d6f32fe90c759d0479,2,2,163.17000000000002,5.0,0.0,SAO PAULO,SP,0.001061398075952443
1b1ae47a313a825a7ccceb8e2e30fa9d,10,10,2413.37,4.222222222222222,0.0,BOCAIUVA DO SUL,PR,0.015698635009875263
1b45169b635ef59425637e9a33eb5fb3,7,8,419.35,4.571428571428571,0.0,MARINGA,PR,0.0027278132202651034
1b4b28463457a256e9a784ebe2a8f630,1,1,715.3399999999999,1.0,100.0,PIRACICABA,SP,0.004653186858195871
1b4c3a6f53068f0b6944d2d005c9fc89,111,115,17396.99,4.254545454545455,4.504504504504505,SAO LUDGERO,SC,0.11316499180832193
1b61fb1f0f2185d89e9a126c498e9cc7,1,1,65.81,5.0,0.0,MARINGA,PR,0.00042808486473267307
1b65c144b17e607c0f37f10bb7dfec8d,5,5,1254.35,2.0,0.0,RIO DO SUL,SC,0.00815937167721362
1b7e5006cb25dd23ce8686691013b121,11,11,2785.96,4.363636363636363,18.181818181818183,SAO PAULO,SP,0.018122280956551252
1b8356dabde1d35e17cef975c3f82730,55,60,4336.63,4.218181818181818,1.8181818181818181,SAO PAULO,SP,0.02820917287563671
1b8b75e227c9a9c100d0c210fb6176ce,15,15,1648.49,3.933333333333333,6.666666666666667,SAO PAULO,SP,0.010723197366101871
1b938a7ec6ac5061a66a3766e0e75f90,29,31,4719.45,4.413793103448276,0.0,PENAPOLIS,SP,0.03069936354448585
1bb2bdb95f4841f1bba2c0d2cd83d3c9,79,83,6023.93,4.628205128205129,6.329113924050633,SAO PAULO,SP,0.039184823874929206
1bb3812d5f0747a3ab7348f199001a10,9,9,1049.57,4.888888888888889,0.0,SAO PAULO,SP,0.0068273063588736
1bc2e21de46adfea6b98cc96b00f3b40,3,5,1142.55,3.3333333333333335,0.0,JOINVILLE,SC,0.007432128281420994
1c129092bf23f28a5930387c980c0dfc,200,219,12550.189999999999,4.251256281407035,4.5,SAO PAULO,SP,0.08163723428839607
1c40343cc5d18c2d8248ac2f3366de34,21,22,2839.42,4.619047619047619,9.523809523809524,LIMEIRA,SP,0.018470030795004505
1c56ffe0e9dea2657fc6e95b53f40b13,3,3,267.39,4.333333333333333,0.0,SAO CARLOS,SP,0.0017393346297047475
1c5e4e49b9079480255b49d50aac1aa9,12,12,11062.72,4.333333333333333,0.0,SANTOS,SP,0.07196144954832756
1c68394e931a64f90ea236c5ea590300,142,171,27729.16,3.9049295774647885,3.5211267605633805,SARANDI,PR,0.18037431557135158
1c742ac33582852aaf3bcfbf5893abcf,1,1,113.69,5.0,0.0,BELO HORIZONTE,MG,0.0007395375820005713
1c83418358f249c9d6affa52d579db0e,1,1,39.42,5.0,0.0,SAO PAULO,SP,0.00025642159805138994
1ca4bdb0cd7fc48e949bac066188ed26,3,3,1503.4499999999998,5.0,33.33333333333333,CATAGUASES,MG,0.009779732409699699
1ca7077d890b907f89be8c954a02686a,108,127,13996.65,2.392523364485981,16.666666666666664,SANTANA DE PARNAIBA,SP,0.0910462547023335
1caf283236cd69af44cbc09a0a1e7d32,33,37,1530.25,4.606060606060606,9.090909090909092,NOVA IGUACU,RJ,0.009954062669156253
1cbcd2ee0afb3fc09963b87eb65e7e4f,1,3,130.64999999999998,5.0,0.0,CURITIBA,PR,0.0008498600148506871
1cbd32d00d01bb8087a5eb088612fd9c,11,12,1289.53,4.181818181818182,9.090909090909092,SP / SP,SP,0.008388212667052482
1cbd50a8c52e6cf8e315c5709fab386f,9,9,1006.6600000000001,3.7777777777777777,11.11111111111111,FAZENDA RIO GRANDE,PR,0.006548182797930295
1cbdc7cf130a41fd13a3c2a7d2fcfda7,2,2,225.61,5.0,0.0,LAMBARI,MG,0.0014675615610444974
1cd9e0cc1839d55516843def5600816d,5,5,926.72,5.0,0.0,SAO PAULO,SP,0.006028184255357283
1ce3ae5a399804d1a87e706f8a813c3e,40,44,3416.69,3.75,7.5,JAGUARUNA,SC,0.022225091573977764
1d0646a72178a6fb37ee8082140e06ec,2,2,97.62,5.0,0.0,JOINVILLE,SC,0.0006350044749309154
1d0997ff06b524ce9289ffd75114ecd3,3,3,3873.57,3.6666666666666665,33.33333333333333,RECIFE,PE,0.025197032206086312
1d139e3a3b14025640d8df1b230aace0,2,2,71.18,3.5,0.0,BARRINHA,SP,0.0004630159652282582
1d1bbb8ac1581824986f582583fff01d,4,4,226.47,3.5,25.0,INDAIAL,SC,0.0014731557410121328
1d2732ef8321502ee8488e8bed1ab8cd,4,5,1228.1799999999998,3.0,25.0,RIO DE JANEIRO,RJ,0.007989139479826383
1d29dfba02015238dfbe2449a5eaa361,12,12,789.92,4.5,8.333333333333332,VICOSA,MG,0.005138319348877572
1d4587203296c8f4ad134dc286fa6db0,40,41,2941.91,4.35,2.5,SAO PAULO,SP,0.01913671394021726
1d503743d2526f03f0c2c89540ee008c,12,17,720.53,3.9166666666666665,8.333333333333332,SAO PAULO,SP,0.0046869470838145095
1d8dbc4f32378d715c717c1c1fc57bae,91,97,13291.14,4.056179775280899,8.791208791208792,ARAPONGAS,PR,0.0864570106221398
1d953075c2f0dd990bacf27b83b330f1,1,1,78.32,5.0,0.0,BELO HORIZONTE,MG,0.0005094606686804886
1da366cade6d8276e7d8beea7af5d4bf,42,48,8036.599999999999,3.975609756097561,7.142857142857142,UBA,MG,0.05227696131151193
1da3aeb70d7989d1e6d9b0e887f97c23,261,324,12867.08,4.165384615384616,4.597701149425287,SAO PAULO,SP,0.08369855950926125
1dc2de47ee26a0a5b12dc14fd6dc0dea,25,27,2287.5,4.56,4.0,IBITINGA,SP,0.014879868227867948
1dcfa3835714681d4ba4a93bc1e0fd41,12,14,1483.48,4.2727272727272725,0.0,BIRIGUI,SP,0.00964983034696286
1dd33b8119b3cb1056ed5dc88cd0aaf4,8,8,1641.74,3.75,12.5,SAO PAULO,SP,0.01067928955821636
1de62b6f2fd96227629786db492433db,2,2,237.53,5.0,0.0,SP,SP,0.0015450994973400978
1dfe5347016252a7884b694d4f10f5c4,20,26,2052.54,3.4,25.0,IBITINGA,SP,0.01335148622182648
1e26c56af8d48424e1df0140a2401f83,2,2,292.39,5.0,0.0,JAGUARIUNA,SP,0.001901956140391829
1e47d8b6546eb3a77b1acddcc9406242,1,1,166.71,1.0,0.0,CAMPINAS,SP,0.0010844252818657336
1e47defeeadeca0e9a18fa5a9311e735,3,3,291.62,5.0,0.0,CATANDUVA,SP,0.001896947397862667
1e483cc5c76fef08d3ca05f9a8af7d01,9,10,268.37,4.444444444444445,0.0,SAO PAULO,SP,0.0017457093929236815
1e8b33f18b4f7598d87f5cbee2282cc2,122,139,19924.07,4.4,3.278688524590164,SAO PAULO,SP,0.12960329449740632
1e8c6a4c538f286aee9573239740a4b4,5,5,446.82,3.8,0.0,ITATIBA,SP,0.002906501736208068
1e9d5a33694bddb76316fd1f54734d20,2,2,468.94,4.5,0.0,JACIARA,MT,0.0030503892488639977
1eade46fba20122dc4aefb379f8c636b,58,75,4673.71,4.431034482758621,12.068965517241379,SAO PAULO,SP,0.030401831228532766
1f1bb1f0859883505541bdd6606193e5,27,29,16562.87,4.333333333333333,11.11111111111111,SAO PAULO,SP,0.10773915762854959
1f2eebc0e970fd3c463e4f5d9652687a,1,1,53.47,5.0,100.0,SAO PAULO,SP,0.00034781488705752964
1f50f920176fa81dab994f9023523100,1399,1926,141712.94,4.140602582496413,8.863473909935667,SAO JOSE DO RIO PRETO,SP,0.921822895468309
1f7dfad2cb384ea4d2d7e1ffbd78c407,1,1,57.29,1.0,0.0,SAO PAULO,SP,0.0003726634538905157
1f7fd2a6fcd5a6fa5d8a4dabc72aaae0,3,3,632.68,5.0,0.0,VENANCIO AIRES,RS,0.004115495095260106
1f867308a0ce13133a4e639ff4de0c02,7,13,1084.92,4.142857142857143,0.0,CURITIBA,PR,0.007057253174985134
1f9ab4708f3056ede07124aad39a2554,76,77,15692.65,4.093333333333334,5.263157894736842,TUPA,SP,0.10207849798734511
1fa2d3def6adfa70e58c276bb64fe5bb,1,1,15.9,1.0,0.0,SAO PAULO,SP,0.00010342728079698377
1fbe10c70e30765ed1de86d9f7e98409,2,6,158.10999999999999,2.5,0.0,MAUA,SP,0.0010284834821893776
1fdc574883ef3b33ad41562d93f3a74a,18,18,4524.27,4.444444444444445,5.555555555555555,LIMEIRA,SP,0.02942974488624967
1fe5540d7c1c37a595fefbacd5570d9e,20,25,5118.75,4.3,5.0,PARAIBA DO SUL,RJ,0.03329675431317991
1fe61aa5494bd3ae92a2c13e067c810f,1,2,638.5799999999999,4.0,0.0,SANTA CECILIA,SC,0.004153873771782257
2009a095de2a2a41626f6c6d7722678d,8,12,582.43,4.375,0.0,SAO JOSE DO RIO PRETO,SP,0.0037886258587790725
2039c5e51785b5dde7cf93ccb3b7be2c,1,1,173.68,5.0,0.0,GUAIRA,SP,0.0011297641590452918
204b4e07bddef3c9b317f70189135b22,1,1,88.13000000000001,5.0,0.0,BORDA DA MATA,MG,0.0005732733494740994
2059c39f76271d4ca3f15b5ffaccc8b8,12,12,791.29,4.5,0.0,CURITIBA,PR,0.005147231007663225
20611af7866c6068fd5ae1f9dbe15c92,2,2,334.3,4.5,0.0,PORTO FERREIRA,SP,0.0021745748409076524
2063dd1b9f568df1c16741ea7d3e6adb,3,3,820.27,5.0,0.0,GUARAPUAVA,PR,0.00533574186285169
2075d8cd4dd63ff12df0749a5866bb06,3,3,242.23000000000002,5.0,0.0,CURITIBA,PR,0.001575672341349269
2089a6d640999f9b9141ac719b2af596,41,41,8316.63,3.926829268292683,12.195121951219512,SAO CARLOS,SP,0.05409851737702006
20a7efa9721046319bdde5d60b6b5365,3,6,596.59,5.0,0.0,LAGUNA,SP,0.0038807346824322356
20a8b0dc55da94fe74d112082427c84f,7,7,531.38,4.285714285714286,14.285714285714285,ITU,SP,0.003456552733956052
20b54c376b794ed028df09a3cd88e8dc,7,7,1042.07,3.7142857142857144,28.57142857142857,SAO CAETANO DO SUL,SP,0.006778519905667475
20cb7c2fde3e5bf10f0bbe7394e1c6a9,31,50,1625.1499999999999,4.096774193548387,9.67741935483871,ANDIRA-PR,PR,0.010571373923724411
20d53aad4fe5ee93a64f8839609d3586,1,1,26.98,1.0,100.0,SANTA RITA DO SAPUCAI,MG,0.00017550113433349824
20d83f3ef0e6925fd74bfd59170babf7,40,54,3557.21,4.4,5.0,SAO PAULO,SP,0.02313915456124771
20f0aeea30bc3b8c4420be8ced4226c0,1,1,29.42,,100.0,SANTA BARBARA D'OESTE,SP,0.0001913729937765574
2138ccb85b11a4ec1e37afbd1c8eda1f,386,417,17912.48,3.9506493506493507,4.66321243523316,SAO PAULO,SP,0.11651818231008526
213b25e6f54661939f11710a6fddb871,152,190,18486.96,3.814569536423841,6.578947368421052,SALTO,SP,0.12025509452846585
213fafb0ca06fb3d5886579c2565791b,3,3,216.86,2.3333333333333335,0.0,SETE LAGOAS,MG,0.001410644032304019
2156f2671501a81034d7d07f217609d0,21,21,3302.99,4.0,14.285714285714285,SP,SP,0.02148548894337292
217f005bb37ff3aeef5b2ae1788e75ba,2,2,80.13,4.5,0.0,OSASCO,SP,0.0005212344660542333
218d46b86c1881d022bce9c68a7d4b15,382,420,61162.94,4.185526315789474,8.638743455497382,RIBEIRAO PRETO,SP,0.3978563880345327
218f991754f360af9c2daa5e0b8e990c,14,17,3819.54,3.642857142857143,14.285714285714285,SAO PAULO,SP,0.02484557459718939
2199e7fe213c16213bf5d6a7eadc9a5d,24,30,4309.1,4.375,4.166666666666666,REGISTRO,SP,0.0280300940680681
21c62b998a043ebe31161d38f84929fc,4,4,841.33,4.5,0.0,FORTALEZA,CE,0.0054727342234544875
21d59342ba150175ca2aa4f8faddeca6,2,2,334.29,4.5,0.0,ITAQUAQUECETUBA,SP,0.0021745097923033777
21e83881401b92b49fb09a16d3852291,12,13,3606.09,4.833333333333333,0.0,UBERLANDIA,MG,0.023457112138943095
2235cf78d3e2073a88146a9cb60f0dd0,1,1,204.76000000000002,5.0,0.0,SAO PAULO,SP,0.0013319352211314714
226b05fe067266c59c15dae208213d06,10,11,1245.58,4.5,0.0,CURITIBA,PR,0.008102324051264593
228e4c1a0be164f613d41c24345f9d2c,5,5,769.44,5.0,0.0,BANDEIRANTES,PR,0.005005099807322716
229c3efbfb0ea2058de4ccdfbc3d784a,117,144,17684.13,3.646551724137931,1.7094017094017095,BELO HORIZONTE,MG,0.11503279743146948
22a23e5ac7061fc538cc2a019afaaf16,1,1,109.42,3.0,0.0,BELO HORIZONTE,MG,0.0007117618279752178
22c32ec35d0116ef02c281798a25bf8b,4,6,210.01,3.75,0.0,MARINGA,PR,0.0013660857383757585
2305ab43e846518f58dd9d59f3f54e96,3,3,831.26,3.6666666666666665,0.0,SAO PAULO,SP,0.005407230278949731
232a6014e7b10cba61c6c2b2ea6bb4b0,32,35,5017.04,4.15625,3.125,CAFELANDIA,SP,0.032635144959100595
23613d49c3ac2bd302259e55c06c050c,68,78,6196.72,3.8507462686567164,8.823529411764707,PORTO FERREIRA,SP,0.040308798708194045
236585a4ddb5fea9fa40233e2249ed91,11,11,837.67,4.090909090909091,9.090909090909092,CAXIAS DO SUL,RS,0.005448926434289898
2379bdc3888025689a9deb7b141507d5,9,9,1125.61,4.333333333333333,22.22222222222222,MOGI MIRIM,SP,0.007321935945779426
238fac594e170b59c6d228f5a4f4f1d9,29,30,4545.5199999999995,4.0,10.344827586206897,DOIS CORREGOS,SP,0.029567973170333682
23a0ffca143a15b9b5bbdb7d552f626a,23,24,4304.28,3.9130434782608696,13.043478260869565,SAO PEDRO,SP,0.027998740640807623
23c38debaffe4a25a30fdbd9b586a13f,41,46,6216.5599999999995,4.317073170731708,12.195121951219512,VOTORANTIM,SP,0.0404378551390753
23ca5f678e0b3ea6c630b30fa8bf51ea,6,7,279.39,5.0,0.0,SAO PAULO,SP,0.0018173929548345466
23d7c96d4a1160db1c726b248601b25a,50,52,11947.17,3.9270833333333335,10.0,CAPIVARI,SP,0.07771467335341511
23ff42c4bf1f8f16cddb19d8b972974a,2,3,227.67000000000002,4.0,0.0,ITAU DE MINAS,MG,0.001480961573525113
240b9776d844d37535668549a396af32,35,35,14171.65,4.3428571428571425,2.857142857142857,NITEROI,RJ,0.09218460527714308
244b04680fdbded0acf5aebd9c92b44a,2,2,1788.7900000000002,1.0,50.0,JUNDIAI,SP,0.011635829284077774
244c2f1bff6afe1f2eaf9bfe9b2aed38,23,27,3794.87,3.782608695652174,8.695652173913043,MOGI DAS CRUZES,SP,0.024685099690443378
247587846358bb1d2e4c6522020b36fe,1,1,121.51,5.0,0.0,SAO JOSE DO RIO PRETO,SP,0.0007904055905434905
2493dc3f20131696a0ecdb9948051a8d,4,4,575.0699999999999,4.75,0.0,BRASILIA,DF,0.003740750086032795
249f0e9905a6e06ad6c6bea7547ab9f6,3,3,386.99,3.6666666666666665,0.0,RIO DE JANEIRO,RJ,0.002517315936831745
24a6daf925d9d591870a66660416de31,2,2,90.08000000000001,4.5,0.0,ROBEIRAO PRETO,SP,0.0005859578273076918
24c1de8d9551c0b4fbc53317d53efda8,1,1,412.12,5.0,0.0,SERRA REDONDA,PB,0.0026807830793743994
2528513dd95219a6013d4d05176e391a,160,166,36400.97,3.968152866242038,3.75,OSASCO,SP,0.23678322927500514
2528744c5ef5d955adc318720a94d2e7,5,5,6508.7,2.4,0.0,JUNDIAI,SP,0.04233818506436027
252e76235acb79183cfca6e34f13337d,3,4,321.77,3.3333333333333335,0.0,CAMPINAS,SP,0.0020930689397512868
253c025bab43881055aeecde5e2d8b77,2,2,124.33,4.5,50.0,CURITIBA,PR,0.0008087492969489932
253f95b3a0e6983ae18aed49fbc2b845,5,5,890.94,4.4,0.0,SAO PAULO,SP,0.0057954403492619325
257e61d3251fb5efb9daadddbc2cf7ca,12,12,8806.18,4.75,0.0,APUCARANA,PR,0.0572829717992945
258447aad3f7b01e2643c89f64dc5647,1,1,71.45,5.0,0.0,CIANORTE,PR,0.00046477227754367865
259f7b5e6e482c230e5bfaa670b6bb8f,136,162,11087.42,4.355555555555555,1.4705882352941175,POA,SP,0.0721221196008864
25be943a321c8938947bdaabca979a90,3,3,574.63,4.333333333333333,0.0,SAO BERNARDO DO CAMPO,SP,0.003737887947444703
25c5c91f63607446a97b143d2d535d31,156,266,61154.7,3.832258064516129,7.051282051282051,ITAUNA,MG,0.3978027879846103
25cf099de44674fde97473224f9d59ab,50,50,2359.55,4.326530612244898,4.0,COTIA,SP,0.015348543421668116
25debeafbce801fdd479539350185eee,5,6,324.97,3.0,0.0,IGARACU DO TIETE,SP,0.0021138844931192337
25e47381a6c510ddeb36084e33b89f0c,16,17,1571.71,4.25,0.0,PRAIA GRANDE,SP,0.010223754182479708
25e6ffe976bd75618accfe16cefcbd0d,105,114,13140.57,4.438095238095238,2.857142857142857,SAO PAULO,SP,0.08547757378757365
262237171f48e85819065498cac80d7b,4,10,749.0,4.25,0.0,BRUSQUE,SC,0.004872140460184958
2646baaf662d4d92ac48f047e35db92d,15,18,1549.3899999999999,4.466666666666667,6.666666666666667,SAO PAULO,SP,0.010078565697738281
26562f211dd1364af2a8596dc945e8ae,2,2,115.11,5.0,0.0,SAO BERNARDO DO CAMPO,SP,0.0007487744838075975
265fdc289dffa9f1ad801c74f7d0de47,1,1,546.55,5.0,0.0,JACI,SP,0.003555231466640973
26785a546900236d66f2e4197c211158,15,15,1244.65,4.666666666666667,0.0,SAO PAULO,SP,0.008096274531067035
269c5fc9fcadee614364c3620c30a1f9,3,6,254.71999999999997,5.0,0.0,GUARULHOS,SP,0.0016569180480885347
269cff2d3c8d205c11f37a52402ea93b,4,5,1415.0,4.5,0.0,CATANDUVA,SP,0.009204377504888806
26af45f5dfd967225a832838aa4e24a3,10,11,771.61,4.1,0.0,CURITIBA,PR,0.005019215354450355
26b482dccfa29bd2e40703ba45523702,3,4,412.41,5.0,0.0,SANTA BARBARA D OESTE,SP,0.0026826694888983696
26bad72add1f86e08a776ce4ffdaf1ca,7,7,745.9200000000001,4.428571428571429,0.0,PEDREGULHO,SP,0.00485210549006831
26d6bbee02420494d471c9f6436929c0,12,13,681.6999999999999,4.666666666666667,0.0,CURITIBA,PR,0.0044343633534153345
26d8a1c7c75d513045798992ead43aa2,34,36,6590.46,4.411764705882353,8.823529411764707,APUCARANA,PR,0.0428700224529113
26e13b6ff5b641b329e5524241ee2c93,4,4,189.68,4.0,0.0,FRANCA,SP,0.001233841925885024
26e2c91ef821e1ff8985f408788fe35b,12,14,1923.8700000000001,3.0,41.66666666666667,IBITINGA,SP,0.01251450583062221
26e2e5033827d2ba53929f43e03d8ffe,1,1,154.78,5.0,0.0,SAO PAULO,SP,0.0010068222969658583
26f6b7ab07be3e9e69ce82a6552efc19,2,2,80.75,3.0,50.0,RIO DE JANEIRO,RJ,0.0005252674795192729
270297ead4c65a6cd2593960d2af6b21,17,19,9881.76,3.823529411764706,0.0,SAO PAULO,SP,0.06427946957788694
270572bb714b00531be85e16e1550f26,1,1,111.75999999999999,5.0,0.0,MAUA,SP,0.0007269832013755286
2709af9587499e95e803a6498a5a56e9,25,46,1730.29,3.9583333333333335,12.0,SAO PAULO,SP,0.011255294949070002
270d3ef21830ad0ecf3a6c53d08a533a,5,17,688.61,2.6,0.0,CARAPICUIBA,SP,0.004479311938969244
271b8923c6a549e02d3c9fd1f8c0422b,1,1,118.59,4.0,100.0,PRAIA GRANDE,SP,0.0007714113980952393
271c58a1d139c45eaf3316107c6d3a3b,27,27,4232.55,4.185185185185185,7.4074074074074066,SAO PAULO,SP,0.027532147002344257
272f092de69afedd4d2969440b37f18f,25,39,2374.46,3.9375,0.0,SAO PAULO,SP,0.01544553089064189
2745f798279e0ed033addcc1474776d7,32,32,4364.99,3.967741935483871,9.375,SAO PAULO,SP,0.028393650717360133
276677b5d08786d5dce7c2149dcce48b,31,45,4189.45,4.032258064516129,6.451612903225806,BELO HORIZONTE,MG,0.027251787517919724
27a56ff04b34c2ba34ce6ba4d3b9d616,8,8,452.27,4.125,12.5,CAMPINAS,SP,0.002941953225537852
282c7480173bb9c01dd41cc739fec010,5,8,4466.3099999999995,4.0,20.0,SAO PAULO,SP,0.029052723175872736
282f23a9769b2690c5dda22e316f9941,98,109,8331.05,4.36734693877551,4.081632653061225,BELO HORIZONTE,MG,0.05419231746438437
28405831a29823802aa22c084cfd0649,6,6,282.83,4.5,0.0,SAO PAULO,SP,0.0018397696747050889
28872dc528e978a639754bc8c2ce5a4c,1,1,1038.9,5.0,0.0,CAXIAS DO SUL,RS,0.006757899498112355
289cdb325fb7e7f891c38608bf9e0962,109,125,15486.07,4.587155963302752,1.834862385321101,BELO HORIZONTE,SP,0.10073472392023561
28a26ebce31d5918b181ede016fd693b,1,1,47.04,5.0,0.0,BELO HORIZONTE,MG,0.00030598863450881234
28c7d8743fbc8679f484868cc0fcaefb,3,3,270.36,5.0,0.0,ITAPORANGA,SP,0.001758654065174373
28d162ab86bb49d719c32f0ee6186eaa,1,1,127.19999999999999,4.0,0.0,RIBEIRAO PRETO,SP,0.0008274182463758701
28ea411b354f14b1a494be4e79f0ce02,6,6,896.9300000000001,4.666666666666667,0.0,SAO PAULO,SP,0.005834404463222557
28f10b1c5e5abb9d4857745bede6147c,28,28,1185.42,4.0,14.285714285714285,SAO PAULO,SP,0.007710991647947201
28fb0829fd777877cdc350d25cb5bd5b,2,2,321.88,5.0,0.0,SAO JOSE DO RIO PRET,SP,0.00209378447439831
293dee954235e4e4e43f129313625ebe,8,8,2019.22,5.0,0.0,BRASILIA,DF,0.013134744272382738
2953ce3a88f5e3c3b696d77fc9e4c8eb,14,15,631.32,4.642857142857143,7.142857142857142,SAO PAULO,SP,0.004106648485078729
296729ffb9b684050dd24836dac4494a,2,2,149.61,5.0,0.0,CURITIBA,SP,0.0009731921685557699
297d5eccd19fa9a83b2630071ff105e4,8,8,976.73,5.0,0.0,CURITIBA,PR,0.006353492325335721
299c89a525fee36c567f4fe72f038100,1,1,242.67000000000002,3.0,0.0,VARZEA ALEGRE,CE,0.001578534479937362
29c322e3f09f886f8bacbe91dfbd979e,1,2,105.57,5.0,0.0,SANTA MARIA,RS,0.0006867181153294073
29e6e05b65f93bc224c644319dc52ecf,4,4,558.9200000000001,4.75,0.0,JUIZ DE FORA,MG,0.0036356965901289413
29fe9f200d3fa0c668d2aa1ec7e08dfb,5,5,514.16,4.0,0.0,BALNEARIO CAMBORIU,SC,0.0033445390373947905
2a1348e9addc1af5aaa619b1a3679d6b,48,51,3424.77,3.1702127659574466,27.083333333333332,BELO HORIZONTE,MG,0.022277650846231827
2a167ca73899c85001a837d8fb4962f6,2,3,4197.62,4.5,0.0,SAO PAULO,SP,0.02730493222761226
2a261b5b644fa05f4f2700eb93544f2c,51,82,7396.7300000000005,3.8627450980392157,15.686274509803921,PORTO FERREIRA,SP,0.048114696269778226
2a50b7ee5aebecc6fd0ff9784a4747d6,1,2,264.24,1.0,100.0,BRASILIA,DF,0.0017188443193581755
2a5b78b41cd05baeac8df54c6606b92c,46,56,16575.47,4.543478260869565,2.1739130434782608,FORMIGA,MG,0.10782111886993588
2a61c271b1ac763450d846849783e922,17,22,1969.04,4.117647058823529,17.647058823529413,SANTO ANDRE,SP,0.012808330376131629
2a6fbeaa7ab9e5d59a35841a8da71ce4,30,30,2265.28,3.9310344827586206,6.666666666666667,JARAGUA DO SUL,SC,0.01473533022916927
2a73cba571d90c694b7caca072ccf6ce,1,2,381.47999999999996,5.0,0.0,SAO CAETANO DO SUL,SP,0.002481474155876312
2a7c6c0b0d5efde2bf75ec1e1cec2d41,3,3,192.04,3.3333333333333335,0.0,MARINGA,PR,0.0012491933964938842
2a7dc43cecabf23403078e2188437d1d,52,54,5629.62,4.096153846153846,5.769230769230769,SAO PAULO,SP,0.036619892359768286
2a84855fd20af891be03bc5924d2b453,155,159,18265.72,4.376623376623376,2.5806451612903225,BELO HORIZONTE,MG,0.11881595920748945
2aa3443d7bf9d9bb11133f420d75e083,10,10,781.12,3.0,20.0,RIO DE JANEIRO,RJ,0.005081076577115721
2aafae69bf4c41fbd94053d9413e87ee,2,2,123.87,4.5,0.0,PORTO ALEGRE,RS,0.0008057570611523509
2addf05f476d0637864454e93ba673d5,12,12,4877.64,5.0,0.0,BRASILIA,DF,0.031728367415509426
2b03ac196f5ed62ac483960fe0fa3b65,7,7,935.19,4.142857142857143,14.285714285714285,SAO PAULO,SP,0.006083280423178066
2b1a40c1daabc6ca280c4b815c101841,22,33,14175.74,3.8181818181818183,4.545454545454546,DIVINOPOLIS,MG,0.09221121015629148
2b2fed75b8e5ea3a052fc4c0825da485,3,4,570.83,5.0,0.0,JUIZ DE FORA,MG,0.003713169477820267
2b3b9ce054da76a7428df143a567b156,5,6,363.28000000000003,3.6,0.0,SAO PAULO,SP,0.0023630856960961174
2b3e4a2a3ea8e01938cabda2a3e5cc79,52,54,24535.1,4.365384615384615,0.0,SAO PAULO,SP,0.15959740107434442
2b402d5dc42554061f8ea98d1916f148,1,1,363.78999999999996,5.0,0.0,IRECE,BA,0.0023664031749141335
2b5ed0c9139dae8883a200dfcb272ece,4,4,144.75,4.25,25.0,SAO PAULO,SP,0.0009415785468782012
2ba91c7ad80ff88b23b7db823b43c233,6,6,840.33,3.8333333333333335,16.666666666666664,ITU,SP,0.005466229363027004
2bd05d410a8fd26dc4184a15f4f2f588,6,7,1515.27,5.0,0.0,BELO HORIZONTE,MG,0.009856619859952552
2bdb95a56a36ebbc6640337ac5eac174,1,1,107.9,5.0,0.0,SAO PAULO,SP,0.0007018744401254434
2be17df1c49978426251562096c3cc09,16,16,2477.55,4.1875,6.25,TUBARAO,SC,0.016116116952111143
2bf28e311bba65237358230cabac3f15,7,8,477.88,3.7142857142857144,28.57142857142857,LONDRINA,PR,0.0031085427010856983
2bf6a2c1e71bbd29a4ad64e6d3c3629f,30,31,51629.49,4.166666666666667,6.666666666666667,NOVA FRIBURGO,RJ,0.33584262639214246
2c00c85d30361cd2ced2969cffbbffa3,1,1,57.51,5.0,0.0,BELO HORIZONTE,MG,0.000374094523184562
2c2c9832d1bb38c5b0034a3b47d313ee,1,1,68.35,3.0,0.0,SANTA MARIA,RS,0.0004446072102184805
2c3d56f92f360fb89d849b84e8f50eae,7,7,536.86,3.4285714285714284,14.285714285714285,BARUERI,SP,0.0034921993690986606
2c43fb513632d29b3b58df74816f1b06,3,3,930.17,3.6666666666666665,0.0,BELO HORIZONTE,MG,0.006050626023832099
2c4c47cb51acd5ea5db5e0ae0e26542a,12,15,2917.37,4.666666666666667,0.0,BURITAMA,SP,0.018977084665326823
2c538755f1ca9540af144f266e70df6c,1,1,359.91,5.0,0.0,CASTRO PIRES,MG,0.0023411643164554987
2c54051840f19eca309a5423cf22df36,2,2,52.269999999999996,4.5,0.0,CURITIBA,PR,0.00034000905454454976
2c9005d8043aff18b8557ffb7b13cda4,1,1,129.64000000000001,5.0,0.0,CACHOEIRO DE ITAPEMIRIM,ES,0.0008432901058189293
2c9e548be18521d1c43cde1c582c6de8,124,171,8470.09,4.131147540983607,15.32258064516129,MOGI DAS CRUZES,SP,0.05509675325822165
2cb4700db635baa1c0d4f90ed27b6669,2,2,228.72000000000003,2.0,0.0,CURITIBA,PR,0.0014877916769739704
2cb6eb1b7185064167657fa09f541105,6,7,1382.68,4.5,0.0,SABARA,MG,0.00899414041587255
2cb98e27ce1c18abdb42209b34c382a7,1,1,119.7,4.0,0.0,RIBEIRAO PRETO,SP,0.0007786317931697456
2d20f1cd18725c91147da0791d498022,1,1,119.69,5.0,0.0,LONDRINA,PR,0.0007785667445654709
2d22fc3089eb907b29ebff50581fb472,3,3,377.39,3.6666666666666665,0.0,MACAE,RJ,0.002454869276727906
2d2322d842118867781fc737e96d59a1,8,10,281.37,4.875,12.5,SAO PAULO,SP,0.0018302725784809638
2d2c62bef4c8ba0dd74e0e228e808539,16,16,4230.4800000000005,4.125,12.5,RIBEIRAO PRETO,SP,0.02751868194125937
2d34636518ba88f5349b732fcf8ba2e4,1,1,168.63,5.0,0.0,SAO PAULO,SP,0.0010969146138865014
2d378dbb39815785238c0139c7647fb7,2,2,1454.44,5.0,0.0,SAO FRANCISCO DO SUL,SC,0.009460929200148746
2d42ebcda99fd55f6f4bc2f1ca035d50,10,11,1203.97,4.3,0.0,URUACU,GO,0.007831656808877015
2d50d6282f8aa2257819a77bfaa0efe0,42,43,3762.65,3.8095238095238093,9.523809523809524,IBITINGA,SP,0.02447551308746987
2d518637f53161b973e01f56ea4bb88e,13,13,1539.7,4.923076923076923,0.0,SAO PAULO,SP,0.01001553360019597
2d8cfba3fcd3170555941605edaa196a,1,1,55.96,5.0,0.0,OSASCO,SP,0.000364011989521963
2d9e8987a2ea5cf88dce330249043ff1,2,2,344.17,4.5,0.0,JACI,SP,0.002238777813326912
2dcf93836ae3ce0d7c93e2f10876467a,9,12,1622.44,4.111111111111111,22.22222222222222,SAO JOSE DOS CAMPOS,SP,0.010553745751965934
2dd1fb6f0e42a2243b8a01e40cd41216,3,4,767.3199999999999,3.6666666666666665,0.0,CURITIBA,PR,0.004991309503216451
2dee2ce60de9709b1a24083217181a1f,54,55,9844.56,4.425925925925926,1.8518518518518516,SINOP,MT,0.06403748876998455
2e0dba2da448400b1c11d7b4b22f32a4,7,13,407.70000000000005,3.142857142857143,0.0,SANTO ANDRE,SP,0.0026520315962849234
2e13c71026e1a39ba5cc1b86dcb679aa,24,28,4310.21,4.375,4.166666666666666,SAO PAULO,SP,0.0280373144631426
2e1a7d075abe038c1b2743005fe42ff1,18,22,1711.69,4.222222222222222,16.666666666666664,SAO PAULO,SP,0.011134304545118814
2e1c9f22be269ef4643f826c9e650a52,161,167,14491.52,4.24375,6.211180124223603,SAO PAULO,SP,0.09426531498208215
2e2f44824ab87a0cb961f68bf4073e7f,1,1,65.93,2.0,0.0,CURITIBA,PR,0.0004288654479839711
2e3be8a987a30d7544dbbda6861cc14e,14,15,2750.91,3.7857142857142856,7.142857142857142,BELO HORIZONTE,MG,0.017894285598567962
2e7ea2aafec5835e781b21d6d1faf1f1,7,7,646.62,4.5,14.285714285714285,SAO PAULO,SP,0.004206172849619222
2e90cb1677d35cfe24eef47d441b7c87,127,137,16782.16,4.118110236220472,12.598425196850393,SAO PAULO,SP,0.10916560847169239
2ea0861cc19e94cad86438c984c52da4,6,6,228.05,3.3333333333333335,0.0,SAO PAULO,SP,0.0014834334204875564
2eb70248d66e0e3ef83659f71b244378,187,197,42046.73,2.7907608695652173,11.229946524064172,CAMPINAS,SP,0.27350811008207304
2ec6e37d992a95eaddb3369dcbcc76d9,2,2,183.94,1.5,0.0,PORTO ALEGRE,RS,0.00119650402703127
2ee0a0689f2f6a72f35a7cb6033f6e7e,4,4,324.84000000000003,4.0,0.0,PRESIDENTE PRUDENTE,SP,0.002113038861263661
2eeb6531ee027a48d401e72bebdd87d3,3,3,78.7,4.333333333333333,0.0,SAO JOSE DOS CAMPOS,SP,0.0005119325156429322
2ef086a599b597572aca4433b7ed6b3d,1,1,64.1,5.0,0.0,JARAGUA DO SUL,SC,0.0004169615534016767
2f09f7d37a97956d11cc1a7cadd5262b,7,8,751.91,4.0,14.285714285714285,RIBEIRAO PRETO,SP,0.004891069604028935
2f1e7b90e01d9f086cbcb301c0c3d406,1,1,71.66,5.0,0.0,BLUMENAU,SC,0.00046613829823345004
2f3d8b4c9e2ee165075331fea3f3095a,1,1,147.35,5.0,0.0,SAO JOSE,SC,0.0009584911839896576
2f4b0d3b9634b647d4edee577d7ebb7e,10,11,422.31,4.9,0.0,SAO PAULO,SP,0.0027470676071304537
2f4b9d112bfa44a214bc6cef085d17c8,4,5,372.08000000000004,4.25,0.0,AFONSO CLAUDIO,ES,0.00242032846785797
2f73e04d12cdf0c945ded66bb3fcf6c7,3,3,1460.85,3.3333333333333335,0.0,CACHOEIRO DE ITAPEMIRIM,ES,0.009502625355488913
2f74af7a0ee5636f12c2336f9fffed47,13,13,724.4699999999999,4.3076923076923075,0.0,SAO PAULO,SP,0.004712576233898794
2f9b7ce230a057a98a9f5df5893ee36c,2,2,171.85000000000002,4.5,0.0,BARUERI,SP,0.0011178602644629975
2fa13c8bd5705d279f7ed5cc9ec61c68,2,4,148.7,5.0,0.0,SAO PAULO,SP,0.00096727274556676
2fb25ab44bdbeae6a4d816e0d0c9d500,5,5,761.29,4.8,0.0,VOLTA REDONDA,RJ,0.004952085194838727
2fdde51ad3e12f297da656d4fbd5d0b5,9,9,6354.92,4.777777777777778,0.0,JOINVILLE,SC,0.04133786762782189
2ff6b7bff164ef05590a52734e1296da,7,7,1955.12,4.714285714285714,0.0,LONDRINA,PR,0.012717782718981063
2ff97219cb8622eaf3cd89b7d9c09824,87,94,5698.7,4.540229885057471,3.4482758620689653,SALTO,SP,0.03706924811809883
3076499bbc033a927bf4a8a41bcf7fd4,7,9,483.63,4.285714285714286,0.0,AURIFLAMA,SP,0.0031459456485437272
3078096983cf766a32a06257648502d1,56,61,9281.09,4.303571428571429,3.571428571428571,SCAO JOSE DO RIO PARDO,SP,0.06037219506491057
30829ded4523ab9224b93bc49a62c95f,18,31,7549.71,3.7777777777777777,5.555555555555555,PARAI,RS,0.0491098098179746
3092c0b297aacfb4bb6e056ebe13b9b8,16,17,1498.28,4.125,0.0,ARUJA,SP,0.009746102281289613
30a2f535bb48308f991d0b9ad4a8c4bb,71,87,5815.36,4.28169014084507,2.8169014084507045,SANTA BARBARA D'OESTE,SP,0.03782810513556902
30a81d8cf85fb2ada1b1b094c9583a95,17,20,1413.52,4.823529411764706,0.0,SAO PAULO,SP,0.009194750311456132
30c7f28fd3a5897b2c82d152bb760c17,6,6,2160.4700000000003,1.4,16.666666666666664,NITEROI,RJ,0.01405355580776475
312ba1d77e9c332ef21f9598b7f64cd7,7,7,615.41,3.142857142857143,57.14285714285714,GUARULHOS,SP,0.00400315615567747
31344c16881c08a8a72c6d2eb29918c1,42,42,11574.35,4.428571428571429,4.761904761904762,UBA,MG,0.07528953128884082
31561f325664a8a7aba4c8d0c3a9b3db,36,38,3329.36,4.638888888888889,0.0,SAO PAULO,SP,0.02165702211284565
318f287a62ab7ac10b703ac37435a231,51,61,3529.52,3.9215686274509802,9.803921568627452,SAO PAULO,SP,0.0229590349760107
31ae0774c17fabd06ff707cc5bde005f,11,11,7570.67,4.0,9.090909090909092,AMERICANA,SP,0.04924615169253466
31be790e64fc99f8ff48ec2bd18a3104,6,6,313.68,4.333333333333333,33.33333333333333,SAO BERNARDO DO CAMPO,SP,0.0020404446188929475
31da954dc0855f2495c6310f70a2f931,29,30,5032.71,4.206896551724138,6.896551724137931,ARARAS,SP,0.032737076121999255
31e60bf8d103ce47932a85f5562deb16,1,1,239.04,5.0,0.0,GOIANIA,GO,0.0015549218365855971
31eec405c9bb71dec8e2629a92e764fa,5,5,427.13,4.6,0.0,CACHOEIRO DE ITAPEMIRIM,ES,0.002778421034390923
323ce52b5b81df2cd804b017b7f09aa7,29,29,2767.65,4.428571428571429,13.793103448275861,SAO PAULO,SP,0.018003176962124032
324583d68897f5ddbaf38f6248322176,2,3,127.99000000000001,1.0,50.0,SAO JOSE DO RIO PRETO,SP,0.0008325570861135819
325f3178fb58e2a9778334621eecdbf9,36,46,1433.3700000000001,4.444444444444445,0.0,TABOAO DA SERRA,SP,0.009323871790941674
327b89b872c14d1c0be7235ef4871685,3,3,1258.8,2.3333333333333335,33.33333333333333,MANAUS,AM,0.008188318306115923
3289d8c3eef4873f91ce0b1343c0dd58,1,1,219.27,5.0,0.0,PRAIA GRANDE,SP,0.0014263207459342536
328acb143b4a73aad6bee8e734f5d20d,2,2,734.75,4.0,0.0,FOZ DO IGUACU,PR,0.004779446199093321
3296662b1331dea51e744505065ae889,1,1,545.51,5.0,0.0,CATANDUVA,SP,0.0035484664117963905
32b8764b4ef628b53608fc34011fcc13,36,38,11854.42,4.194444444444445,2.7777777777777777,LAGES,SC,0.07711134754876606
32e5635e63cb374eb63afdd242fb6134,1,1,927.82,5.0,0.0,RIO DE JANEIRO,RJ,0.006035339601827514
32f1bb9dfa65bc7df5c0d9d95a616be4,4,5,294.8,4.0,25.0,SAO PAULO,SP,0.0019176328540220636
32f83ffe11cd40f7adcf4eef171f52d9,1,1,45.089999999999996,5.0,0.0,URUGUAIANA,RS,0.0002933041566752199
32fdd5d44ecb43dfd6a24b9369eca144,8,8,617.88,4.375,0.0,CARMO DO CAJURU,MG,0.004019223160933354
333c4210e76a1aa2ab817b99437e3ff1,2,2,402.42999999999995,5.0,0.0,VARGEM GRANDE DO SUL,SP,0.002617750981832086
3340ef1913fb70d28420f6ceb685c339,32,42,7481.55,4.375,3.125,MARINGA,PR,0.04866643853123735
334cab711dee080b079fa5779b584783,11,26,1421.37,4.909090909090909,0.0,SANTO ANDRE,SP,0.009245813465811874
33576ec5412fb5905d876f12f33bfde6,31,32,3287.98,4.096774193548387,3.225806451612903,CURITIBA,PR,0.021387850988356393
3361277dc30b7cccdb0c286b24219756,29,42,4540.9,4.344827586206897,6.896551724137931,MARINGA,PR,0.029537920715158712
3364a91ec4d56c98e44174de954b94f6,6,6,3853.8500000000004,3.8333333333333335,0.0,PORTO VELHO,RO,0.02506875635845635
33a17d60c64393351ebf1ef860f4e0f2,43,47,9431.86,4.627906976744186,2.3255813953488373,PORTO ALEGRE,RS,0.061352932871562224
33a6f4b1e7cdc205511e76ba1b6e0186,105,126,12183.91,4.40952380952381,1.9047619047619049,GUARULHOS,SP,0.07925463401101751
33ab10be054370c254ddfcf0a6253422,4,4,265.53,5.0,0.0,RIO DE JANEIRO,RJ,0.0017272355893096288
33ac3e28642ab8bda860a2f693000e78,34,35,4151.12,4.205882352941177,0.0,COTIA,SP,0.027002456217734293
33c51922b6e3c16b24a8f28e5833c99d,18,20,7025.88,4.235294117647059,5.555555555555555,LONDRINA,PR,0.045702368780246055
33cbbec1e7e1044aaf11d152172c776f,15,16,1129.5,4.733333333333333,0.0,BENTO GONCALVES,RS,0.007347239852842338
33cbda8716511e27e556dff9d8418bf2,5,6,615.57,4.8,0.0,BLUMENAU,SC,0.004004196933345868
33d677f27a69b84051204ee4ae76eaca,9,10,338.49,4.555555555555555,0.0,JOINVILLE,SC,0.002201830206098807
33dd941c27854f7625b968cc6195a552,5,5,7168.41,4.4,0.0,VILA VELHA,ES,0.04662950653697524
33fd411ed63a7c2f9005e3f065d9f85d,1,1,43.129999999999995,4.0,0.0,CONDOR,RS,0.0002805546302373528
34056b8b55c1775a22af2331670a799c,77,77,8150.21,4.038961038961039,11.688311688311687,PENAPOLIS,SP,0.0530159785046783
340636a908b13bbe0f4fb63fbe1d0c03,3,3,526.5,5.0,0.0,SAO JOSE DOS CAMPOS,SP,0.003424809015069934
343e716476e3748b069f980efbaa294e,17,24,1234.7,4.3125,6.25,CAMPINAS,SP,0.008031551169813576
3442033154be05bac582e173ef54fd12,1,1,169.39,5.0,0.0,SAO PAULO,SP,0.0011018583078113884
344223b2a90784f64136a8a5da012e7f,1,1,27.689999999999998,2.0,0.0,GASPAR,SC,0.00018011958523701135
3442f8959a84dea7ee197c632cb2df15,3,3,246.60000000000002,3.0,33.33333333333333,CAMPINAS,SP,0.001604098581417371
34675b28b826facfde119785bf287dc1,1,1,37.089999999999996,4.0,0.0,CASCAVAEL,PR,0.00024126527325535392
3481aa57cd91f9f9d3fa1fa12d9a3bf7,23,23,2394.16,3.9565217391304346,0.0,CAPIVARI,SP,0.01557367664106331
3492e68f37fd1df87f4f2f2ea247f445,8,9,957.26,3.875,0.0,SALTO,SP,0.006226842692812621
34a557286ead8fe75c989e0afcf7d98c,4,4,473.46000000000004,4.75,0.0,FRANCA,SP,0.0030797912179962223
34d1ca11b242c0fee2c834ae8d788566,40,41,14404.28,4.333333333333333,0.0,CONGONHAS,MG,0.0936978309583885
34f563c82a85b99ae9e6d60db5fc2e28,8,8,2578.5,4.625,0.0,CAMPO BOM,RS,0.016772782612265575
3504c0cb71d7fa48d967e0e4c94d59d9,53,53,3037.31,4.415094339622642,0.0,MAUA,SP,0.019757277624999167
35281d148dcf7134bae913c57db4e6da,1,1,137.01999999999998,5.0,0.0,SAO PAULO,SP,0.0008912959757737555
353e21e8bf8de2722b4fae1636664b76,4,4,299.89,2.5,0.0,CANOAS,RS,0.0019507425935979534
35857757f553273b1056c1cabdace7fb,6,6,573.34,4.0,16.666666666666664,RIBEIRAO PRETO,SP,0.00372949667749325
3586b8580d9c917874e053a1bb37b5ff,36,43,2352.35,4.416666666666667,2.7777777777777777,ARARAQUARA,SP,0.015301708426590236
35b96509602ec4b7da831b5cd73ff2c2,2,2,606.45,4.5,0.0,SAO LEOPOLDO,RS,0.003944872606247221
35ef5aa32949680f627efec3c23e705c,4,5,518.41,3.75,0.0,SOMBRIO,SC,0.0033721846942115943
35fb511489d9ee3ee27a76debce9df06,7,7,586.79,3.5714285714285716,14.285714285714285,LONDRINA,PR,0.0038169870502428992
365e445f796710c3431557e85caa25db,4,5,1194.3,4.5,0.0,SAO PAULO,SP,0.007768754808543251
365e4bce19bda0082c3d15d83fdb8bcd,6,7,895.02,4.666666666666667,0.0,SAO CAETANO DO SUL,SP,0.005821980179806063
36890be00bbfc1cdb9a4a38a6af05a69,13,13,1600.88,4.230769230769231,15.384615384615385,OSASCO,SP,0.010413500961149395
36a968b544695394e4e9d7572688598f,148,156,8917.7,3.7533783783783785,3.3783783783783785,SANTOS,SP,0.058008393834167435
36f98ad67cc981f50ce8aed093d5783c,2,2,158.62,4.0,0.0,TOLEDO,PR,0.001031800961007394
37303482a42fb700d8d127e70a9cd6c8,1,1,67.00999999999999,5.0,0.0,CAMPINAS,SP,0.0004358906972456529
373ee4a3a775a733770ca3f790b8b9ac,13,22,2431.81,3.923076923076923,7.6923076923076925,RIO DE JANEIRO,RJ,0.015818584636158053
37515688008a7a40ac93e3b2e4ab203f,227,239,9350.75,4.102222222222222,7.929515418502203,DRACENA,SP,0.06082532364228905
376a891762bbdecbc02b4b6adec3fdda,57,58,7693.63,4.666666666666667,3.508771929824561,GOIANIA,GO,0.050045989330698
376d67b61dce0c990155286e7ae486a4,1,1,111.91,4.0,0.0,SAO PAULO,SP,0.0007279589304396511
3771c85bac139d2344864ede5d9341e3,26,30,1842.26,3.8461538461538463,11.538461538461538,SOROCABA,SP,0.011983644171135302
377bc18334c78dd2f1535ef22a3ad225,1,1,224.44,5.0,0.0,SAO JOSE DOS PINHAIS,PR,0.0014599508743443417
3785b653b1b82de85ab47dd139938091,21,24,2033.27,4.714285714285714,0.0,AMPERE,PR,0.013226137561388879
37be5a7c751166fbc5f8ccba4119e043,269,278,60756.76,4.323308270676692,2.6022304832713754,SAO PAULO,SP,0.3952142438260976
37dd29b36c458d82f74a953c40c43645,7,8,5016.43,3.857142857142857,14.285714285714285,LIMEIRA,SP,0.03263117699423983
38102b031c2a15e54623d711bfc753d3,8,10,726.21,4.0,0.0,MUCAMBO,CE,0.004723894691042615
381c83fdca332ea6afd896da20bf6e4a,46,46,8355.01,4.391304347826087,2.1739130434782608,CURITIBA,PR,0.05434817392022688
382229d1e840115ffe3dbf5ff460e417,45,48,4890.33,4.266666666666667,6.666666666666667,RIO DE JANEIRO,RJ,0.03181091409433419
385799a1cddbd26dfeb9157356a42282,4,6,626.72,4.75,0.0,SAO PAULO,SP,0.004076726127112306
38874e327ce94d11390b96eb42d61928,5,5,3375.21,4.2,20.0,ITAQUAQUECETUBA,SP,0.02195526996344576
389e45560e33d2d0747f949dcddbc08e,1,1,47.43,5.0,0.0,SAO JOSE DOS CAMPOS,SP,0.0003085255300755308
38af8acfd46ac4a7bf754e8ca6736664,5,5,397.94,4.8,0.0,SAO PAULO,SP,0.002588544158512687
38e679b9e0064cd94c6f035707344dae,26,27,4270.92,4.08,3.8461538461538463,LONDRINA,PR,0.027781738496946783
38e6dada03429a47197d5d584d793b41,7,12,803.05,4.428571428571429,0.0,SAO PAULO,SP,0.005223728166290428
38f276ca6e7cc95a6d1bb55ac9e5550f,1,1,36.839999999999996,5.0,0.0,MARILIA,SP,0.0002396390581484831
3903c788ded8dc03b5ebab37a2f3e9a1,5,5,171.25,4.0,20.0,CARAPICUIBA,SP,0.0011139573482065075
391bbd13b6452244774beff1824006ed,1,1,81.6,1.0,100.0,CAMPINAS,SP,0.0005307966108826336
391fc6631aebcf3004804e51b40bcf1e,513,592,48402.9,4.063725490196078,8.771929824561402,IBITINGA,SP,0.3148541087854293
392353362d22cc2c236e1ee81ff19890,5,10,480.66999999999996,4.6,0.0,BLUMENAU,SC,0.003126691261678376
392e0502231ae2f8b29994ef6398cd77,17,17,1882.79,4.352941176470588,11.76470588235294,CERQUEIRA CESAR,SP,0.012247286164261198
392f7f2c797e4dc077e4311bde2ab8ce,2,2,88.56,5.0,0.0,RIO DE JANEIRO,RN,0.0005760704394579171
3935fe5fe0f82787a9dcb8deb62be09d,16,17,2101.35,4.0,12.5,SAO PAULO,SP,0.013668988459291938
3968920b9aa752ab98f7d5888c9252f2,8,10,681.01,3.875,12.5,BAURU,SP,0.004429874999720372
3969863bb8af7f72580b3b1ffd3a17b3,12,13,850.02,4.083333333333333,0.0,SAO PAULO,SP,0.005529261460569317
397c4d0c005b6f41f90098ac724e28cb,5,5,8622.37,4.4,40.0,SANTO ANDRE,SP,0.0560873134041188
3985a3c45be355a4c57fde108bfabd1c,7,8,516.2,4.0,0.0,ROLANTE,RS,0.0033578089526668567
3986c0b54f6b748b75e7bd4e092aa3e5,1,1,40.269999999999996,5.0,0.0,CURITIBA,PR,0.00026195072941475066
398cb257329ef7af7f1943a8974a3cbc,1,1,161.37,5.0,0.0,SALVADOR,BA,0.001049689327182973
39a5005f2605cbdb4f9ac14485cabfd1,3,8,733.66,5.0,0.0,BARRETOS,SP,0.004772355901227365
39c763cca83e654764b7a4a650fb9b7c,11,11,984.21,3.8181818181818183,18.181818181818183,GOIANIA,GO,0.006402148681333294
39d54ff918774174706fb065d7f9dc07,22,24,1902.72,4.045454545454546,9.090909090909092,SAO PAULO,SP,0.012376928032580942
39d61be7a92eb77b7da367bd4845bc0e,7,14,909.62,4.0,0.0,SAO PAULO,SP,0.0059169511420473185
39f776d2974049026ff531fc42ef2a3e,3,4,1174.41,3.6666666666666665,0.0,GOIANIA,GO,0.007639373134640611
3a1a1fec38dd360f15fc912e821e169d,15,15,2378.63,3.8666666666666667,26.666666666666668,SAO PAULO,SP,0.015472656158624499
3a3c180dd702a725bd0ba4117689239e,1,1,77.38,4.0,0.0,UNIAO DA VITORIA,PR,0.0005033460998786543
3a3e46d10f74d8a6ca76e2b538f106a0,2,5,366.57,4.5,0.0,SAO PAULO,SP,0.002384486686902537
3a4127e1ba7208ea37044c5092aae170,5,5,1924.1499999999999,4.0,0.0,SAO PAULO,SP,0.012516327191541905
3a490ba60afa30ece0e7d50cfe74a4f0,8,8,1695.0700000000002,4.625,0.0,BELO HORIZONTE,MG,0.011026193764814042
3a52d63a8f9daf5a28f3626d7eb9bd28,1,1,52.78,1.0,0.0,AGUAS CLARAS DF,SP,0.0003433265333625662
3a734b715d333a2588a3d54a0c9b8746,15,21,2469.82,4.533333333333333,6.666666666666667,OSASCO,SP,0.016065834381006693
3a79f35a2344ede41af21267f61d5ec6,1,1,217.71,1.0,0.0,CAMPINAS,SP,0.0014161731636673795
3aa3c89ae3cd482385568be76120f63c,1,1,48.94,4.0,0.0,GOIANIA,GO,0.0003183478693210305
3ab971ce71839580d2ae5b4e40fe8044,35,37,5797.25,3.911764705882353,5.714285714285714,SAO PAULO,SP,0.037710302113227304
3ac588cd562971392504a9e17130c40b,1,1,19.29,5.0,0.0,LIMEIRA,SP,0.000125478757646152
3ade81dab5a172b88e1871c28ae05260,28,30,6821.59,4.185185185185185,10.714285714285714,SAO JOSE DO RIO PRETO,SP,0.0443734908435155
3afc536624bc2e65bddfb5db33cc01f3,6,6,419.07,3.5,0.0,BELO HORIZONTE,MG,0.002725991859345408
3b15288545f8928d3e65a8f949a28291,101,118,16164.88,4.08,6.9306930693069315,IBITINGA,SP,0.10515028822701553
3b18f9856c6eb2413eafedb58e9eecd9,1,1,335.09,5.0,0.0,SANTO ANDRE,SP,0.0021797136806453636
3b872fd4747f01cc56206f2934198618,25,27,3843.11,3.88,16.0,IBITINGA,SP,0.024998894157465177
3bb32fedaa74e4ad20f4ce067733bd31,2,3,162.56,4.5,0.0,PORTO BELO,SC,0.001057430111091678
3bb548e3cb7f70f28e3f11ee9dce0e59,46,53,8586.81,4.195652173913044,0.0,MARINGA,PR,0.05585600056731749
3bdff180c7e1f6551a643b99c265a120,56,58,4012.08,4.254545454545455,1.7857142857142856,SAO PAULO,SP,0.02609802042389702
3be5841cdcc46de4ed3f9116f104b2c5,4,4,687.95,4.75,0.0,BARUERI,SP,0.0044750187310871065
3be634553519fb6536a03e1358e9fdc7,80,95,7034.75,4.025,7.5,SAO PAULO,SP,0.045760066892237834
3bfba5a77604f6dfae7e6dd7aaf65821,4,4,2218.19,5.0,0.0,LONDRINA,PR,0.014429016351639082
3c010235b7345c92f125d14ee232a76b,15,15,4005.32,4.666666666666667,0.0,MANDIRITUBA,PR,0.026054047567407236
3c03b12bab54d8b37d79d914bfdb1aa0,37,43,4919.7699999999995,3.8333333333333335,16.216216216216218,SAO JOAO DE MERITI,RJ,0.03200241718531929
3c3017960b2dbd72711a61f0400aab8f,9,9,1107.6200000000001,3.888888888888889,0.0,JARAGUA DO SUL,SC,0.007204913506689004
3c487ae8f8d7542beff5788e2e0aea83,30,33,10105.35,4.2,3.3333333333333335,GAMA,DF,0.06573389132086792
3c4e0452bff7a2a788179488d3d77032,32,36,4352.52,3.838709677419355,3.125,COLOMBO,PR,0.028312535107829422
3c7c4a49ec3c6550809089c6a2ca9370,139,158,5799.21,3.6906474820143886,5.755395683453238,SAO PAULO,SP,0.037723051639665175
3c88ed2e76a2247933a15daa7161eb1c,1,1,306.2,5.0,0.0,COSMOPOLIS,SP,0.001991788262895373
3ca08eeb8d5595949fed424bd3677742,13,13,2137.98,4.6923076923076925,0.0,CURITIBA,PR,0.013907261496750652
3cfa1358a6caa965278721344c8d76f2,5,5,3221.5299999999997,4.8,0.0,SAO BERNARDO DO CAMPO,SP,0.02095560301295013
3d01d1c414c44b5943a09619ff3853cb,4,4,376.82000000000005,4.5,0.0,CAMPINAS,SP,0.0024511615062842405
3d0cd21d41671c46f82cd11176bf7277,9,11,622.38,4.666666666666667,0.0,JOINVILLE,SC,0.004048495032857029
3d2400ac620cffa23ac81bd192f7f555,1,1,113.9,5.0,0.0,SAO BERNARDO DO CAMPO,SP,0.0007409036026903428
3d2531eccfbde1d7c8db7a3a12fb267a,10,10,2212.6,4.222222222222222,0.0,CONTAGEM,MG,0.01439265418184945
3d290fe363c60a77498c1126fd3fb8d3,3,3,234.04,4.333333333333333,0.0,ITAPEVI,SP,0.001522397534448181
3d39fbf22a665714baf62fae36029e23,8,8,2634.83,4.75,0.0,CAMPINAS,SP,0.017139201400145705
3d3ccf2b2f8134b10dce9dd446f0e075,3,3,750.53,3.3333333333333335,33.33333333333333,IBITINGA,SP,0.004882092896639008
3d4824f20035949c710eaf111f869d39,8,9,575.5699999999999,4.0,12.5,SOROCABA,SP,0.0037440025162465366
3d49bfdd1b43a7fe169b3740067acc61,3,3,276.82,4.666666666666667,0.0,MONTES CLAROS,MG,0.0018006754635359148
3d4b1ae7539303b5704493798893e82c,6,9,1221.69,4.833333333333333,0.0,SAO PAULO,SP,0.00794692293565202
3d5d0dc7073a299e31fa718ce1bc00b6,21,22,1027.12,4.428571428571429,4.761904761904762,RIO DE JANEIRO,RJ,0.0066812722422766
3d621842b2ed28e2b474132480edac3c,8,8,997.1400000000001,4.625,0.0,SAO PAULO,SP,0.0064862565266606545
3d62f86afa7c73be2628a3be1423f5a0,2,2,54.42,4.0,0.0,JACAREI,SP,0.0003539945044636388
3d68c634a99a1ba46dbca3967a69c623,2,2,857.7,5.0,0.0,NOVA TRENTO,SC,0.0055792187886523886
3d700782d7818f2c1e0d7a9e9d75fc00,3,3,235.11,3.6666666666666665,33.33333333333333,SERTANOPOLIS,SP,0.0015293577351055884
3d871de0142ce09b7081e2b9d1733cb1,1064,1131,115515.65,4.1918328584995255,5.451127819548872,CAMPO LIMPO PAULISTA,SP,0.751413180440006
3d8fa2f5b647373c8620330c4e077a9f,42,47,4295.719999999999,4.2317073170731705,2.380952380952381,SAO PAULO,SP,0.02794305903554837
3da38366e7bd9baf6369071f782ecdf0,1,1,86.43,1.0,100.0,FORTALEZA,CE,0.0005622150867473779
3db66a856d18a9cba7c9241fc5221c50,94,97,11522.66,4.191489361702128,10.638297872340425,PONTE NOVA,MG,0.07495329505334421
3dbbce181edfaa4a597ec858c382d2ec,17,20,1288.57,4.235294117647059,5.88235294117647,CURITIBA,PR,0.008381968001042099
3dc69bf2c42f0568a5c4791ec3fd3745,1,1,167.62,3.0,0.0,SAO PAULO,SP,0.0010903447048547432
3ded4e2d5f135cb103e5949d7263d2dd,1,1,62.379999999999995,5.0,0.0,POUSO ALEGRE,MG,0.00040577319346640545
3df020b72d3d44b3af9d110fa3940b65,55,101,6749.469999999999,4.054545454545455,9.090909090909092,JALES,SP,0.0439043603094854
3dfd3dc96f7f8598eca74e9ac8a2fa31,6,6,258.7,4.0,16.666666666666664,SAO PAULO,SP,0.001682807392589918
3e35a8bb43569389d3cebef0ce820f69,1,2,84.67999999999999,5.0,0.0,SAO PAULO,SP,0.000550831580999282
3e46a38ee171c503c3b4a3f23fe3bf0c,1,1,69.00999999999999,5.0,0.0,SOROCABA,SP,0.0004489004181006194
3e51f9cbe317bc3a88f2c76583811ee4,1,1,84.78,5.0,0.0,SAO PAULO,SP,0.0005514820670420304
3e8bd881d92466e63ba9e3e809cd3c50,8,9,2049.81,4.571428571428571,25.0,RIO DE JANEIRO,RJ,0.013333727952859453
3ea00e1dea2b0659dbaf654735929220,7,7,649.97,4.857142857142857,0.0,CURITIBA,PR,0.004227964132051292
3ea08c48e851106d2f584349daba335f,1,1,192.94,4.0,0.0,BARBACENA,MG,0.0012550477708786192
3ef37b7ca6dd2b80bd8af81a62504996,2,2,740.97,4.5,0.0,SAO PAULO,SP,0.0048199064309522675
3f0e48d209018b466fcd3bb4ccfeb520,9,10,5654.8,3.888888888888889,0.0,CURITIBA,PR,0.036783684745332314
3f2af2670e104d1bcb54022274daeac5,6,7,1334.18,3.3333333333333335,16.666666666666664,TERRA BOA,PR,0.008678654685139611
3f3486b61f45078d4f31ee5e43d8c5bb,39,39,4653.13,4.333333333333333,10.256410256410255,SAO PAULO,SP,0.03026796120093516
3f8034bfc6b8b4135534975d49f04c63,11,14,1522.93,4.0,0.0,CURITIBA,PR,0.009906447090827076
3f84fefc07dc159b268d4a77d3e8c425,3,3,251.92000000000002,5.0,0.0,FAZENDA RIO GRANDE,PR,0.0016387044388915819
3f995f07c49d0d55a99d5c54957f7d81,43,43,4627.2,4.209302325581396,2.3255813953488373,ITAPECERICA DA SERRA,SP,0.03009929017005052
3f9be91358837bff69df67edfa3e42e8,7,7,702.06,4.428571428571429,0.0,LONDRINA,PR,0.004566802311718894
3f9c56764fabca627406093dcb3ef0b4,7,7,1014.95,4.714285714285714,0.0,RIO DE JANEIRO,RJ,0.006602108090874131
3fac58ce0ad699020c7944d53c41329c,10,16,1427.97,4.4,0.0,SAO PAULO,SP,0.009288745544633265
3fadb4cba4c35bce6a7eaf9872d5623a,3,5,277.52,3.3333333333333335,0.0,CAXIAS DO SUL,RS,0.001805228865835153
3faf68a3b0af94b10bac70d86077be49,7,7,1442.0900000000001,4.571428571428571,0.0,HOLAMBRA,SP,0.00938059417386933
3fd1e727ba94cfe122d165e176ce7967,35,36,3295.89,3.942857142857143,20.0,ARARAQUARA,SP,0.021439304434337784
3fe7120d6257285ac6a3ce7cb071ccec,2,2,228.26,3.5,0.0,GOVERNADOR VALADARES,MG,0.0014847994411773277
3fefda3299e6dfaea3466ef346a3571a,1,1,225.21,4.0,0.0,CURITIBA,PR,0.001464959616873504
4003520d80d0bad1d5623f7aa3c63cda,1,1,86.74,1.0,0.0,RIO DE JANEIRO,RJ,0.0005642315934798975
402916f742e5c740cc751493d9cf5053,9,10,1478.43,4.666666666666667,0.0,GUANHAES,MG,0.00961698080180407
403aa86912527d730337ffcb0fb096ab,11,11,9164.51,4.0,0.0,BELO HORIZONTE,MG,0.05961385843627458
4049512728d969bec69f84088b012416,7,9,550.27,5.0,0.0,BELO HORIZONTE,MG,0.003579429547431211
404e1ba01358af4cd63f679b2c4d1fa1,8,12,551.73,5.0,0.0,JUIZ DE FORA,MG,0.003588926643655336
406740ee611378a662d274c7d8c43c4a,8,10,1972.08,4.375,12.5,VITORIA,ES,0.012828105151831177
406822777a0b9eb5c50e442dd4cd3ec5,44,46,4449.21,4.325581395348837,11.363636363636363,TATUI,SP,0.028941490062562778
4091f77d8c768fc3e81c20761471761d,8,8,1309.8700000000001,2.75,25.0,SAO PAULO,SP,0.008520521528147494
40d54b51e962dbe09cabbcfd33298dee,30,31,7323.25,4.0,0.0,SANTO ANDRE,SP,0.04763671912556675
40db9e9aa57f7bb151bcda6b0f9bdbb7,12,12,23823.989999999998,2.3636363636363638,8.333333333333332,RECIFE,PE,0.1549717297757568
40ec8ab6cdafbcc4f544da38c67da39a,2,2,157.0,5.0,0.0,FRANCISCO BELTRAO,PR,0.001021263087114871
411f3b52d857390502ee4e4d5ceabc2d,21,30,2182.7200000000003,4.105263157894737,9.523809523809524,RIBEIRAO PIRES,SP,0.014198288952276253
4125d9385a25e82d2f72d3a0fd55bc3f,1,1,61.3,5.0,0.0,SANTOS,SP,0.0003987479442047236
412a4720f3e9431b4afa1476a1acddbe,21,22,2569.16,4.238095238095238,4.761904761904762,CAMPINAS,SP,0.01671202721587288
4170f6a9367e6b5d6401d03ce6d54569,4,5,661.81,4.0,25.0,BRASILIA DF,DF,0.004304981679512693
417a1e6c7321084d2a0ae0d023cfad93,1,1,61.379999999999995,5.0,0.0,IMIGRANTE,RS,0.0003992683330389222
41958cbd3335433c8740300e8cd600d5,1,1,40.38,5.0,0.0,SAO PAULO,SP,0.00026266626406177385
41ab63a91b8b264e8c8780368bf1dd5b,12,13,2874.22,4.25,0.0,BELO HORIZONTE,MG,0.01869639993788092
41b14765bd56c8ad10971074380f9c0c,8,10,514.63,4.625,0.0,SANTO ANDRE,SP,0.0033475963217957077
41b39e28db005d9731d9d485a83b4c38,187,223,20064.52,4.179144385026738,4.81283422459893,SANTO ANDRE,SP,0.13051690214444633
41b86b552e54e3a7009596125aa8b167,10,11,1829.91,4.3,0.0,SAO PAULO,SP,0.011903309144855885
41c2bad7229b0c25e6becf179ebf63ff,20,23,971.92,4.95,0.0,NATAL,RN,0.006322203946679526
41c9d3997dd3c072c31139dc5bb5761f,3,3,1110.54,4.333333333333333,0.0,ARAXA,MG,0.007223907699137254
41da412d33e8da4f22baf55cb1bde82c,15,21,1237.06,4.666666666666667,0.0,DOMINGOS MARTINS,ES,0.008046902640422435
41e0fa5761c886a630994a55c12087e7,5,5,491.90999999999997,5.0,0.0,GUARUJA,SP,0.0031998058928832877
4200ddf1967c5e41e48db62bc6d4b5ac,22,42,1222.73,4.2631578947368425,4.545454545454546,SAO BERNARDO DO CAMPO,SP,0.0079536879904966
4221a7df464f1fe2955934e30ff3a5a1,5,5,1089.04,4.8,0.0,BAHIA,BA,0.007084053199946364
422be4cc81a457fdb46f47edeb968ae5,1,1,317.37,5.0,0.0,IBITINGA,SP,0.0020644475538703607
427165bf50f8ca07efc7bdc2bfcf1688,5,5,1692.9,3.2,60.0,AMERICANA,SP,0.011012078217686403
42b6488f5b8246d9141712abd4b1b693,2,2,289.8,4.0,0.0,MARINGA,PR,0.0018851085518846477
42b729f859728f5079499127a9c2ef37,103,131,5396.92,4.480392156862745,7.766990291262135,SAO PAULO,SP,0.035106211338292934
42bde9fef835393bb8a8849cb6b7f245,34,39,8341.369999999999,4.352941176470588,2.941176470588235,BRASILIA,DF,0.054259447623995996
42d4b7e70819438f5ada61c965e92d7e,1,3,100.78,1.0,0.0,GOIANIA,GO,0.0006555598338817625
42ef3192a9ff87a22d1867b74b3ee205,23,23,1655.97,4.6521739130434785,0.0,SANTO ANDRE,SP,0.010771853722099448
42fa4ee7240e9b8eb4576358ec142ba7,22,22,4364.47,4.809523809523809,0.0,CAXIAS DO SUL,RS,0.028390268189937846
42fb44130ac3134cde8e35cf8ec7df25,2,2,69.28,5.0,0.0,PINHALZINHO,SP,0.00045065673041603995
430315b7bb4b6e4b3c978f9dfa9b0558,19,20,3414.56,3.9473684210526314,5.263157894736842,SAO PAULO,SP,0.022211236221267226
4305fe92735c8a43d154ff6dd2b8d927,17,19,2999.64,4.176470588235294,0.0,CORONEL FABRICIANO,MG,0.01951223953269587
431050a06a317f2b38168dec3dcd2b46,10,10,1576.15,4.5,0.0,SAO PAULO,SP,0.010252635762777735
431af27f296bc6519d890aa5a05fdb11,116,124,15103.050000000001,3.8,13.793103448275861,RIBEIRAO PRETO,SP,0.09824323227930098
4324dd16853115efb0fd9d0d131ba6f4,12,18,1379.47,4.083333333333333,8.333333333333332,SAO JOSE DO RIO PARDO,SP,0.008973259813900326
432c37c9dfba871172ec162e20118b8c,44,55,3614.7999999999997,4.25,9.090909090909092,BRASILIA,DF,0.02351376947326647
43402bdf22aa2310e8f99e2f94f78628,4,5,837.1,2.5,0.0,RIBEIRAO PIRES,SP,0.005445218663846233
4342d4b2ba6b161468c63a7e7cfce593,2,2,563.44,1.0,50.0,RIO DE JANEIRO,RJ,0.003665098559261166
436bf27f2f18474fc6047702e9f8a866,1,1,44.42,5.0,0.0,CAMPINAS,SP,0.00028894590018880623
4371b634e0efc0e22b09b52907d9d469,101,111,9645.01,4.48,6.9306930693069315,SAO PAULO,SP,0.06273944387168028
43753b27d77860f1654aa72e251a7878,1,1,66.28,5.0,0.0,BARRO ALTO,BA,0.0004311421491335902
4391ea5c5990502176a1dcda44a2373d,3,5,2484.3,4.666666666666667,0.0,PORTO ALEGRE,RS,0.016160024759996654
439a47cc365d6e3bd526812ea9de3c29,8,13,1410.93,4.25,0.0,MOGI DAS CRUZES,SP,0.00917790272294895
43a1d4bab73b816e44ef4e4facd9f9b5,1,1,205.4,4.0,0.0,MARINGA,PR,0.0013360983318050606
43a5d4a57af536fddc96d08be3afdfcb,1,1,99.83,1.0,0.0,VARGINHA,MG,0.0006493802164756533
43b2c864251aa0ce4030c746984e088a,2,2,129.32,3.0,0.0,BRASILIA,DF,0.0008412085504821346
43f8c9950d11ecd03a0304a49e010da6,41,41,4807.22,4.560975609756097,4.878048780487805,CARAPICUIBA,SP,0.03127029514420606
44073f8b7e41514de3b7815dd0237f4f,142,151,21519.49,3.74468085106383,3.5211267605633805,BRASILIA,DF,0.13998127892062165
440dd6ab244315c632130ecfb63827b1,88,89,14806.29,3.8636363636363638,13.636363636363635,VOTUPORANGA,SP,0.09631284989884105
443d880f15cbd3572885e1d44bf2c478,1,2,125.0,2.0,0.0,MARILIA,SP,0.000813107553435407
4450bd8327d471c4a11a83d1445b1b62,1,1,214.56,5.0,0.0,COTIA,SP,0.0013956828533208073
446cc09cdbb130904da114e807dbec40,3,3,306.97,4.666666666666667,0.0,SAO PAULO,SP,0.001996797005424535
44717f64ec2a457979cf83c429077666,2,3,170.91000000000003,5.0,0.0,SANTA ROSA,RS,0.0011117456956611634
447d377bdb757058acb569025ee18a93,1,1,83.00999999999999,5.0,0.0,CARAZINHO,RS,0.000539968464085385
44ed138eca6214d572ce1d813fb0049b,2,3,185.8,4.5,0.0,CANOAS,RS,0.0012086030674263888
44f091b5abab8018f682fce8124b85e5,3,3,389.18,3.6666666666666665,66.66666666666666,SAO PAULO,SP,0.0025315615811679335
45213867cefbf2cd4c6177e10216a951,14,14,5389.16,3.857142857142857,7.142857142857142,ARARAS,SP,0.03505573362137566
4559697a8f7e637227c2eeaed843baff,39,39,4189.52,4.205128205128205,7.6923076923076925,PRESIDENTE PRUDENTE,SP,0.027252242858149648
455befea1bb853c75ccbca94cff26e5c,1,1,42.05,3.0,0.0,RESENDE,RJ,0.0002735293809756709
455c5640e8c5bd1b2ee85c0158f85727,8,8,7186.89,4.5,0.0,LUIZ ALVES,SC,0.046749716357675136
455f46ef09a9e45667e2981df84b5cc2,1,1,48.209999999999994,4.0,0.0,SOROCABA,SP,0.0003135993212089677
457fe919b032a3f7dadba6fb92cf7855,9,12,1246.1100000000001,4.777777777777778,0.0,PAULINIA,SP,0.008105771627291161
458c6fa920810ce2492da71bc26d9eec,2,2,862.37,2.5,0.0,CATANDUVA,SP,0.0056095964868487355
458d868c9642f55f18f04e951a3fdde6,2,2,2822.75,5.0,0.0,PORTO ALEGRE,RS,0.01836159477167836
45a3d05fb00435e52a28859dd03703b3,1,1,1323.79,5.0,0.0,GUARULHOS,SP,0.008611069185298059
45ba18c210d42734ec52c0c1c574e9ee,35,38,6023.7699999999995,4.114285714285714,5.714285714285714,SAO ROQUE,SP,0.03918378309726081
45c20d94d9171b0bcfab3c955e47d67b,4,4,210.57,4.5,0.0,CORDEIROPOLIS,SP,0.001369728460215149
45d33f715e24d15a6ccf5c17b3a23e3c,55,57,5329.74,4.163636363636364,5.454545454545454,SOROCABA,SP,0.034669214814774606
461ff5303b6c9c1a4a07f40c5aece516,3,3,161.43,3.6666666666666665,0.0,PINHAIS,PR,0.001050079618808622
466222e777149751370e7e98fb623b0c,1,1,105.45,5.0,0.0,RIO DE JANEIRO,RJ,0.0006859375320781093
4677a5437afda5fa7140b927b07be1cc,11,11,3835.7,4.363636363636363,9.090909090909092,JAPIRA,PR,0.02495069314169752
46dc3b2cc0980fb8ec44634e21d2718e,494,513,131735.97,4.288343558282208,5.870445344129554,RIO DE JANEIRO,RJ,0.8569240981291214
46ef1a25845fc051c2998d878354810c,5,5,348.45000000000005,4.4,0.0,CLAUDIO,MG,0.0022666186159565407
4736e9d642ef4257cd7622516931eb51,16,20,1449.77,4.125,0.0,PIRACICABA,SP,0.009430551501952399
47648caee88ccfe951fbb27fbf7b4cbe,3,3,1632.9900000000002,3.6666666666666665,33.33333333333333,DIADEMA,SP,0.010622372029475883
478bfe564db21eeb44386606aa30b650,3,3,230.8,4.666666666666667,0.0,PEDRO LEOPOLDO,MG,0.0015013217866631354
47efca563408aae19bb7206c2d969ea9,11,11,2791.5499999999997,4.363636363636363,0.0,TERESINA,PI,0.01815864312634088
47f55702f598c7c6cc8458b0fbc1c49a,1,1,94.77,5.0,0.0,DORES DE CAMPOS,MG,0.0006164656227125882
48162d548f5b1b11b9d29d1e01f75a61,66,89,22151.83,3.984848484848485,1.5151515151515151,PIRACICABA,SP,0.14409456236333643
4830e40640734fc1c52cd21127c341d4,204,212,12502.42,4.2254901960784315,4.901960784313726,SAO PAULO,SP,0.0813264971057752
48328ec9a579151d9cc6a86d4a59336c,1,1,1196.78,2.0,0.0,CANOAS,RS,0.00778488686240341
483ca627d131e18f988349b1655c0acd,1,1,283.73,5.0,0.0,MOGI MIRIM,SP,0.0018456240490898244
48436dade18ac8b2bce089ec2a041202,134,147,14662.01,4.104477611940299,7.462686567164178,VOLTA REDONDA,SP,0.09537432863636378
485452467ff670447e84a8370c3fc898,3,3,315.43999999999994,4.666666666666667,0.0,TAIO,SC,0.0020518931732453178
4867209cb29b56b92893d7bde3ce8012,1,1,169.15,4.0,0.0,JAU,SP,0.0011002971413087929
4869f7a5dfa277a7dca6462dcf3b52b2,1124,1148,247007.06,4.150537634408602,10.498220640569395,GUARIBA,SP,1.6067464499029822
48985c61529077fa4f1e38bcff0f2ed3,7,7,1027.3700000000001,4.428571428571429,0.0,PORTO ALEGRE,RS,0.006682898457383473
48b6c3f4c6a93171da04b75313f2130f,2,2,328.05999999999995,5.0,0.0,OSVALDO CRUZ,SP,0.0021339845118401564
48bad451945f5227341793478d6353ea,3,3,384.49,4.0,33.33333333333333,SAO PAULO,SP,0.002501053785763037
48e5ee06fb2dc74df1c711a9b6dfac2a,1,3,102.30000000000001,5.0,0.0,OLIVEIRA,MG,0.0006654472217315371
48e954b2da4f6a750c844173b347ed40,2,6,556.81,4.5,0.0,PORTO ALEGRE,RS,0.003621971334626951
48efc9d94a9834137efd9ea76b065a38,32,33,646.38,5.0,0.0,CURITIBA,PR,0.004204611683116626
48fb026ed7455a42f5d3e9390ed5088e,9,9,681.27,2.888888888888889,0.0,BARRA MANSA,RJ,0.0044315662634315175
49067458c68f7701fd334ce326accbe0,17,37,1621.5,3.3529411764705883,0.0,JUIZ DE FORA,MG,0.010547631183164098
4917cee8d902e13428c3ec4b1ca6f315,31,31,6178.34,4.161290322580645,3.225806451612903,BLUMENAU,SC,0.0401892393735369
491a5ada3aa1678414e990262c4bbdc1,1,1,1435.58,5.0,0.0,SAO PAULO,SP,0.009338247532486412
49383af7ab774e4e8f3000f49c83dc4b,8,12,902.23,4.375,0.0,TAUBATE,SP,0.005868880223488218
4965a7002cca77301c82d3f91b82e1a9,1,1,16.36,5.0,0.0,SOROCABA,SP,0.00010641951659362606
497709c2976a8fa308730a2dec5b0726,1,2,94.03999999999999,5.0,0.0,DIADEMA,SP,0.0006117170746005253
4978a02ea9c8be7a9b5480680f40334e,18,19,2696.8399999999997,3.5555555555555554,0.0,SAO PAULO,SP,0.01754256779525394
499185655c29ecfdbfe776ef7cf875b5,1,1,106.33,4.0,0.0,PORTO ALEGRE,RS,0.0006916618092542945
4992e76a42cb3aad7a7047e0d3d7e729,56,73,3163.56,3.9642857142857144,5.357142857142857,SAO PAULO,SP,0.020578516253968927
499ec63c58e51296c9cf57edcfe1c8a8,5,5,412.93,4.8,0.0,SAO PAULO,SP,0.0026860520163206605
49cdc90518a4f82676b38b3c1aa43ff6,5,5,1622.11,3.8,0.0,SAO PAULO,SP,0.010551599148024863
49e7217cfe4e427191c378ec626d8737,12,13,3220.89,4.083333333333333,0.0,FORMIGA,MG,0.020951439902276544
49f8d2ea7b718d0ce587d34207caf2b4,1,1,165.26,5.0,0.0,SAO BERNARDO DO CAMPO,SP,0.0010749932342458827
4a1917ef994878940e1fb03eeb787ad7,2,3,846.6199999999999,3.0,0.0,BRASILIA,DF,0.005507144935115873
4a1f694197d05fe70026b016a7316b41,14,23,1278.75,4.571428571428571,7.142857142857142,PEDREIRA,SP,0.008318090271644213
4a23adac87cf538689fa600d976f78b2,3,3,440.41,4.333333333333333,0.0,SAO PAULO,SP,0.002864805580867901
4a3ca9315b744ce9f8e9374361493884,1772,1949,231220.43,3.8531089560752996,9.706546275395034,IBITINGA,SP,1.5040566251326621
4a3ccda38b2129705f3fb522db62ca31,64,73,17508.81,3.9296875,6.25,MARILIA,SP,0.11389236530132311
4a5b36211b1f51bf7eaa5c10a57fa483,1,1,155.26,5.0,0.0,SAO GONCALO,RJ,0.0010099446299710502
4a82168aaef173cbb6e46ae88728f919,4,4,612.39,4.0,0.0,IRATI,PR,0.003983511477186471
4a82c4af97ffc0fb2dc26bfdc03b1842,3,3,210.89999999999998,5.0,0.0,LAGOA DA PRATA,MG,0.0013718750641562186
4aba391bc3b88717ce08eb11e44937b2,27,28,8047.44,4.0,14.814814814814813,ARRAIAL D'AJUDA (PORTO SEGURO),BA,0.05234747399854584
4aba6a02a788d3ec81c03137144d9a80,1,1,105.28,5.0,0.0,CANOINHAS,SC,0.0006848317058054372
4b0fdb526525f9890eb145bf1534640e,18,20,2954.21,4.055555555555555,0.0,IBITINGA,SP,0.01921672372347531
4b1eaadf791bdbbad8c4a35b65236d52,4,4,984.81,2.0,25.0,RIBEIRAO PRETO,SP,0.006406051597589785
4b39558c138930b9e5489c93b6df5fe3,4,5,1229.1,4.5,0.0,ARACAJU,SE,0.007995123951419669
4b5f66b7adcf57f1ecc0d3c07dd6b177,23,38,7115.96,4.090909090909091,4.3478260869565215,VENDAS@CREDITPARTS.COM.BR,PR,0.04628832660755375
4b9750c8ad28220fe6702d4ecb7c898f,217,221,19173.85,4.364055299539171,5.990783410138248,LIMEIRA,SP,0.12472321810749981
4b98b0428fc1932cc2514ef9ce2505e6,2,2,363.42999999999995,2.0,50.0,TABOAO DA SERRA,SP,0.0023640614251602392
4ba52dfeba874da5b9ee7b17c7494f04,11,11,1667.9099999999999,4.363636363636363,9.090909090909092,MOGI DAS CRUZES,SP,0.010849521755603596
4bcec44888b30ba9001234c534716d3f,5,5,209.23000000000002,4.6,0.0,SANTO ANDRE,SP,0.0013610119472423216
4be6b962d83299498bae2190f95d6566,11,12,691.09,4.1,9.090909090909092,SAO CARLOS,SP,0.004495443992829404
4be9ae93c4fc0f41713d71a4194ee1b3,1,1,136.97,5.0,0.0,DIVINOPOLIS,MG,0.0008909707327523815
4bf2f4ee540798a61f9636d12cd9cc80,29,30,5501.01,4.137931034482759,0.0,ASSIS,SP,0.035783302260189664
4bf658053d453036c70976bccb2c31b2,2,2,1824.56,4.5,0.0,SAO JOSE DO RIO PRETO,SP,0.011868508141568848
4bfc7a4a1cf8d4d2121c27422d9e50b5,26,40,9191.59,4.538461538461538,3.8461538461538463,SAO PAULO,SP,0.05979001005665082
4c03b9dd4c11ee2cb35c96c49efc9420,48,48,7302.33,4.1063829787234045,2.083333333333333,CAMPO LIMPO PAULISTA,SP,0.0475006374454238
4c18691b6037662be2df78a765d98ab5,63,67,4316.51,3.873015873015873,6.349206349206349,SAO PAULO,SP,0.028078295083835747
4c1c7281388a33dd06daac44f9fadbd1,5,5,269.90999999999997,4.8,0.0,MARILIA,SP,0.0017557268779820054
4c2b230173bb36f9b240f2b8ac11786e,258,343,18828.71,3.9763779527559056,9.30232558139535,SAO PAULO,SP,0.12247813057955825
4c498c7345e89aebad651544829beca0,47,47,5131.66,4.276595744680851,10.638297872340425,CARAPICUIBA,SP,0.03338073206129872
4c4d546adf3c3868fe19c9ec6e9ffda9,2,3,157.08999999999997,4.0,0.0,MARINGA,PR,0.0010218485245533445
4c60877808f4318ef1107fbeb8f89afa,2,2,150.63,4.0,0.0,ATIBAIA,SP,0.0009798271261918026
4c61e37f664c3c88aff092aa5ac779d7,7,8,908.17,4.0,14.285714285714285,NITEROI,RJ,0.005907519094427468
4c8545742faaf58fafd5fd14d25d75cf,4,4,3216.31,4.5,0.0,FERNANDOPOLIS,SP,0.02092164764151867
4c8b8048e33af2bf94f2eb547746a916,19,23,2267.88,3.3684210526315788,10.526315789473683,IBITINGA,SP,0.014752242866280726
4cc43a222a0f94910728b62b97a8c5f8,1,1,120.76,3.0,0.0,RIBEIRAO PRETO,SP,0.0007855269452228779
4cc4fd4fdd406a85bbdc1f824b731bd7,1,2,571.22,5.0,0.0,TOLEDO,PR,0.0037157063733869854
4ce8b55b4bfa4659184e7becc1fba3f2,2,2,258.87,3.0,0.0,FAZENDA RIO GRANDE,PR,0.0016839132188625904
4cf490a58259286ada5ba8525ba9e84a,7,7,1217.8500000000001,3.4285714285714284,0.0,TABATINGA,SP,0.007921944271610484
4d0041cdbe51b4617d95c70b19decc74,8,8,5465.49,4.5,0.0,JUIZ DE FORA,MG,0.03555224961780546
4d232b78ab7ef10393dc3807d827bc0d,5,5,1689.99,4.4,0.0,BELO HORIZONTE,MG,0.010993149073842426
4d600e08ecbe08258c79e536c5a42fee,5,5,2634.43,4.2,0.0,ENTRE RIOS DO OESTE,PR,0.017136599455974712
4d6d651bd7684af3fffabd5f08d12e5a,363,389,50785.76,4.223756906077348,3.8567493112947657,JAU,SP,0.330354280503662
4d9fea3499bdc22aa4da4e339365f215,2,2,222.74,5.0,0.0,SAO PAULO,SP,0.0014488926116176203
4da0e408c99d2fdc2126dc9fce518060,44,54,3964.73,4.409090909090909,0.0,CORNELIO PROCOPIO,PR,0.02579001528265569
4dab98ca6cd6d3df586203cefd28a042,1,1,173.23000000000002,5.0,0.0,PORTO ALEGRE,RS,0.0011268369718529245
4dbd95a08b31ede5c82d3f861cb1ce1a,4,4,463.92,4.75,0.0,CURITIBA,PR,0.003017734849518032
4dc2e811a1760953cb7c6a590b498943,1,1,199.84,5.0,0.0,ITAPUI,SP,0.0012999313078282538
4dc646b9b9e8e411ef48ba000ea3ac6f,4,5,353.26,2.75,25.0,VALINHOS,SP,0.002297906994612735
4ddeb3e828550cddc8d45c8bc36ab2d1,1,1,164.45,5.0,0.0,SAO PAULO,SP,0.0010697242972996213
4de6e4ba574aa9dfdc824bc44dc47fdd,14,14,704.4200000000001,4.071428571428571,7.142857142857142,COLOMBO,PR,0.004582153782327755
4deebb3199eeafb282ae33229144f94b,4,5,921.49,4.0,25.0,SAO PAULO,SP,0.005994163835321545
4e06067cc08b3f41d837768d392c3ee3,31,46,1514.25,4.129032258064516,3.225806451612903,BETIM,MG,0.009849984902316521
4e0d109ccfba9a1151c103049880c857,2,2,347.73,3.0,0.0,SAO JOAO DE MERITI,RJ,0.0022619351164487526
4e17c65a516f69d023a2ae78b84f28d6,61,74,8794.8,4.229508196721311,4.918032786885246,SUZANO,SP,0.05720894648762973
4e2627090e6e5b9fabba883a37897683,1,1,51.62,,0.0,BELO HORIZONTE,MG,0.00033578089526668564
4e326052e5dbba8adcd512f3450a307e,3,6,655.96,2.3333333333333335,0.0,SAO PAULO,SP,0.004266928246011916
4e42581f08e8cfc7c090f930bac4552a,1,2,151.8,1.0,100.0,PORTOFERREIRA,SP,0.0009874378128919583
4e480be820e37de1444325ff358c9296,1,2,573.74,5.0,0.0,TRES CORACOES,MG,0.003732098621664243
4e5725ba188db8252977a4f0227bd462,21,24,2229.36,3.5238095238095237,23.809523809523807,RIBEIRAO PRETO,SP,0.01450167564261407
4e6015589b781adaa5ce7f1892d06bb1,3,3,740.5,3.6666666666666665,0.0,GUARUJA,SP,0.004816849146551351
4e7c18b98d84e05cbae3ff0ff03846c2,81,88,11862.36,4.2125,3.7037037037037033,JABOTICABAL,SP,0.07716299614056027
4e85b538b0dad58852641540686d0e14,4,4,436.34,3.75,50.0,SAO JOSE DOS CAMPOS,SP,0.0028383307989280435
4e8dacf3d38f281ae26c3e0321d92d88,8,9,2196.04,3.125,12.5,SAO PAULO,SP,0.014284933693170328
4e922959ae960d389249c378d1c939f5,411,445,52452.08,3.9656019656019654,9.002433090024331,JACAREI,SP,0.34119345953118596
4e92348462c75b6c842b994ce84a0ed4,1,1,85.49000000000001,5.0,0.0,CACHOEIRINHA,RS,0.0005561005179455436
4ea2f12dbe91deeacd2c1e74f069a6e6,4,6,280.27,4.75,0.0,SAO PAULO,SP,0.001823117232010732
4eb61f060e7dcc1d5a80d806c35cc541,8,8,1466.1200000000001,3.875,0.0,SAO PAULO,SP,0.009536905969941752
4ebdc7e6cd6102a022dadc49156d4ea8,29,32,1297.9,3.793103448275862,3.4482758620689653,SAO PAULO,SP,0.008442658348830519
4eeb99008a0f59d2c7759c59f9a346eb,2,2,1320.95,4.5,0.0,EMBU DAS ARTES,SP,0.008592595381684007
4ef4c39cf3c24f326434cf0b2e48046a,7,8,901.51,3.7142857142857144,14.285714285714285,SAO PAULO,SP,0.00586419672398043
4f0d637c1197fd65405ebd755ac9f86b,2,2,232.47,5.0,0.0,TABOAO DA SERRA,SP,0.0015121849035770324
4f1f1c8666cdb6442f775c4e8caed465,2,2,1070.39,5.0,0.0,BELO HORIZONTE,MG,0.006962737552973802
4fae87d32467e18eb46e4a76a0a0b9ce,1,1,120.80000000000001,5.0,0.0,RONDA ALTA,RS,0.0007857871396399773
4fb41dff7c50136976d1a5cf004a42e2,3,3,1296.77,4.0,33.33333333333333,FEIRA DE SANTANA,BA,0.008435307856547461
4fe2f67634d00c021aa01f96b6f2d68e,2,2,118.84,5.0,0.0,MARINGA,PR,0.00077303761320211
5011f0d93373a4c5753adf58ca77af8d,11,21,1223.19,4.090909090909091,9.090909090909092,SANTOS,SP,0.007956680226293244
503c1de08ae81a2d86f17951b204db55,22,22,5321.9,4.409090909090909,4.545454545454546,SAO PAULO,SP,0.03461821670902313
5058e8c1e82653974541e83690655b4a,62,77,12821.46,3.2459016393442623,11.29032258064516,ITAQUAQUECETUBA,SP,0.08340180777655946
5075aaa8404020ae6aa8bf4792099b41,10,15,1872.15,3.9,0.0,POCOS DE CALDAS,MG,0.012178074449312778
50770d25768b0486d89be26afca3108f,6,6,247.86,4.0,16.666666666666664,SANTO ANDRE,SP,0.0016122947055559997
508808d438fe2ff972ed13bb8f4a82e2,9,10,346.03999999999996,4.666666666666667,0.0,SAO PAULO,SP,0.0022509419023263055
50a7e551a7b3f8d37cd6e32d8bfbe5ea,1,1,167.96,5.0,0.0,SAO CAETANO DO SUL,SP,0.0010925563574000878
50bf89f1349bc0409a268c3a49678009,1,1,282.47,5.0,0.0,JACI,SP,0.0018374279249511953
50c9975695009e5e6473912e83a6d1da,50,68,6883.95,3.938775510204082,14.000000000000002,CLAUDIO,MG,0.044779133939773355
51209b446b2073894bdc0face6c73ffc,2,4,438.88,4.0,0.0,VILA VELHA,ES,0.002854853144413851
512d298ac2a96d1931b6bd30aa21f61d,11,12,7723.87,4.2727272727272725,0.0,RIO DE JANEIRO,RJ,0.0502426963100251
513a54369b6a8a6602fcb0e129c6d78d,2,2,62.66,4.5,0.0,SAO BERNARDO DO CAMPO,SP,0.00040759455438610083
5145090ab595c0d0b8557199f5701fbf,4,4,1657.45,4.25,0.0,CURITIBA,PR,0.010781480915532122
5151aea44289d6c6b090ee31c2132508,7,7,1482.47,1.8333333333333333,0.0,MARILIA,SP,0.009643260437931102
515d781150feed28a6ac091bb0e3cb8c,5,5,916.75,4.0,0.0,CAMPO GRANDE,MS,0.005963330796895275
5160d23075764e18e07c1f4a87fad743,33,38,2837.64,4.363636363636363,0.0,SAO BERNARDO DO CAMPO,SP,0.018458452143443584
516e7738bd8f735ac19a010ee5450d8d,74,82,7905.69,4.635135135135135,2.7027027027027026,RIO DE JANEIRO,RJ,0.05142541003295009
51702dc2a3e106c76dbff722b5bf0726,13,14,3287.04,4.3076923076923075,0.0,CONCHAL,SP,0.02138173641955456
5194c22ed1f616ec0c0f33c571542879,4,4,326.45000000000005,4.25,0.0,SANTA RITA DO SAPUCAI,MG,0.0021235116865519093
519a7aa428f18d125a283cf8c014fdd6,3,3,152.79999999999998,4.0,0.0,RIO DO OESTE,SC,0.0009939426733194415
51a04a8a6bdcb23deccc82b0b80742cf,1,1,199.92000000000002,1.0,100.0,BRAGANCA PAULISTA,SP,0.0013004516966624525
51e0557bc7b86de13e946c60ee91ce39,1,1,63.4,5.0,0.0,BELO HORIZONTE,MG,0.0004124081511024384
51e4e89242cbb846c2deff3dc015650e,16,16,1175.75,4.625,0.0,RIO GRANDE,RS,0.007648089647613437
51ed72984a04e5dd35c2b27e77179038,7,7,1493.23,3.5714285714285716,14.285714285714285,SAO JOSE DO RIO PRETO,SP,0.009713252736130822
51f108f62cb87d61918159902c8f8583,3,3,378.76,4.333333333333333,0.0,CASCAVEL,PR,0.0024637809355135577
52092ddbd3a58c450a4459bf051b2287,6,6,427.05,4.333333333333333,0.0,DOIS CORREGOS,SP,0.002777900645556724
520b493b57809f446cb0a233bb3e25c7,63,73,4762.87,4.2936507936507935,1.5873015873015872,SANTOS,SP,0.03098180458424717
522620dcb18a6b31cd7bdf73665113a9,169,175,60501.34,3.9036144578313254,8.875739644970414,CASCAVEL,PR,0.3935527723757098
5236605f4d4b0b3e4df85b850393fca0,5,5,347.48,4.8,20.0,SAO PAULO,SP,0.0022603089013418817
52454f90d4c30c016768db02f88c1a74,3,5,147.67,3.6666666666666665,0.0,CAMPINAS,SP,0.0009605727393264523
52562a9f449c3dc3d53f5f5b9ed74903,14,14,3710.64,4.785714285714286,0.0,PARNAMIRIM,RN,0.024137195296636466
525e75a6fb1454a2325ab1734bcec221,9,10,719.39,3.888888888888889,0.0,BARUERI,SP,0.004679531542927179
5275ca25d0358ca73864e0ae41be1320,4,4,478.82000000000005,4.75,0.0,GUARULHOS,SP,0.0031146572698875327
527801b552d0077ffd170872eb49683b,90,92,20005.36,4.47191011235955,10.0,GARCA,SP,0.13013207460155643
52831e5990d0771cb4951d6f12928167,1,1,78.12,3.0,0.0,TUPA,SP,0.0005081596965949919
528bcf6680c36dddf07620bd35b33a6f,2,2,1013.84,4.5,50.0,SAO PAULO,SP,0.0065948876957996234
528ce32f560edd11add4169f6a5b65be,2,2,75.1,5.0,0.0,SAO ROQUE,SP,0.0004885150181039925
52956b80ae65fda598f06f6b9943e7a9,3,3,858.85,4.0,33.33333333333333,MARINGA,PR,0.005586699378143994
52a50b42accf164f9f019941e5759d9b,4,4,197.02,4.75,0.0,MONTE ALEGRE DO SUL,SP,0.001281587601422751
52a52b9f656520e99716f5bc40f661c8,7,8,931.2199999999999,4.0,0.0,SAO CARLOS,SP,0.006057456127280957
52ac6f920b7280e4c6d30dd94de6259b,6,7,6383.89,3.6666666666666665,0.0,PINHAIS,PR,0.04152631343440608
52b53f7061969fe471d119b6195da864,1,1,98.37,5.0,0.0,ITAJAI,SP,0.0006398831202515279
52bb00821bcdd358a5a5a27e1f6be5a1,2,2,388.43,4.5,0.0,OSASCO,SP,0.002526682935847321
52d76513f0c4d97f3b99570e2c94ee31,19,28,9042.36,4.055555555555555,5.263157894736842,NOVO HAMBURGO,RS,0.05881928973505749
52f0fe436a347ddad7ed5f9aa4e27eaa,19,21,1888.8300000000002,3.736842105263158,10.526315789473683,SAO PAULO,SP,0.012286575521243197
52f6f9f13ba19504c02781132a049e75,1,1,222.13,2.0,0.0,CURITIBA,PR,0.0014449246467568555
52f976b17ea7f2f087f56dcc419328f6,6,6,8492.65,3.6666666666666665,0.0,CALIFORNIA,PR,0.05524350290946567
52f9db5cfb423382a2fa5c9e39303202,21,22,1564.53,4.285714285714286,0.0,ECHAPORA,SP,0.010177049284610377
5305693ffae2d3463377b1f6fe67b15a,1,1,106.55,5.0,0.0,PENAPOLIS,SP,0.0006930928785483408
53088c75f948b48a7ece173ac17f0c12,3,3,316.23,5.0,0.0,TRIUNFO,RS,0.00205703201298303
530ec6109d11eaaf87999465c6afee01,94,101,15279.16,4.340425531914893,1.0638297872340425,CASCAVEL,PR,0.09938880324918506
53243585a1d6dc2643021fd1853d8905,348,400,230797.02,4.19364161849711,3.4482758620689653,LAURO DE FREITAS,BA,1.5013024021790615
53336f97ddbe53e2a617d07b17447b95,1,1,674.83,5.0,0.0,SAO PAULO,SP,0.004389674962278526
533d46c1b06970e99f09523a61df4972,2,2,192.62,4.5,0.0,ITAPETININGA,SP,0.0012529662155418247
5343d0649eca2a983820bfe93fc4d17e,70,110,12194.09,3.869565217391304,10.0,SANTO ANDRE,SP,0.07932085349016929
534a01cc6df1e034e05c32028a291fa2,5,5,295.45,4.4,0.0,JUNDIAI,SP,0.0019218610132999278
535bf14f36346c7f59d87cece104d70c,1,1,57.769999999999996,4.0,0.0,RIO DE JANEIRO,RJ,0.0003757857868957077
537eb890efff034a88679788b647c564,158,171,7093.44,4.237341772151899,3.79746835443038,RIO DE JANEIRO,RJ,0.04614183715072682
538caafddff204241cecbf3a02e6b3cf,8,8,218.81,2.75,37.5,SAO PAULO,SP,0.0014233285101376112
539ed9e19811677513447759be5eccfc,2,2,63.919999999999995,3.0,0.0,BELO HORIZONTE,MG,0.00041579067852472965
53b0300ca793f9834cd69c0678d35ee8,5,10,1799.46,5.0,0.0,INDAIATUBA,SP,0.01170523614483902
53d00c40e32aeb924a84ce72b1af869d,17,17,2462.07,4.352941176470588,11.76470588235294,IBITINGA,SP,0.0160154217126937
53e4c6e0f4312d4d2107a8c9cddf45cd,463,512,39283.93,4.130151843817788,4.751619870410368,PEDREIRA,SP,0.2555364816930223
54065e9aef7e9e9c2dc23b7594db021a,12,12,7321.78,4.333333333333333,0.0,RIO DE JANEIRO,RJ,0.04762715698073835
5415337f1863452476d42d9f14a16a61,1,1,68.35,3.0,0.0,BELO HORIZONTE,MG,0.0004446072102184805
54219883e72aad869adfb2a54b7bfa0f,5,5,7579.55,3.2,0.0,SOROCABA,SP,0.04930391485313071
542917da124346b47ea1ac79a93ce454,20,20,1667.08,4.15,5.0,CURITIBA,PR,0.010844122721448786
544863df86ed3b78a04e0820d41430ee,1,1,39.17,5.0,0.0,SERRA,ES,0.00025479538294451913
54583ab379489add547fe47b628db589,10,10,2391.08,4.8,0.0,SAO BERNARDO DO CAMPO,SP,0.015553641670946661
54965bbe3e4f07ae045b90b0b8541f52,73,81,12427.960000000001,3.1449275362318843,30.136986301369863,FOZ DO IGUACU,PR,0.0808421451983448
54a1852d1b8f10312c55e906355666ee,198,202,20418.03,4.355329949238579,7.575757575757576,SANTA BARBARA D'OESTE,SP,0.13281643535416593
54aa8463e87776b5612f4bdc4bd5d4de,6,6,486.28000000000003,4.0,0.0,BELO HORIZONTE,MG,0.003163183528676558
54c04bdb5ec46762f8f08c7e8f86ed4a,18,19,3757.7799999999997,4.333333333333333,11.11111111111111,FLORIANOPOLIS,SC,0.024443834417188025
55029529919c0123526150bd26ca8f20,7,7,588.83,4.714285714285714,0.0,CONTAGEM,MG,0.003830256965514966
553a440137d6e0cf776aee0bb83ac9f5,2,2,175.14,1.0,50.0,LIMEIRA,SP,0.0011392612552694173
5563732abe64c3036cb97ad924128dd1,2,3,441.6,4.5,0.0,GUARULHOS,SP,0.0028725463647766057
5566627eab3fe93fd6ee08798226101a,5,5,187.81,4.4,0.0,SAO JOSE DOS PINHAIS,PR,0.0012216778368856302
556a6409838156ea299c9d1f9e2dde43,4,4,1449.64,3.25,0.0,CURITIBA,PR,0.009429705870096828
557f22c76691849db52d2abccf0015d0,12,13,1108.54,3.272727272727273,0.0,MORRINHOS,GO,0.007210897978282288
5587130f9850696ed7fafbc91c2cee44,2,2,103.49,5.0,0.0,SAO PAULO,SP,0.0006731880056402421
559d56f3b8f0bc2e5a9a62fe2ce2a39f,2,2,433.72,2.5,50.0,JOINVILLE,SC,0.002821288064608038
55a5b51f93f2b70ea513f5a047b0262a,39,41,4849.38,4.461538461538462,2.564102564102564,SAO JOAO DEL REI,MG,0.03154454005982875
55bb6fe5bebe5012e2d7d9928e1128ff,15,16,2393.02,3.466666666666667,13.333333333333334,BAURU,SP,0.01556626110017598
55c26bcb609f480eb7868594245febb5,6,6,826.23,4.0,0.0,TABATINGA,SP,0.0053745108309994905
55c96925041a14097b6a7825554f4ad5,5,6,215.89000000000001,4.6,20.0,SAO PAULO,SP,0.0014043343176893602
55d3daac7c404d59e51c2aa2f4dc5a23,21,28,5790.4800000000005,4.095238095238095,0.0,SAO PAULO,SP,0.037666264208133245
55dedd83e501d8248880557d9073cbfd,8,9,1166.0900000000001,4.875,0.0,RIO DE JANEIRO,RJ,0.00758525269588395
55f7a3319d80f7fdf078b8f03e6725fe,22,22,3420.4500000000003,3.772727272727273,4.545454545454546,OSASCO,SP,0.022249549849185105
562f8cfc51f265411f487d07e9c40e7f,13,13,966.25,4.538461538461538,7.6923076923076925,BELO HORIZONTE,MG,0.006285321388055696
562fc2f2c2863ab7e79a9e4388a58a14,255,265,12884.21,4.229249011857707,3.1372549019607843,CAMPINAS,SP,0.08380998776838404
5656537e588803a555b8eb41f07a944b,171,185,11255.55,3.8947368421052633,5.847953216374268,BRASILIA,DF,0.07321578178455915
5659d77e8d90378e39b960ad5956f64e,2,2,213.13,2.5,50.0,TAUBATE,SP,0.0013863809029095063
56642bcb79900e777d68e91915cb4267,46,54,4240.11,4.021739130434782,8.695652173913043,SAO PAULO,SP,0.027581323747176027
5670f4db5b62c43d542e1b2d56b0cf7c,22,22,7212.650000000001,4.409090909090909,4.545454545454546,SAO PAULO,SP,0.046917281562287104
56db5c0782e8f7ddc9343f9576ff6d16,2,2,791.9499999999999,3.0,0.0,PALHOCA,SC,0.005151524215545364
56e361f411e38dcef17cdc2a3d99628b,5,10,3155.76,4.0,20.0,GUARULHOS,SP,0.02052777834263456
56f413900b5166ab4d730e9ac0b12cb0,3,3,194.24,4.666666666666667,0.0,SOROCABA,SP,0.0012635040894343477
570d4583587a5fe2d47c7be89b91ad27,2,2,148.92000000000002,5.0,0.0,SAO PAULO,SP,0.0009687038148608066
5721089ba9214e80074f27d5a03fc0eb,5,7,312.57,5.0,0.0,SAO PAULO,SP,0.002033224223818441
5733d806668f8712c24b9abaefbfa642,2,2,329.68,5.0,0.0,CHAPECO,SP,0.00214452238573268
5741dc2bf5044c34d0698681c5081bed,3,3,123.74999999999999,5.0,0.0,SAO JOSE DOS CAMPOS,SP,0.0008049764779010528
575df70bde3f9f2b30bf8d2e9910d725,26,32,5696.22,4.038461538461538,3.8461538461538463,SAO JOSE DO RIO PRETO,SP,0.037053116064238674
577719699805dd125d5b6fdde5943bba,8,8,1287.3600000000001,4.375,12.5,NOVA PETROPOLIS,RS,0.008374097119924845
578fa3a9cb6b6dceab39231ad59cdaca,3,3,187.2,3.6666666666666665,33.33333333333333,FORTALEZA,CE,0.0012177098720248655
5795aebfe331fbcd02a2c4b679fb7952,6,6,1436.09,3.8333333333333335,0.0,PALHOCA,SC,0.009341565011304427
579891617139df7d8671d373f0669622,8,8,408.5,4.5,25.0,RIO DE JANEIRO,RJ,0.00265723548462691
57a834594e1e9e9219603bfec184eadc,1,1,166.05,5.0,0.0,SANTA ROSA,RS,0.0010801320739835946
57c764b4a836300be881e2ff86e449f9,28,29,1613.49,4.222222222222222,14.285714285714285,RIBEIRAO PRETO,SP,0.010495527251139959
57d2ba47f7a3209aa347532ae75c1165,2,2,458.24,4.0,0.0,SAO BENTO DO SUL,SC,0.002980787242289927
57df9869a600bd6b7c405f2a862eccfb,5,5,197.20999999999998,4.4,0.0,SANTA RITA DO SAPUCAI,MG,0.0012828235249039727
57e632711dec9ec14ca7546769483e7e,62,65,7558.04,4.419354838709677,0.0,NAVEGANTES,SC,0.049163995305335544
57fe6232e67823593374a2281d7a8af8,8,8,284.04,4.75,0.0,CAPIVARI,SP,0.0018476405558223439
582d4f8675b945722eda7c0cb61ba4c7,59,71,5683.93,4.1525423728813555,1.694915254237288,BERTIOGA,SP,0.0369731713295849
585175ec331ea177fa47199e39a6170a,1,1,3602.47,5.0,0.0,MONTES CLAROS,MG,0.023433564544195602
586a871d4f1221763fddb6ceefdeb95e,1,2,239.48,1.0,100.0,PORTO ALEGRE,RS,0.0015577839751736901
5882820ef11c4c068eea0677a7a879b4,14,14,10664.81,4.153846153846154,0.0,CAXIAS DO SUL,RS,0.0693731005356277
58c851d1a3c7cd3da329eb59453fed44,2,2,293.26,5.0,0.0,RIO CLARO,SP,0.0019076153689637394
58e4b302b54937e55a678c4d15111da4,1,1,64.42,5.0,0.0,COLOMBO,PR,0.0004190431087384713
58f1a6197ed863543e0136bdedb3fce2,44,45,7903.69,4.181818181818182,2.380952380952381,CONSELHEIRO LAFAIETE,MG,0.05141240031209513
59417c56835dd8e2e72f91f809cd4092,18,18,37657.770000000004,4.277777777777778,0.0,LIMEIRA,SP,0.24495853786026617
594f9aaa48e5bf431f011ddc5669b0d5,37,38,4136.41,4.594594594594595,2.7027027027027026,CONTAGEM,MG,0.026906769720846012
5962468f885ea01a1b6a97a218797b0a,6,6,765.74,4.666666666666667,0.0,CURITIBA,PR,0.004981031823741028
596849622429351f47b32e6cae1055ff,13,13,1222.9,4.083333333333333,0.0,MOGI DAS CRUSES,SP,0.007954793816769274
5996cddab893a4652a15592fb58ab8db,1,1,880.75,5.0,0.0,PRESIDENTE PRUDENTE,SP,0.005729155821505878
59b22a78efb79a4797979612b885db36,125,133,32082.07,3.9838709677419355,11.200000000000001,UBERLANDIA,MG,0.20868938757474775
59bbc819b99a733f02f0d6b49d1c253d,2,2,162.75,5.0,0.0,CAMPINAS,SP,0.0010586660345728999
59cd88080b93f3c18508673122d26169,10,12,567.71,4.7,10.0,PRAIA GRANDE,SP,0.003692874313286519
59cea8e446d3834393058e7e0666b6fb,10,10,901.14,4.6,0.0,MARINGA,PR,0.00586178992562226
59de1d4c8c057c2a53acd4ca66531af2,1,1,156.75,5.0,0.0,CURITIBA,PR,0.0010196368720080003
59fb871bf6f4522a87ba567b42dafecf,122,124,23065.93,4.30327868852459,5.737704918032787,SAO PAULO,SP,0.15004065528009886
5a05a16bb50629ee31afab8a6d4c2674,14,15,1075.48,4.214285714285714,0.0,CAXIAS DO SUL,RS,0.006995847292549692
5a32c398a06c345440bf2a683b017ad3,1,1,50.129999999999995,5.0,0.0,RIO DE JANEIRO,RJ,0.0003260886532297356
5a413ade68e8f8d93071a7f52a64cb9e,14,14,932.67,4.642857142857143,7.142857142857142,SAO PAULO,SP,0.006066888174900808
5a4236931428800e9d9cc04af0987118,1,3,90.66,5.0,0.0,SAO PAULO,SP,0.0005897306463556319
5a425cc503b39b262a847fd6212bf53b,14,14,1591.88,4.461538461538462,7.142857142857142,LONDRINA,PR,0.010354957217302046
5a6a02f419701fc8c605af71d4fc57a4,10,11,714.41,4.8,10.0,AMERICANA,SP,0.0046471373379983125
5a8e7d5003a1f221f9e1d6e411de7c23,136,177,13559.34,4.176470588235294,3.6764705882352944,CAMPINAS,SP,0.08820161418879081
5a93f3ab0ef4c84ed5e1b5dbf23978bc,38,43,2952.22,4.7894736842105265,2.631578947368421,MONTEIRO LOBATO,SP,0.019203779051224616
5a9b3bcab695173c820e53934574ae80,1,1,203.76999999999998,5.0,0.0,SALTO,SP,0.001325495409308263
5a9c0859cb00fd8aa4db443837f0a700,2,2,255.59000000000003,4.5,0.0,TREZE TILIAS,SC,0.0016625772766604454
5ab05b6d86d417796c69ffd6774ec832,10,12,2142.85,3.8,10.0,ASSIS,SP,0.013938940167032494
5abb8ea023c77787f2c15da891c8d384,13,13,2987.2,3.923076923076923,23.076923076923077,JOINVILLE,SC,0.01943131906897798
5acd070dd3fe441bbb2ec1f1ede515ee,7,8,886.37,3.0,42.857142857142854,JUNDIAI,SP,0.005765713137108333
5b07547f10dd980738a1a27f685af669,13,14,1320.0700000000002,4.461538461538462,15.384615384615385,GUARULHOS,SP,0.008586871104507822
5b0cc932433fa5184b5b94bfe6bcc256,12,17,1994.0900000000001,3.5833333333333335,25.0,IBITINGA,SP,0.012971277129840086
5b179e9e8cc7ab6fd113a46ca584da81,30,30,5121.990000000001,3.896551724137931,6.666666666666667,SAO PAULO,SP,0.03331783006096496
5b2e94f2c22b39ccc24d34ad0f669672,10,10,1340.1399999999999,4.9,10.0,SAO PAULO,SP,0.008717423653287409
5b33b527da3c5b969cc99dc435cad09a,16,17,2238.34,4.125,6.25,PARANAVAI,PR,0.01456008928925287
5b35136197710e16ac5e7b7c2bd4ea85,7,9,3350.29,2.5714285714285716,28.57142857142857,RIO DE JANEIRO,RJ,0.021793168841592877
5b51032eddd242adc84c38acab88f23d,12,14,3548.95,4.0,0.0,BORDA DA MATA,MG,0.0230854244141167
5b581417df4480f632484ba681e53944,11,12,2214.01,3.727272727272727,18.181818181818183,FLORIANOPOLIS,SC,0.014401826035052202
5b664594895aefb418afaee6d40a9a23,16,22,1235.18,3.9375,0.0,PETROPOLIS,RJ,0.008034673502818768
5b67882648febfb6e1225e6ad7164f6b,27,30,7432.42,4.0,3.7037037037037033,UMUARAMA,PR,0.0483468547384351
5b8154610ebb21fb90eb587365e673df,37,40,10096.720000000001,4.162162162162162,10.81081081081081,SAO JOSE DOS CAMPOS,SP,0.06567775437537875
5b85809efd0d0e4dea1a9544e1280ed9,12,14,2097.36,4.25,0.0,PRESIDENTE PRUDENTE,SP,0.01364303406618628
5b925e1d006e9476d738aa200751b73b,63,63,8801.84,4.603174603174603,6.349206349206349,SAO PAULO,SP,0.05725474070503922
5b92bfa4120daa27c574daa2e386c693,1,1,24.96,3.0,0.0,SOROCABA,SP,0.00016236131626998207
5b97c06a046398e7005b2b7c0d707a92,3,3,1338.41,4.0,33.33333333333333,JOAO PINHEIRO,MG,0.008706170244747864
5bc237df65098fe211bb4818f4d26d78,2,2,183.89,4.5,0.0,UBERLANDIA,MG,0.0011961787840098958
5bc24d989e71e93c33e50a7782431b0e,17,17,3736.53,4.352941176470588,0.0,CAMPO DO MEIO,MG,0.02430560613310401
5bc55dbe2f12b6af6d83ed46023e0dc8,17,21,3409.38,2.411764705882353,23.52941176470588,CORONEL FABRICIANO,MG,0.022177541044252864
5bf397d04035b5f45cc41e82ec106803,3,4,1572.28,4.333333333333333,0.0,SAO PAULO,SP,0.010227461952923372
5bffbafbb22daf6d3bfc216a46db8708,21,23,5694.2,4.761904761904762,0.0,NILOPOLIS,RJ,0.03703997624617515
5c030029b5916fed0986310385ec9009,7,10,5079.9,4.857142857142857,0.0,SAO JOSE,SC,0.03304404048557218
5c243662ce92d84573bfaff24c3e3700,98,100,34637.66,4.144329896907217,1.0204081632653061,SAO PAULO,SP,0.22531314383461967
5c3460cd3e8a984382ae254e7dd20d9f,9,10,974.3,4.666666666666667,0.0,SAO JOSE DO RIO PRETO,SP,0.006337685514496936
5c6d4016c2a288f074fa0848a2b653d2,31,34,3598.13,4.161290322580645,9.67741935483871,SAO PAULO,SP,0.023405333449940325
5c853bb56f70f4d14218944bae111d7a,23,24,514.1899999999999,4.0,0.0,COTIA,SP,0.0033447341832076147
5ca5d579b5857ee8709479b1047cecc3,1,1,178.04000000000002,1.0,100.0,SAO PAULO,SP,0.001158125350509119
5cbbd5a299cab112b7bf23862255e43e,36,38,3385.21,4.277777777777778,0.0,PINHAIS,PR,0.022020318567720593
5cf13accae3222c70a9cac40818ae839,148,155,17296.18,4.476190476190476,2.027027027027027,PATOS DE MINAS,MG,0.11250923682862733
5cf1ec37aea089f45110c70653a166ab,2,2,63.58,5.0,0.0,SAO PAULO,SP,0.00041357902597938533
5d0363b33554b373851fc1622e4d5f3c,93,94,8724.27,4.075268817204301,8.60215053763441,ATIBAIA,SP,0.05675015868167935
5d043cd5512d4bd2f88e5ccdd5736c38,1,1,714.91,2.0,0.0,SAO PAULO,SP,0.004650389768212053
5d378b73ab7dd6f0418d743e5dcb0bd1,6,6,11612.7,3.8333333333333335,16.666666666666664,SAO PAULO,SP,0.0755389926862348
5d3bb11474a06bdc23fb9e89f1164ee0,31,32,4178.82,3.903225806451613,3.225806451612903,ASSIS,SP,0.027182640851575575
5d505d2298ad549e4e4e835562fa0c1e,2,2,278.14,5.0,0.0,BIRIGUI,SP,0.0018092618793001925
5d76d80a2f5f39c891b996a1bf4c9853,6,6,1409.75,4.833333333333333,0.0,SAO PAULO,SP,0.009170226987644518
5d9dc90a686a8fddacffab6bab5653a3,12,12,4131.27,4.166666666666667,8.333333333333332,SANTANA DE PARNAIBA,SP,0.026873334738248753
5d9f3746e112e696f98ea22c56b3e912,1,1,1370.41,5.0,0.0,SAO PAULO,SP,0.008914325778427329
5db42a6cd9bf1bf0d3aab9582767f168,1,1,219.32999999999998,5.0,0.0,VITORIA,ES,0.0014267110375599024
5dc203c7b84a0e71e878a179de05fb9a,5,5,550.05,4.0,0.0,POMPEIA,SP,0.0035779984781371646
5dceca129747e92ff8ef7a997dc4f8ca,322,343,124702.92,4.012578616352202,5.590062111801243,SANTA BARBARA D OESTE,SP,0.8111750894996103
5de1c80811ce7007f62f00d971236c09,2,2,107.75,5.0,0.0,FLORIANOPOLIS,SC,0.0007008987110613208
5debea795b07621e1f90532e18f96145,25,33,2388.13,4.36,0.0,APUCARANA,PR,0.015534452332685588
5def4c3732941a971cba8fdee992ede1,5,6,201.04,4.6,0.0,SAO PAULO,SP,0.0013077371403412336
5e063e85d44b0f5c3e6ec3131103a57e,1,1,30.32,5.0,0.0,SAO PAULO,SP,0.00019722736816129232
5e105f5c9f63f5f1fd75d6cb942e55b1,8,8,1745.73,4.5,0.0,SAO JOSE DO RIO PRETO,SP,0.011355729994070344
5e106d93b717c2682b9383da480364a1,1,1,467.60999999999996,5.0,0.0,SANTA TEREZINHA DE ITAIPU,PR,0.003041737784495445
5e25c632f9db6cfb8bc100421c2737b6,1,1,278.91,5.0,0.0,CHAPECO,SC,0.0018142706218293547
5e49e3a44bdeb5aab2684258bbd4f525,3,3,559.77,4.666666666666667,33.33333333333333,BALENARIO CAMBORIU,SC,0.0036412257214923013
5e9f5bd34e0830569f05c9d4f56e04a8,2,2,274.86,4.5,0.0,PORTO ALEGRE,RS,0.0017879259370980477
5ee7fd217d08dfe5d3e2f51f96a12c9a,9,9,1435.18,3.4444444444444446,22.22222222222222,VARGEM GRANDE DO SUL,SP,0.009335645588315419
5eeb9c756d9780b96283e5a2ac6da334,9,9,2718.74,4.222222222222222,22.22222222222222,RIBEIRAO PRETO,SP,0.017685024238615826
5ef131ac72773e5b3f6c0d63cf424657,10,11,821.99,4.1,0.0,RIBEIRAO PRETO,SP,0.005346930222786961
5f0057b677eb963672bf05dfa3f16c34,2,2,81.96000000000001,5.0,0.0,SAO PAULO,SP,0.0005331383606365276
5f06030071324cc52bf0304014ac7234,4,4,884.31,4.0,0.0,MARILIA,SP,0.005752313124627717
5f1dc28029d2c244352a68107ec2b542,62,78,3803.46,4.426229508196721,1.6129032258064515,SAO PAULO,SP,0.024740976441515464
5f2684dab12e59f83bef73ae57724e45,67,73,9980.720000000001,3.791044776119403,5.970149253731343,SAO PAULO,SP,0.06492319056579068
5f26c1408a65b42a7224cd463bdf3292,10,10,1357.09,4.8,0.0,ARAPONGAS,PR,0.008827681037533251
5f3ae9136c875522250f8184f253413a,42,45,1739.77,4.642857142857143,4.761904761904762,SAO PAULO,SP,0.011316961025922544
5f57db27027655e6c6a391601daa0258,1,1,151.04,5.0,0.0,VIANA,ES,0.000982494118967071
5f5a58930c3c35f3b5af264f34fb8c85,3,3,628.5899999999999,5.0,0.0,RIBEIRAO PRETO,SP,0.004088890216111699
5f5b43b2bffa8656e4bc6efeb13cc649,27,29,4232.65,4.407407407407407,3.7037037037037033,SAO PAULO,SP,0.027532797488387
5f67c6082caacb26e431a7b17940cece,13,14,1871.03,3.5384615384615383,23.076923076923077,MARINGA,PR,0.012170789005633996
5f7300535881cef3b625fd683cf7d145,10,11,836.83,4.4,0.0,CANOAS,RS,0.005443462351530813
5fd924b4836098a5be0ecf81ba054ce0,7,8,1284.34,4.0,0.0,SAO PAULO,SP,0.008354452441433844
602044f2c16190c2c6e45eb35c2e21cb,48,55,4468.93,3.276595744680851,16.666666666666664,IBITINGA,SP,0.029069765910192745
6025c79c035c3d772133b8b8238463b2,2,4,1098.33,5.0,0.0,PINHAIS/PR,PR,0.007144483353317683
6039e27294dc75811c0d8a39069f52c0,63,74,15835.52,3.7301587301587302,17.46031746031746,OSASCO,SP,0.10300784739661964
60562ab00b8054280520d390c8c0045c,17,17,3247.09,4.764705882352941,0.0,SAO PAULO,SP,0.021121867245476603
6061155addc1e54b4cfb51c1c2a32ad8,28,33,16513.31,4.642857142857143,3.571428571428571,CAMPINAS,SP,0.10741677674576353
606ce7768feac12c5e8bd58db8b08f0f,5,5,3018.8599999999997,4.8,0.0,CAMPINAS,SP,0.0196372629501121
609e1a9a6c2539919b8205cf7c4e6ff0,87,130,9282.42,3.8117647058823527,1.1494252873563218,BRUSQUE,SC,0.06038084652927912
60da8bfa7eebe230b7d66ac4082d79b3,3,3,125.27,4.333333333333333,33.33333333333333,FERNANDO PRESTES,SP,0.0008148638657508275
610f72e407cdd7caaa2f8167b0163fd8,16,17,14429.45,3.625,12.5,SAO PAULO,SP,0.09386155829534826
612170e34b97004b3ba37eae81836b4c,107,110,25372.08,4.429906542056075,0.9345794392523363,NOVO HAMBURGO,RS,0.16504183915493936
612a743d294c27884fb7b80d2b19ba35,2,3,3162.15,4.5,0.0,CURITIBA,PR,0.020569344400766177
615005a3ef192c00c6f0e977cee3d2bc,10,11,442.14,3.8,10.0,ITU,SP,0.0028760589894074465
615c3462099ffa940d37b17dfda19594,2,2,261.05,5.0,0.0,RIO DE JANEIRO,RJ,0.001698093814594504
6179a28a13a726c29b3bf54c070dccab,1,1,361.27,5.0,0.0,VARGINHA,MG,0.0023500109266368753
6187a137b2af59dfdbad8d9f8c373c14,2,2,105.02,3.0,0.0,OSASCO,SP,0.0006831404420942915
61b18775be84fb700a6b2d0ba097bf66,4,5,436.01,4.75,0.0,ARARAQUARA,SP,0.0028361841949869743
61c36f0fc4a47f9532e5512b66668e62,1,1,767.69,1.0,0.0,GUARULHOS,SP,0.004993716301574621
620c87c171fb2a6dd6e8bb4dec959fc6,699,754,120968.43,4.291486291486292,9.012875536480687,PETROPOLIS,RJ,0.7868827532817783
6219ba2359cfb97f2e38fd4c321eb309,5,5,425.15,4.0,60.0,SAO PAULO,SP,0.002765541410744506
6235903333ba7de1928c869e268e5964,1,1,135.48000000000002,5.0,0.0,TREZE TILIAS,SC,0.0008812784907154315
623ad9d0c1e14bb5464a8c72bff7b4af,1,1,133.96,4.0,0.0,CLAUDIO,MG,0.000871391102865657
624f4ece8da4aafb77699233d480f8ef,51,53,10514.1,4.235294117647059,7.8431372549019605,SAO PAULO,SP,0.0683927530206017
626ab1cd96932367f0eeec2e47046c12,3,3,1390.4699999999998,4.666666666666667,0.0,SAO PAULO,SP,0.009044813278602641
62760d278921b5f352461620d68a9cee,3,3,450.1,3.6666666666666665,33.33333333333333,SALTO,SP,0.0029278376784102134
6288c69c4ce638e59925e59193f98b16,20,20,4467.01,4.25,5.0,SANTO ANDRE,SP,0.02905727657817198
62c50c1af4dfdc4149d25c5222043d39,10,15,2306.2400000000002,3.9,0.0,SAO PAULO,SP,0.015001769312278986
62de60d81c55c29d76a6bce418b31cef,1,1,126.87,4.0,0.0,IBITINGA,SP,0.0008252716424348006
630008e0f062605a415d694489f6f82e,1,1,50.7,5.0,0.0,SAO PAULO,SP,0.0003297964236734011
63191ead8d3b2f937cd1996fdcbbad20,1,1,420.29,5.0,0.0,JUNDIAI,SP,0.0027339277890669374
63272377184e969942f7fff221be858d,2,2,216.23,5.0,0.0,SAO PAULO,SP,0.0014065459702347041
6338ea67c41078a46ad99cc009654956,37,44,3210.39,4.6,0.0,FARROUPILHA,RS,0.02088313886778797
633ecdf879b94b5337cca303328e4a25,6,6,1125.49,1.8,66.66666666666666,SAO PAULO,SP,0.007321155362528129
634964b17796e64304cadf1ad3050fb7,265,323,45014.1,4.056603773584905,9.433962264150944,RIO DE JANEIRO,RJ,0.292810437768774
63704069d9bd3a75c1cf59babe56004a,1,1,66.69,1.0,100.0,JUNDIAI,SP,0.0004338091419088583
638cba8be1fb599bbb76fd6948351eb3,16,22,803.6700000000001,4.6875,0.0,SAO JOSE DOS CAMPOS,SP,0.005227761179755468
63a79f5a7eb5cb48a7e5787b141c7993,11,11,1015.9300000000001,4.545454545454546,0.0,PATOS DE MINAS,MG,0.006608482854093065
63b464dbf392c7b80d12d932fa7cafed,36,38,7482.84,3.861111111111111,5.555555555555555,SAO PAULO,SP,0.048674829801188806
63b9ae557efed31d1f7687917d248a8d,4,6,217.79,4.0,0.0,SAO JOSE DO RIO PARDO,SP,0.0014166935525015782
63ffcb71394dd8ea3872ed9ffda17c74,17,17,663.72,3.176470588235294,5.88235294117647,ITABORAI,RJ,0.004317405962929187
640e21a7d01df7614a3b4923e990d40c,115,136,9960.55,4.3304347826086955,4.3478260869565215,IBITINGA,SP,0.06479198753096833
6426d21aca402a131fc0a5d0960a3c90,23,23,1593.82,4.173913043478261,0.0,RIBEIRAO PRETO,SP,0.010367576646531361
643214e62b870443ccbe55ab29a4dccf,65,66,4120.71,4.4,10.76923076923077,SAO PAULO,SP,0.026804643412134524
643c01d7c56a724bec0454f4780e8a3e,2,2,246.65,4.5,0.0,JOINVILLE,SC,0.001604423824438745
6481e96574816ead57975da2c0f6d80d,32,43,4340.86,4.1875,3.125,SOROCABA,SP,0.02823668843524496
64c9a1db4e73e19aaafd3286dc448c96,1,1,482.6,5.0,0.0,CURITIBA,PR,0.0031392456423034194
64cc804291f90c81f02bfc2bb58ff55a,2,2,564.14,5.0,0.0,CURITIBA,PR,0.003669651961560404
651530bf5c607240ccdd89a30c9c9712,1,1,224.45000000000002,4.0,0.0,IPIRA,BA,0.001460015922948617
651fe66032c9520ee5587f694908040d,7,7,592.73,4.0,0.0,ALVORADA,RS,0.00385562592118215
6524b847b982cd56bb5d4b02b776ee42,1,2,834.9399999999999,4.0,100.0,CAMPINAS,SP,0.005431168165322869
6548c2550b6e2d8f18053216e1c7b6f3,3,5,287.55,5.0,0.0,DIADEMA,SP,0.0018704726159228101
655220df33262c7e0c4949a147366f94,13,15,2926.53,4.076923076923077,15.384615384615385,DIADEMA,SP,0.019036669186842572
6560211a19b47992c3666cc44a7e94c0,1819,1996,148050.94,3.979501385041551,5.277625068719076,SAO PAULO,SP,0.9630507008576977
6561d6bf844e464b4019442692b40e02,1,1,49.449999999999996,5.0,0.0,FRANCO DA ROCHA,SP,0.00032166534813904695
6562efe88ce0826a4ca4f189f03b4b84,8,20,1358.32,3.875,12.5,MARINGA,PR,0.008835682015859056
656591be56071d4c9ef4e5fee78a578a,7,11,2021.2,4.571428571428571,28.57142857142857,SANTO ANDRE,SP,0.013147623896029158
657969cca82e884d272385ec0ef06edd,3,3,191.56,4.666666666666667,0.0,ESTANCIA VELHA,RS,0.0012460710634886925
659e8466eb3ff1b0e8740d74fb7bbedd,11,14,1880.0,4.363636363636363,0.0,EUNAPOLIS,BA,0.01222913760366852
65a7c0788e4d632ccb5e1b594b87f0bb,3,9,384.12,4.333333333333333,0.0,SAO PAULO,SP,0.002498646987404868
65b081a070633e057c462abdd6fb9dd8,19,20,2326.67,4.315789473684211,0.0,MORRINHOS,GO,0.015134663610812466
65c255b299faf2d12050937cc219c46c,2,2,110.08000000000001,4.5,0.0,SAO PAULO,SP,0.0007160550358573569
65febd49fd28ec955651299159b1f527,33,38,5085.38,4.454545454545454,0.0,SAO PAULO,SP,0.033079687120714796
6601ee6383e7f452be71929f8de48bbb,2,2,181.94,4.0,0.0,RIBEIRAO PRETP,SP,0.0011834943061763035
6614814a00d344b846ae209f95ee7e3f,1,1,25.689999999999998,1.0,0.0,MACATUBA,SP,0.0001671098643820448
661ad5fcc28cdfb8bcadb12bb2272475,4,7,329.71,5.0,0.0,BALNEARIO CAMBORIU,SC,0.002144717531545504
6624bc09786f0e41ae48dfc5eeb1a9e2,1,1,107.01,5.0,0.0,BELO HORIZONTE,MG,0.0006960851143449832
6650fcccd8cd2f7e55ffa524f30c4c59,2,2,436.11,3.0,0.0,SAO PAULO,SP,0.0028368346810297225
668bf321538e5072858eaef6087ce027,1,1,28.009999999999998,5.0,0.0,PINHAIS,PR,0.00018220114057380596
66922902710d126a0e7d26b0e3805106,150,155,17464.93,4.496644295302014,7.333333333333333,BELO HORIZONTE,MG,0.11360693202576513
669ae81880e08f269a64487cfb287169,161,185,16485.2,4.2625,4.3478260869565215,RIO DO SUL,SC,0.10723392511914696
66dc1b1632bd6a3e508510c5b3492107,36,41,4231.9,3.638888888888889,2.7777777777777777,JAU,SP,0.02752791884306639
66e0557ecc2b4dbea057e93f215f68d8,30,30,12628.42,4.033333333333333,20.0,SAO PAULO,SP,0.08214610951963809
66fd84ee7528c0c0de85d0f44a73d5ab,11,21,1891.3,3.3636363636363638,9.090909090909092,CAMPINA DAS MISSOES,RS,0.012302642526499083
670a9dda115b5a88b18cfadee8de2332,11,11,1101.99,4.454545454545454,0.0,RIBEIRAO PRETO,SP,0.007168291142482272
670c26e0f1bf8d0576271d5cfaec6d2b,77,86,7930.47,4.311688311688312,5.194805194805195,MARINGA,PR,0.05158660047434314
671585f5a2af58b6e276bc01003c0d2b,27,27,1692.1100000000001,4.703703703703703,0.0,CURITIBA,PR,0.011006939377948693
67225bff54a172ff67579aaf583efd78,8,8,1393.11,4.5,0.0,MARECHAL CANDIDO RONDON,PA,0.009061986110131199
674207551483fec113276b67b0d871ff,1,1,133.84,5.0,0.0,SOROCABA,SP,0.0008706105196143589
6750d71153f00fc58829af2a8ef1bcf1,6,6,3626.5,4.166666666666667,0.0,RIO BONITO,RJ,0.023589876340268028
67883baaae6134ee81b271a542613728,19,19,8496.02,4.105263157894737,5.263157894736842,SAO PAULO,SP,0.055265424289106295
679769a98cfcc6da877c8486ff1c13f3,21,21,7467.39,4.571428571428571,0.0,IPATINGA,MG,0.04857432970758419
67bf6941ba2f1fa1d02c375766bc3e53,15,20,6319.94,4.333333333333333,6.666666666666667,CURITIBA,PR,0.041110327610068526
6806dad1da97bfb5a9038eac6881f706,10,14,1783.26,3.95,0.0,GUARATUBA,PR,0.01159985740591379
681fce914360217db47784ae28905a96,23,24,4571.8,4.0,13.043478260869565,ARAUCARIA,PR,0.02973892090236795
6824a69c9ea0313eba299dd4a2dba09a,6,7,784.0799999999999,4.666666666666667,0.0,FORMIGA,MG,0.0051003309639810705
685b870da5b52a710782c9c0fefbeb5b,2,2,670.98,2.0,100.0,SAO BERNARDO DO CAMPO,SP,0.0043646312496327146
6860153b69cc696d5dcfe1cdaaafcf62,74,84,5318.23,4.095890410958904,8.108108108108109,CAPIVARI,SP,0.03459434387125427
6861de0f40cacb0602e473c51639f980,5,8,949.73,3.6,20.0,CURITIBA,PR,0.006177861093793672
686886775c8f6b1191c7b953fb52708c,1,1,202.62,5.0,0.0,PEDREIRA,SP,0.0013180148198166572
6879c4d287a8dd06b11f54ea8f78e4da,6,6,677.13,4.333333333333333,0.0,OSASCO,SP,0.004404636141261737
688756f717c462a206ad854c5027a64a,81,99,7745.72,3.8875,3.7037037037037033,GUARULHOS,SP,0.0503848275103656
68ca56ce86830f3d31b1b7ec6a54da3e,5,5,723.03,4.0,0.0,GUARATUBA,PR,0.004703209234883218
68f86ba270525243e68ae74044f992b9,10,11,964.1999999999999,4.5,0.0,RIO DE JANEIRO,RJ,0.006271986424179355
6902157ee16728322d61a1321fa79e58,2,2,191.43,3.0,0.0,SAO PAULO,SP,0.0012452254316331196
693660429f9dc4ff704eb3d88dad54d7,2,2,148.12,4.0,0.0,SANTO ANDRE,SP,0.0009634999265188198
695051e2981c8b19e77cafe450d5bdf3,1,1,182.45,5.0,0.0,OSASCO,SP,0.0011868117849943198
6973a06f484aacf400ece213dbf3d946,89,108,11706.59,3.75,14.606741573033707,SAO JOSE DOS CAMPOS,SP,0.07614973403177121
698624c6632eeba1774924dbea24c700,1,1,35.129999999999995,5.0,0.0,SAO PAULO,SP,0.00022851574681748675
6989574bd97d9773f10d232b6c07da59,7,7,2799.5,4.857142857142857,0.0,CURITIBA,PR,0.018210356766739374
698f5fa55a5f73d0740e9d9a773e8093,4,6,203.99,4.75,0.0,RIO DE JANEIRO,RJ,0.0013269264786023095
69a43819c758c65a5befb0b471c954d7,2,3,400.76,4.0,0.0,APUCARANA,PR,0.0026068878649181896
69b5eaa096c3f9d1e5c398c597f567d6,2,2,987.02,5.0,0.0,BIRIGUI,SP,0.006420427339134523
6a0cbc8af2e8abd1bdfb777943d174c6,34,34,4517.150000000001,4.03030303030303,8.823529411764707,BATATAIS,SP,0.02938343028000599
6a3139c7bf09ece22a4713d956acbe5e,1,1,76.64,5.0,0.0,SAO SEBASTIAO DA GRAMA/SP,SP,0.0004985325031623167
6a38087bc8ad4f89ff453561005f6dea,15,22,2381.35,4.6,0.0,ANAPOLIS,GO,0.01549034937898725
6a51fc556dab5f766ced6fbc860bc613,24,31,7965.01,4.0,8.333333333333332,MARILIA,SP,0.051811278353508405
6a53b90c3ad9e0b56d9fe5c69165fff5,2,4,194.77999999999997,3.5,0.0,CURITIBA,PR,0.0012670167140651884
6a8a889bde935bafa76d7848782dfaf9,26,30,1228.62,4.038461538461538,7.6923076923076925,SAO PAULO,SP,0.007992001618414478
6a8b085f816a1f75f92dbac6eb545f8f,125,133,8038.22,4.172,8.0,BEBEDOURO,SP,0.05228749918540445
6aa3928696eab49a19a466e665a649fd,18,22,2410.68,4.611111111111111,5.555555555555555,NOVA IGUACU,RJ,0.015681136935325333
6b15924333bd1a741595fe981ea04822,21,21,854.46,4.666666666666667,0.0,SAO CAETANO DO SUL,SP,0.005558143040867342
6b1c4d4d9ccf0be3d8544eb0e71e5318,1,1,1759.04,5.0,0.0,PORTO ALEGRE,RS,0.011442309686360147
6b243f80ed07b10f0e8aa0f21a205f3c,79,89,7807.400000000001,4.265822784810126,3.79746835443038,CURITIBA,PR,0.05078604730153277
6b2612338467c08c9b25f0cc55b1578d,1,1,113.87,4.0,0.0,MARIALVA,PR,0.0007407084568775183
6b333a05bf188ef3e1f1662a86bd9855,12,13,4554.88,4.333333333333333,8.333333333333332,BRASILIA,DF,0.029628858663934932
6b3bd31ad8fcda4b2635ec9f3ff2ecdf,35,42,4801.87,4.085714285714285,8.571428571428571,RIO DE JANEIRO,RJ,0.03123549414091902
6b536a23086fba0d58c08d68814397f6,18,22,2356.54,4.111111111111111,5.555555555555555,NITEROI,RJ,0.01532896379178139
6b803197e03abd5056b4313306b4f29d,7,12,530.62,4.714285714285714,0.0,SAO PAULO,SP,0.0034516090400311655
6b89abe95848c850399130d149a39b63,8,8,1465.73,4.375,0.0,PIRACANJUBA,GO,0.009534369074375033
6b90f847357d8981edd79a1eb1bf0acb,45,47,4059.73,4.355555555555555,0.0,GUARULHOS,SP,0.026407977023266596
6b9b80d53ba3676eafe60268a810b5a1,9,9,941.21,4.222222222222222,0.0,BELO HORIZONTE,SP,0.006122439682951515
6ba4733aa33f6386e9fb0c0fd3993b38,3,3,209.88,4.666666666666667,0.0,TORRES,RS,0.0013652401065201857
6bb0724edf0b62fb91ac404873a97241,17,18,4416.52,4.466666666666667,5.88235294117647,COTIA,SP,0.02872884617518835
6bb62a4912377c7bfe7cb17b406bc7e6,4,6,845.39,4.25,0.0,JUNDIAI,SP,0.005499143956790069
6bb66d9870c2e01c05655c7ed0e7ee13,3,3,321.02,3.6666666666666665,0.0,SAO PAULO,SP,0.0020881902944306745
6bbcb8924baf70b7fe2fe2097e8cd407,10,11,2646.8300000000004,4.5,0.0,BLUMENAU,SC,0.01721725972527551
6bcb2352a2a0c38b845f598298ab9d26,1,1,31.0,5.0,0.0,MARINGA,PR,0.00020165067325198093
6bd503a8230299c9316fb0f726933927,4,5,453.89,4.75,25.0,MORRINHOS,GO,0.0029524910994303748
6bd69102ab48df500790a8cecfc285c2,5,5,8359.02,3.0,20.0,SAO PAULO,SP,0.05437425841054109
6bef34c5be6f2bbd70aa5165f6df94b1,2,2,1330.88,2.0,0.0,TIMBO,SC,0.008657188645728916
6c12e40690c335dbc2f68a4134d30dc1,16,18,9624.26,4.071428571428571,0.0,CASTRO,PR,0.06260446801781
6c177e38df6d3f34182b1f1d427231bf,53,54,9115.05,4.150943396226415,1.8867924528301887,CURITIBA,PR,0.059292128039531246
6c17baf138731a4aaacc3210adf2037b,4,5,628.72,5.0,0.0,FRANCA,SP,0.0040897358479672725
6c1b6d0c604b776f844125f911eb7377,4,4,383.21000000000004,4.0,0.0,SAO PAULO,SP,0.0024927275644158584
6c6cc59a5c00cacc5054ca06d65cc282,1,1,1255.71,5.0,0.0,SANTA MARIA,RS,0.008168218287394998
6c6e3d67f969468f3bfd33f827a31222,5,6,316.41,4.8,0.0,MARINGA,PR,0.0020582028878599772
6c77cd583b36a13aacccf2b3ee23e233,1,1,31.689999999999998,5.0,0.0,MARILIA,SP,0.00020613902694694434
6c7d50c24b3ccd2fd83b44d8bb34e073,112,126,11123.789999999999,4.45045045045045,1.7857142857142856,PRESIDENTE PRUDENTE,SP,0.07235870137463396
6c9875b2f94ba781186f0c1aed8d1687,2,4,63.050000000000004,5.0,0.0,BROTAS,SP,0.0004101314499528193
6c99c983ce3b6ba0ab813e6790e81691,9,9,752.51,3.7777777777777777,0.0,UBERLANDIA,MG,0.004894972520285424
6cd68b3ed6d59aaa9fece558ad360c0a,149,157,13718.460000000001,4.456375838926174,1.342281879194631,BELO HORIZONTE,MG,0.08923666758001195
6cf476a4ca74498db55cbccdaa9dcfb6,4,5,197.14,3.0,25.0,SAO PAULO,SP,0.001282368184674049
6d04126aba80df143fd038e711b8fd96,1,1,108.86,1.0,100.0,RIO DE JANEIRO,RJ,0.0007081191061358272
6d1b9c9579132c87d2703ec38c30f2c5,4,4,367.39,4.5,0.0,CURITIBA,PR,0.0023898206724530732
6d22a1fcebb6dd08c9cd90b92a93e8d0,12,13,946.4300000000001,4.25,0.0,JOINVILLE,SC,0.006156395054382978
6d2f2e3b539480db1e0842b3a4e32e6e,3,6,474.26,3.6666666666666665,0.0,GUARULHOS,SP,0.003084995106338209
6d66611d7c44cc30ce351abc49a68421,164,174,16645.260000000002,3.9691358024691357,5.487804878048781,SAO PAULO,SP,0.10827509307916995
6d7f8d9d594e28796b6b3205b00f459c,3,3,477.01,3.6666666666666665,0.0,CURITIBA,PR,0.0031028834725137875
6d803cb79cc31c41c4c789a75933b3c7,58,66,9925.07,4.25,6.896551724137931,SAO JOAQUIM DA BARRA,SP,0.06456119508300123
6d988d6174a2c27441597174f8905515,19,23,737.2,4.105263157894737,10.526315789473683,MARINGA,PR,0.004795383107140656
6da1992f915d77be95d7fa48b36904af,7,9,383.66,4.0,0.0,SAO PAULO,SP,0.002495654751608226
6dc9bec584588412a6a338830946a3e4,1,1,364.96,2.0,0.0,SAO PAULO,SP,0.002374013861614289
6dd7dce75cd55c1ce255dc38d9f0cd46,1,1,96.33,4.0,0.0,PALHOCA,SC,0.000626613204979462
6ddc28b61be28373b4503a1f61cf98a9,11,11,1900.09,4.181818181818182,9.090909090909092,SAO PAULO,SP,0.012359820249656657
6df688df543f90e9b38f4319e75a9d88,39,55,2661.2,4.564102564102564,0.0,BELO HORIZONTE,MG,0.017310734569618437
6e0908ef4d4efadbc3cc2b74ea477cb0,8,11,750.28,3.75,12.5,RIO DE JANEIRO,RJ,0.004880466681532136
6e13dd869aa7185f601c941423abcc8f,5,6,598.08,4.8,0.0,SAO PAULO,SP,0.0038904269244691854
6e1862e15f33d9994bc25922a85e1efc,7,12,779.3199999999999,4.428571428571429,0.0,RIO CLARO,SP,0.00506936782834625
6e386f64c84e482f0b9abf960797ee1b,29,29,12820.81,4.607142857142857,6.896551724137931,SAO PAULO,SP,0.0833975796172816
6e4a902d1054e4e17aa6eab87fac1c75,7,8,695.7,4.142857142857143,14.285714285714285,SOROCABA,SP,0.004525431399400101
6e4f5ff6b086632ba8dcb558fb10249e,5,5,1053.25,3.4,0.0,FLORES DA CUNHA,RS,0.006851244245246739
6e864f5c4669eff3d98140a07cc50202,13,13,932.3599999999999,4.461538461538462,7.6923076923076925,SAO PAULO,SP,0.0060648716681682875
6eb94e1466490d327a09abf8f3552a50,9,9,1587.22,4.75,0.0,JUNDIAI,SP,0.010324644567709972
6ebf4eceee4dd9847201c82e77ef8123,1,1,82.03,5.0,0.0,RIO DE JANEIRO,RJ,0.0005335937008664514
6ec1a01e866584bb679eb9b098345919,30,31,4794.76,4.241379310344827,20.0,SANTOS,SP,0.031189244583279617
6edacfd9f9074789dad6d62ba7950b9c,205,216,15872.28,4.390243902439025,4.390243902439024,GUARULHOS,SP,0.10324696606593393
6ee85be3693ed79a8e80718743d80655,5,5,236.47,3.2,40.0,SAO PAULO,SP,0.0015382043452869655
6eeed17989b0ae47c9f11ece6f38ea90,3,3,676.01,3.6666666666666665,0.0,SAO PAULO,SP,0.004397350697582955
6f1a1263039c76e68f40a8e536b1da6a,2,5,253.19,2.0,50.0,SAO PAULOP,SP,0.0016469656116344853
6f229cc508fc6915ed5c499efd93baa4,13,14,2988.68,4.384615384615385,15.384615384615385,RIO DE JANEIRO,RJ,0.019440946262410656
6f835fd4be26989b1b064399da346143,2,2,229.25,5.0,0.0,CURITIBA,PR,0.0014912392530005364
6f83d9e4da896daae20b9b6b2d3ff8d2,11,11,985.04,4.363636363636363,0.0,PINHALAO,PR,0.006407547715488106
6f892e20a171e98efe17fdb971ff319b,41,50,6906.49,4.15,9.75609756097561,SAO PAULO,SP,0.044925753493808826
6fa9202c10491e472dffd59a3e82b2a3,3,3,7939.249999999999,4.333333333333333,0.0,SOROCABA,SP,0.051643713148896424
6fc26fe110feebd80a433e1f012a84f9,35,72,5128.06,3.911764705882353,11.428571428571429,FERNANDOPOLIS,SP,0.03335731456375978
6fd52c528dcb38be2eea044946b811f8,67,84,8881.58,3.393939393939394,13.432835820895523,SAO PAULO,SP,0.05777343827552674
7008613ea464bad5cb9b83456e1e6a8f,122,151,10432.44,4.2727272727272725,4.918032786885246,CANOINHAS,SC,0.06786156611809341
700f03c207639c22d933381ff60b35c2,3,3,910.63,3.6666666666666665,66.66666666666666,BARRETOS,SP,0.005923521051079077
70125af26c2d6d4ef401a1d02ae7701f,5,8,629.62,4.6,0.0,GOIANIA,GO,0.004095590222352007
70126eecc6aa1274392a1743866e9678,3,3,144.74,5.0,0.0,BARUERI,SP,0.0009415134982739264
701938c450705b8ae65fc923b70f35c7,74,111,15650.89,4.0,4.054054054054054,S JOSE DO RIO PRETO,SP,0.1018068550158934
702835e4b785b67a084280efca355756,1,1,18.560000000000002,5.0,0.0,JUIZ DE FORA,MG,0.00012073020953408923
7040e82f899a04d1b434b795a43b4617,208,223,12336.960000000001,3.650485436893204,7.6923076923076925,SAO PAULO,SP,0.08025020289944383
70849ca4f400aaabb62cb7462a6f1428,12,12,1143.24,4.416666666666667,16.666666666666664,BELO HORIZONTE,MG,0.007436616635115957
709e16e2b25c7474d980076c6bfc4806,60,80,6378.86,4.516666666666667,3.3333333333333335,BIRIGUI,SP,0.041493593986455836
70a12e78e608ac31179aea7f8422044b,312,323,35487.25,3.8129032258064517,9.294871794871796,JACAREI,SP,0.23083960820520516
70b52a4cfc823994561b00bad161b4ed,8,10,685.35,4.375,0.0,SAO PAULO,SP,0.004458106093975649
70bf57d811208f8923b41bbd499a67a4,7,7,869.73,4.142857142857143,0.0,FRANCO DA ROCHA,SP,0.005657472259595012
70c0fda4c313d87115644d39e62eec60,1,1,63.08,5.0,0.0,CARUARU,PE,0.0004103265957656437
70c27847eca8195c983ed7e798c56743,77,98,13529.18,4.233766233766234,6.493506493506493,RIO DE JANEIRO,RJ,0.08800542759829791
70c4eedec9cb4a85cda2f3f9673557b4,1,1,253.08,5.0,0.0,SAO PAULO,SP,0.0016462500769874623
70ee69419916dc13e3aed619061f996c,1,1,53.72,3.0,0.0,MOGI DAS CRUZES,SP,0.00034944110216440045
70eea00b476a314817cefde4aad4f89a,106,112,34149.66,4.40952380952381,6.60377358490566,ITATIBA,SP,0.22213877194600784
70f7e8018e3d46c748c92f026aa2585a,1,2,277.68,5.0,0.0,SAO PAULO,SP,0.0018062696435035502
70f84699be677ec988d1fa824aef7d90,5,5,1704.4399999999998,4.6,0.0,SETE LAGOAS,MG,0.01108714430701956
71039d19d4303bf9054d69e9a9236699,35,38,4158.65,3.8,20.0,SAO PAULO,SP,0.027051437816753236
710e3548e02bc1d2831dfc4f1b5b14d4,129,135,25717.41,3.421875,3.875968992248062,ROLANDIA,PR,0.16728816260636215
71271995e85f5b8530be99ed54a91b89,6,6,674.15,3.0,16.666666666666664,PORTO ALEGRE,RS,0.004385251657187837
712e6ed8aa4aa1fa65dab41fed5737e4,77,85,46149.82,3.3947368421052633,20.77922077922078,VIDEIRA,SC,0.30019813785347527
712efd3b68f9686dc856b84abd0f21ae,1,1,156.16,4.0,0.0,CURITIBA,PR,0.0010157990043557852
7139dc5186aa238b006e066d8fbab2e4,22,24,2247.93,4.0,13.636363636363635,AMPARO,SP,0.014622470900752433
713e3a23ca5e47786eb6f0d99f94cfac,4,4,1213.03,4.75,0.0,CURITIBA,PR,0.007890590844350013
7142540dd4c91e2237acb7e911c4eba2,316,328,44025.68,4.054140127388535,7.2784810126582276,PENAPOLIS,SP,0.286380903625041
714b9a1332840f257b49f476bea4e341,6,6,1658.0900000000001,3.3333333333333335,33.33333333333333,MONTE ALTO,SP,0.010785644026205712
71592660bbcb6a4664e97b6f8b68babc,6,7,2200.5499999999997,4.333333333333333,0.0,SAO JOSE DO RIO PRETO,SP,0.014314270613698275
71593c7413973a1e160057b80d4958f6,2,5,345.34999999999997,3.0,0.0,SAO PAULO / SAO PAULO,SP,0.002246453548631342
715bbd5ba4e6b74cb0d2f29eb45058b0,62,64,5315.88,4.467741935483871,8.064516129032258,SERRA NEGRA,SP,0.03457905744924969
7178e1eaa97257d8b6d4b80efd77a025,1,1,184.71,5.0,0.0,TATUI,SP,0.0012015127695604322
7178f9f4dd81dcef02f62acdf8151e01,202,215,41180.44,4.059701492537314,3.4653465346534658,VIDEIRA,SC,0.2678730145423486
717b78b0950b51ed00b1471d858b0edc,5,5,219.75,4.0,20.0,ALAMBARI,SP,0.0014294430789394456
718539d38d07dd351c76db862760e2e2,35,43,1907.61,4.628571428571429,0.0,CAMPINAS,SP,0.012408736800071334
71dc18fd8cbf5fd77f45dd8b427abb34,4,9,1229.4,5.0,0.0,CURITIBA,PR,0.007997075409547914
7202e2ba20579a9bd1acb29e61fe71f6,51,53,13217.21,3.98,3.9215686274509802,FRANCA,SP,0.08597610629073596
720e6cf846ea7572cbb66b743fb91e6c,1,1,68.55,5.0,0.0,MOGI DAS CRUZES / SP,SP,0.00044590818230397716
7210cd29727d674c00741e5e387b3ccd,9,13,874.18,4.444444444444445,11.11111111111111,SAO PAULO,SP,0.0056864188884973126
72146da5774cabf2632faedcae097a76,4,6,311.43,4.0,25.0,MARECHAL CANDIDO RONDON,PR,0.0020258086829311106
7238a95bb63ef7e498389fb863b834a1,15,15,2835.1099999999997,4.733333333333333,0.0,LIMEIRA,SP,0.01844199484656205
7238f877570096ae403c51898fa64566,3,3,1249.52,5.0,0.0,SANTANA DE PARNAIBA,SP,0.008127953201348877
723a46b89fd5c3ed78ccdf039e33ac63,1,1,90.03999999999999,4.0,0.0,"NOVO HAMBURGO, RIO GRANDE DO SUL, BRASIL",RS,0.0005856976328905923
723cd880edaacdb998898b67c8f9da30,11,12,2549.63,4.090909090909091,9.090909090909092,IBITINGA,SP,0.016584987291724133
72431a818f97fe6ab9c81eee3e297e54,1,1,249.39000000000001,5.0,0.0,RIO DAS PEDRAS,SP,0.0016222471420100492
725af026f869236a8dd0ceb98564d156,5,5,936.67,4.4,0.0,CLAUDIO,MG,0.006092907616610741
725c32fa80c2faacc4fc88450d27314e,89,93,9166.66,4.517241379310345,1.1235955056179776,SAO PAULO,SP,0.05962784388619366
7299e27ed73d2ad986de7f7c77d919fa,335,358,40911.93,4.429850746268657,4.179104477611941,ARAGUARI,MG,0.266126394468965
729b2d09b2a0bdab221076327f13d050,48,60,2739.91,4.5625,4.166666666666666,MINEIROS DO TIETE,SP,0.017822732133865645
729f06993dac8e860d4f02d7088ca48a,94,113,24798.27,4.21505376344086,9.574468085106384,LIMEIRA,SP,0.1613092851930452
72bc2cce903c872fe376a8faaa81d237,17,18,2404.97,4.647058823529412,0.0,SAO PAULO,SP,0.015643994182284404
72c38a04bd6a1c3dbc5298425a0db86d,4,5,760.65,3.75,0.0,CASCAVEL,PR,0.004947922084165138
72c5da29406b4234927b81855e7b64f6,31,31,12652.470000000001,4.129032258064516,3.225806451612903,GUARULHOS,SP,0.08230255141291908
72c73be2b085b9d57650dd53eb2004c9,1,1,47.32,5.0,0.0,SAO PAULO,SP,0.00030780999542850767
730937bf88cb151eb2eb849f642fc213,22,26,3277.17,4.409090909090909,4.545454545454546,RIO CLARO,SP,0.0213175334471353
7315baebc0572ff220d226283dc66728,2,2,76.22,4.0,0.0,SAO CARLOS,SP,0.0004958004617827737
731ef20c231d9a7103a425e83fd91271,2,3,2197.6,3.5,0.0,LAGES - SC,SC,0.014295081275437202
734def04b237117a09321dd6d8f3f2a2,2,2,1281.23,5.0,0.0,ARARAS,SP,0.008334222325504372
7354220fb240bde543b3c40c060d41e7,7,7,837.13,4.571428571428571,0.0,BRASILIA,DF,0.005445413809659057
7357b52d27cbaa90f81a96cbc1279396,12,12,1545.83,4.333333333333333,8.333333333333332,LAGOA SANTA,MG,0.01005540839461644
739c7d7be81f63812dea0d1b1451c651,2,2,149.3,4.0,0.0,CAMPINA GRANDE,PB,0.0009711756618232501
73a63f72308aa20a46f4b1632018f196,27,35,8638.1,4.1923076923076925,0.0,CURITIBA,PR,0.05618963485864311
73b8eb4a9a729d4019b24ed1be748cbf,7,7,655.5,4.857142857142857,0.0,CAMPINAS,SP,0.004263936010215273
73da1880b39c71de2b262bc7720c1494,2,2,444.99,5.0,0.0,SAO CARLOS,SP,0.002894597841625774
740205fedfe4e90ca6857bc77db0f2b4,1,1,251.83,5.0,0.0,CAXIAS DO SUL,SP,0.0016381190014531082
7402d13c03a7e91366337cd1de471144,3,3,584.79,4.333333333333333,0.0,CAMBE,PR,0.0038039773293879328
741f8c587cb4248ebc5b779a0e8e0e51,5,5,157.64,4.0,20.0,SANTO ANDRE,SP,0.0010254261977884604
744dac408745240a2c2528fb1b6028f3,78,83,24200.4,4.576923076923077,1.282051282051282,COLOMBO,PR,0.15742022428926578
74636e24f01da9268b0ed88dacd8513e,4,4,1048.6100000000001,4.0,25.0,SAO PAULO,SP,0.006821061692863218
747c1cdcd1737dcfbd1547f6eb6f2cf3,2,2,222.37,2.5,0.0,IBITINGA,SP,0.0014464858132594515
747e73c01a4593d4cf60dcf970fd2689,3,3,2341.76,4.333333333333333,0.0,VITORIA DE SANTO ANTAO,PE,0.01523282195466319
74871d19219c7d518d0090283e03c137,6,7,637.9100000000001,5.0,0.0,SAO PAULO,SP,0.0041495155152958445
7494d0dcba8551df6cf37f1b905dc2f7,1,1,62.97,3.0,0.0,SANTOS,SP,0.0004096110611186206
749e7cdabbaf72f16677859e27874ba5,1,1,61.739999999999995,1.0,0.0,GUARULHOS,SP,0.00040161008279281617
74a9b9bddf14ece02beb81f52c41a88d,2,2,117.06,3.5,0.0,SAO PAULO,SP,0.0007614589616411899
74bafed391319577bce6f4d2acc0589a,3,3,2084.73,2.6666666666666665,0.0,SAO PAULO,SP,0.013560877678987166
74c7dec0a384d8a05950e629bd23bde9,4,4,149.79,4.25,0.0,MOGI GUACU,SP,0.0009743630434327169
750303a20e9c56b2a6bc45cdce0b897d,53,56,9164.82,4.30188679245283,3.7735849056603774,GOIANIA,GO,0.05961587494300709
751bdc4d83a466c7206cd42e8f426b03,51,68,7540.9800000000005,3.938775510204082,1.9607843137254901,RIBEIRAO PIRES,SP,0.049053022386442685
751e274377499a8503fd6243ad9c56f6,1,2,235.84,5.0,0.0,CAMPINAS,SP,0.0015341062832176509
75745ef7bc7d4f3ea3380f6f5303f514,3,3,277.32,5.0,0.0,BRASILIA,DF,0.0018039278937496562
7586919161935337bf6b6d7ff5779648,11,18,1994.93,3.8181818181818183,18.181818181818183,RIO DE JANEIRO,RJ,0.012976741212599171
75a4764c108403a7a0575140cb22287c,5,9,927.0500000000001,4.6,0.0,CAXIAS DO SUL,RS,0.0060303308592983525
75d34ebb1bd0bd7dde40dd507b8169c3,57,67,13969.77,3.9298245614035086,12.280701754385964,SALVADOR,BA,0.09087140405404276
75fbb52eda0cbc24f479d3b2fbfa8d3e,38,41,1994.45,4.447368421052632,5.263157894736842,GOIANIA,GO,0.01297361887959398
75fdd0a732287f9497b179f6bd445d32,1,1,76.08,5.0,0.0,MAUA,SP,0.0004948897813229262
761681a821d8275bc79f552116d06869,3,3,514.9,5.0,0.0,SAO PAULO,SP,0.003349352634111128
762ed976527cddf02787edba70fffa2a,3,4,240.11999999999998,2.3333333333333335,0.0,LONDRINA,PR,0.001561947085847279
762fafdaa57a532ee0119731697579dd,5,5,260.87,5.0,0.0,ITU,SP,0.0016969229397175568
76623fde66e6b63b59440fd34160512d,3,3,88.74000000000001,4.0,0.0,GUARULHOS,SP,0.0005772413143348642
7681ef142fd2c19048da7430856b5588,58,76,34074.67,4.228070175438597,8.620689655172415,GUARULHOS,SP,0.22165097246255086
76833248bbc0e65a0293ec62023e4396,2,2,2630.6800000000003,5.0,0.0,BIRIGUI,SP,0.01711220622937165
768a86e36ad6aae3d03ee3c6433d61df,17,17,767.7,4.647058823529412,11.76470588235294,SAO PAULO,SP,0.0049937813501788955
768de2a4fc06aacecb9a586ccc30746a,13,13,663.71,4.384615384615385,0.0,BRASILIA,DF,0.004317340914324911
76c47a299e4a8fe992316a85865acbe9,6,10,1246.34,4.666666666666667,33.33333333333333,RIBEIRAO PRETO,SP,0.008107267745189481
76d336555bb25f3165d2f0d6da719c40,1,1,176.76,3.0,0.0,SOROCABA,SP,0.00114979912916194
76d5af76d0271110f9af36c92573f765,125,152,34011.04,4.120967741935484,9.6,SAO PAULO,SP,0.2212370681935501
76d64c4aca3a7baf218bf93ef7fa768d,64,69,20455.29,4.2265625,3.125,CURITIBA,PR,0.13305880645369397
76de363de16dacc923eec8daf91df504,2,2,410.41999999999996,2.5,0.0,XAXIM,SC,0.0026697248166476775
76ea5315acb3f5f7ade3cd261faf922a,15,15,1311.08,4.266666666666667,6.666666666666667,SAO PAULO,SP,0.008528392409264746
77128dec4bec4878c37ab7d6169d6f26,1,1,15.22,5.0,0.0,SAO PAULO,SP,9.900397570629515e-05
7722b1df1b0e383e000397b2c11e3e19,133,144,9106.08,4.2272727272727275,3.007518796992481,SAO BERNARDO DO CAMPO,SP,0.05923377944149673
77530e9772f57a62c906e1c21538ab82,311,380,53773.2,4.144694533762058,9.32475884244373,CURITIBA,PR,0.34978716073914257
77714512e8d4dda9c234da8e3faf16e4,4,6,348.97999999999996,4.25,0.0,GUARULHOS,SP,0.0022700661919831063
777a0c55737f34ffeb78010f7542ab41,6,6,528.33,4.333333333333333,0.0,SAO PAULO,SP,0.0034367129096522287
778323240ce2830d68aab11794e00bfb,3,3,242.43,4.333333333333333,0.0,SAO PAULO,SP,0.0015769733134347657
77a515caa36327151d1cc6c32a9f00e1,26,26,2613.58,4.423076923076923,11.538461538461538,DIADEMA,SP,0.017000973116061684
77e4abfd739aed9c46480f90f81c0eb4,18,18,4092.21,4.777777777777778,0.0,BRASILIA,DF,0.026619254889951253
77fccaae319668a8ab6cd0fd16aec48c,11,12,1888.44,4.454545454545454,0.0,CAMPOS DOS GOYTACAZES,RJ,0.012284038625676478
7813ea3ebd9411dc600b4dd01f7a97b9,9,9,1745.99,3.888888888888889,11.11111111111111,OSASCO,SP,0.01135742125778149
7816cd9c5b1238e320545f5bf7eb80e8,1,1,511.76,4.0,0.0,ARARAQUARA,SP,0.003328927372368831
781a66c0d89e30814d49fe8b5e14cd07,1,1,136.3,1.0,100.0,CAMPINAS,SP,0.0008866124762659677
782f78b632a43875dd5b53e3e49c9564,1,2,129.56,5.0,0.0,CAMPINAS,SP,0.0008427697169847306
784ba75dd9d20200c4caed3d7a77141a,19,22,8742.349999999999,4.131578947368421,10.526315789473683,SAO PAULO,SP,0.05686776655820822
78744a20ee2f80ba64f6804c25def2b8,6,6,3068.85,4.166666666666667,16.666666666666664,RECIFE,PE,0.019962440922881988
78813699ffac347fe27dba345a5f1551,1,1,200.54,5.0,0.0,BENTO GONCALVES,RS,0.001304484710127492
788e857f317e53de488d393e65a80f45,11,11,1394.95,4.909090909090909,0.0,SAO PAULO,SP,0.009073955053317768
788f22bafdd7ab0e1e79f19db72f16a4,2,2,152.04000000000002,4.5,0.0,SAO PAULO,SP,0.0009889989793945544
78a4d36f65a019172c6154468831a69f,7,7,1768.9,4.285714285714286,14.285714285714285,BAURU,SP,0.01150644761017513
78ba5933c21686d1c2f64669c8c459e7,2,2,212.57000000000002,4.25,0.0,MOGI DAS CRUZES,SP,0.0013827381810701158
78c99c6dff4eeae5be99bf635ed21e3f,31,39,2695.77,4.419354838709677,6.451612903225806,MARILIA,SP,0.017535607594596537
78ef7e885d17f35e2382a47aae8b8cce,3,3,453.44,4.666666666666667,0.0,SANTA CRUZ DO SUL,RS,0.0029495639122380075
7901646fdd36a55f564ffaf2dbccaaf7,22,27,12478.83,4.5,9.090909090909092,RIO DE JANEIRO,RJ,0.08117304744829087
791cfcfe22fe4a771ece27f90017da92,1,1,315.98,1.0,100.0,RIBEIRAO PRETO,SP,0.0020554057978761594
79565f7d5603b24ddf07ade262547f2f,7,7,444.11,4.428571428571429,28.57142857142857,ARARAQUARA,SP,0.0028888735644495888
7957cac1a02f45d0a4a7e45626382ec2,1,1,364.64,4.0,0.0,CURITIBA,PR,0.002371932306277494
7963e546f34e098b578f9ad102494601,1,1,82.22,5.0,0.0,SAO PAULO,SP,0.0005348296243476732
7994081388d55b9cf976c050653dd359,1,1,134.6,5.0,0.0,SAO PAULO,SP,0.0008755542135392461
7994b065a7ffb14e71c6312cf87b9de2,5,7,597.3399999999999,5.0,0.0,CARIACICA / ES,ES,0.0038856133277528474
79a679c36c08d606b3fd47ead9de109b,3,7,1072.22,2.0,33.33333333333333,SAO PAULO,SP,0.0069746414475560965
79b93a308a97792cf53ac75f46da00b5,1,1,116.04,5.0,0.0,RIO DE JANEIRO,RJ,0.0007548240040051571
79ebd9a61bac3eaf882805ed4ecfa12a,133,140,18730.52,4.052631578947368,4.511278195488721,CASCAVEL,PR,0.12183941833418367
79ed755314cfe6df0daef2c6cd3022cd,23,25,4366.66,4.7272727272727275,0.0,RIO CLARO,SP,0.028404513834274035
7a241947449cc45dbfda4f9d0798d9d0,56,66,9309.64,4.1454545454545455,7.142857142857142,JACUTINGA,MG,0.060557908830115206
7a2d2949aea47fab95fd98d6c9f618b1,11,12,1850.23,4.2727272727272725,0.0,CURITIBA,PR,0.012035487908742344
7a425d299613df3e613bcf9d2eaf5c49,18,18,1505.47,4.111111111111111,5.555555555555555,RIO DE JANEIRO,RJ,0.009792872227763217
7a67c85e85bb2ce8582c35f2203ad736,1145,1155,160278.52,4.274846086191733,5.240174672489083,SAO PAULO,SP,1.0425894021235833
7a704e63bb29c446869efde5d57524c8,1,1,109.89999999999999,5.0,0.0,FRANCISCO BELTRAO,PR,0.0007148841609804097
7a91bf945c6fae0779f1c61ce97fe45c,4,4,699.77,4.5,25.0,MESQUITA,RJ,0.0045519061813399575
7a9c12e235c36247c3c81f50d6ea9cea,5,5,1099.5900000000001,4.6,0.0,SAO CAETANO DO SUL,SP,0.007152679477456314
7aa4334be125fcdd2ba64b3180029f14,214,237,20330.52,4.131455399061033,11.682242990654206,LARANJAL PAULISTA,SP,0.13224719501815688
7aa538dd6e114e503a2e6154ea352253,5,5,1118.6,4.4,0.0,CATANDUVA,SP,0.007276336874182769
7ab0dd5487bab2dc835337b244f689fb,1,1,23.46,5.0,0.0,SAO JOSE DO RIO PRETO,SP,0.00015260402562875718
7ad32824caee82087b3e2e5f33b1bf32,147,180,25495.8,3.861111111111111,12.925170068027212,IBITINGA,SP,0.16584662048702759
7ad41305e96a6cab8294cd65891e9a86,2,2,237.6,5.0,0.0,RIO BONITO,SP,0.0015455548375700216
7adbd3210a7b3cc2235e225eef33574d,3,3,204.86,4.666666666666667,0.0,SAO PAULO,SP,0.0013325857071742199
7ade73f1b9b4e965f9009a4c3a7e2c15,26,27,2274.75,4.769230769230769,0.0,BAURU,SP,0.014796931257417536
7b07b3c7487f0ea825fc6df75abd658b,91,96,10552.16,4.417582417582418,4.395604395604396,SAO PAULO,SP,0.06864032800847171
7b0df942f46435babab05d49b744b2c4,32,32,23272.78,4.387096774193548,9.375,BRAGANCA PAULISTA,SP,0.15138618565952375
7b1222c3624aa89b9558b50a2594188c,22,22,10561.09,4.454545454545454,13.636363636363635,SAO JOSE DO RIO PRETO,SP,0.06869841641208914
7b3447b497e55af8c15fc7bd89d7b81a,1,1,70.65,5.0,0.0,SAO PAULO,SP,0.0004595683892016921
7b3f6ce5c6c22e9b96e7581ebf0df6e1,1,1,42.49,3.0,0.0,TAMBAU,SP,0.00027639151956376356
7b7ed56ae755e2880f2b69632e839c1e,5,5,456.6,4.2,0.0,GOIANIA,GO,0.0029701192711888546
7b7f91e98f8c6def45a1407923304402,11,14,620.49,4.181818181818182,9.090909090909092,OSASCO,SP,0.004036200846649085
7b8e8ec35bad4b0ef7e3963650b0a87b,5,5,2616.3,4.8,20.0,TUBARAO,SC,0.017018666336424442
7b98de631987e26dd6d803490c43a13c,8,8,778.6300000000001,4.625,0.0,LOANDA,PR,0.0050648794746512875
7bac63f6603d382cc8d0832eb6c100a8,19,19,8114.6,4.0,10.526315789473683,SAO PAULO,SP,0.05278434042485562
7bb8fac2913a6064ec412e583c6d8b4d,1,1,125.52,5.0,0.0,BAURU,SP,0.0008164900808576983
7bcd7c5f8631701474db233ccf1c094b,8,8,551.04,4.375,0.0,SAO PAULO,SP,0.003584438289960373
7c1fea10b5b006671d608b1d7c446ec4,14,14,647.75,4.0,7.142857142857142,BOITUVA,SP,0.0042135233419022785
7c4402417d51474d4d0cda9557340e40,1,1,147.59,5.0,0.0,SAO CAETANO DO SUL,SP,0.0009600523504922537
7c4618c82226628831613e95e9c22f44,13,13,499.46999999999997,4.076923076923077,7.6923076923076925,SAO ROQUE,SP,0.0032489826377150614
7c462184585ae80bd6e5774c62ce50f2,1,2,77.64,3.0,100.0,CAMPINAS,SP,0.0005050373635898
7c4adcc13272c0e26fa23aac642adb7b,2,2,165.63,3.0,50.0,SAO GONCALO,RJ,0.0010774000326040515
7c51de0ab286204ce75ff42bf7c10d92,4,4,908.64,4.5,0.0,PICARRAS,SC,0.005910576378828385
7c5b05cbdb5542049f38d90d7815b97d,21,23,1292.8899999999999,4.523809523809524,4.761904761904762,SAO PAULO,SP,0.008410068998088827
7c67e1448b00f6e969d365cea6b010ab,973,1355,237806.69,3.4958634953464323,9.146968139773895,ITAQUAQUECETUBA,SP,1.5468993271717781
7c9130f5f3729edd32aa059141d92484,3,4,193.14999999999998,3.3333333333333335,0.0,GARCA,SP,0.0012564137915683908
7caa63f175b1cecbfaadd8b5ab9998c7,1,1,27.64,1.0,0.0,SAO PAULO,SP,0.0001797943422156372
7cb946b1ad19faebe28c3e86c2794ec3,1,1,40.1,5.0,0.0,SETE LAGOAS,MG,0.0002608449031420786
7cf4ea70955b00d6b3c22542598e2715,1,1,204.81,5.0,0.0,SAO PAULO,SP,0.0013322604641528455
7d13fca15225358621be4086e1eb0964,558,571,120934.47,4.0414414414414415,11.469534050179211,RIBEIRAO PRETO,SP,0.786661848221661
7d294cf9a6a69dc6a0c3e540fff0e039,5,5,451.38,4.4,0.0,BARRA VELHA,SC,0.0029361638997573917
7d456afc660226829370f3173d14520c,54,87,9328.84,4.333333333333333,3.7037037037037033,MOGI DAS CRUZES,SP,0.06068280215032289
7d484ca289afaac6bf5fc6a1e96d2226,2,2,248.42000000000002,4.0,0.0,CAMPO GRANDE,MS,0.0016159374273953904
7d76b645482be4a332374e8223836592,172,183,6287.7699999999995,4.0,9.30232558139535,SAO PAULO,SP,0.040901066250116386
7d7866a99a8656a42c7ff6352a433410,5,5,207.38,4.4,0.0,SAO PAULO,SP,0.0013489779554514774
7d7d2b7a51328016102d4528c411d630,7,7,1098.85,4.142857142857143,14.285714285714285,IBITINGA,SP,0.007147865880739975
7d81e74a4755b552267cd5e081563028,1,1,39.99,4.0,0.0,SAO PAULO,SP,0.0002601293684950554
7d948535954aaf8c5d39db007f74372e,4,4,237.8,3.75,0.0,GUARUJA,SP,0.0015468558096555182
7daca0837f033a41a6f3428c18657533,7,7,1397.14,3.5714285714285716,28.57142857142857,TANABI,SP,0.009088200697653957
7dc8c42cc750eeafea6c85712ffee9bf,40,49,7179.14,4.2,5.0,SAO PAULO,SP,0.04669930368936214
7dc9a3355bae96dd82008b313d3a456c,1,1,949.62,5.0,0.0,DORES DE CAMPOS,MG,0.006177145559146649
7ddcbb64b5bc1ef36ca8c151f6ec77df,325,334,62202.75,4.029503105590062,8.307692307692308,SAO PAULO,SP,0.40462020695563405
7dea6f73af847b42cc3985bd620f994d,2,2,380.17,4.0,0.0,CASCAVEL,PR,0.0024729527887163093
7df1fc11cc5cbc518b39faa60cf5d67c,5,5,1171.96,4.2,0.0,CAMPO GRANDE,MS,0.007623436226593276
7e1fb0a3ebfb01ffb3a7dae98bf3238d,155,169,29052.62,4.189542483660131,11.612903225806452,FRANCA,SP,0.18898323815270857
7e26c750b4cb9f6766f58265ff9ebe95,23,27,1733.1799999999998,4.434782608695652,0.0,BELO HORIZONTE,MG,0.011274093995705428
7e3f87d16fb353f408d467e74fbd8014,91,93,6068.37,4.164835164835165,6.593406593406594,SAO PAULO,SP,0.03947389987232656
7e79d65b5c6f1f544b7daea036acf720,4,4,579.8900000000001,4.5,0.0,SAO CAETANO DO SUL,SP,0.0037721035132932657
7e93a43ef30c4f03f38b393420bc753a,318,321,170550.0,4.3627760252365935,4.716981132075472,BARUERI,SP,1.1094039459072693
7ea5bfa6c340f58f8e71fc1f0412b0d6,96,102,12470.26,4.189473684210526,6.25,BELO HORIZONTE,MG,0.08111730079442733
7ecd59e5e20407131822c1a68ac59c1f,24,29,2054.52,4.416666666666667,12.5,BRASILIA,DF,0.013364365845472896
7ecef8194babfec876ca720714327841,7,8,1114.26,4.285714285714286,0.0,CAMPINAS,SP,0.007248105779927493
7f02656561b680def9986c0795a8a080,1,1,53.85,5.0,0.0,SAO PAULO,SP,0.00035028673401997333
7f152321c60a266edc53af1925ef96c1,20,20,4471.92,3.8,30.0,CRICIUMA,SC,0.02908921544287092
7f2617c58d5d06806987308b45654351,22,23,3983.2700000000004,3.8181818181818183,9.090909090909092,SAO PAULO,SP,0.02591061539498123
7f35f9daf223da737b78738fbae4d977,5,5,353.01,4.0,0.0,VALINHOS,SP,0.002296280779505864
7f40d06aa0b5f1aa4f41af8c0480e2ef,6,6,1435.6200000000001,4.833333333333333,0.0,RIO CLARO,SP,0.009338507726903512
7f5e4d5efad7e44b91115dd1decb65f3,3,9,257.32,5.0,0.0,JACAREI / SAO PAULO,SP,0.0016738306851999912
7f7b8245c336066a1f9933c359f11d77,38,43,2630.23,4.552631578947368,2.631578947368421,MOGI MIRIM,SP,0.017109279042179286
7fc87cc3e89b3d1d5cabdca32f8485aa,14,14,2835.82,3.5714285714285716,21.428571428571427,GUARULHOS,SP,0.018446613297465567
7fdb0720c8d7c9075538b365dc8c3a22,9,10,2288.31,2.4444444444444446,11.11111111111111,TOLEDO,PR,0.014885137164814209
7fe21dd00d2f4943ae09525efa2fd674,2,2,189.01,5.0,0.0,RIO DE JANEIRO,RJ,0.00122948366939861
7ff588a03c2aeae4fbd23f9ae64b760d,14,16,1403.38,4.642857142857143,0.0,GUARULHOS,SP,0.009128791026721452
800214c63934acd05d47e84214db8ba8,3,3,250.41000000000003,5.0,0.0,JARAGUA DO SUL,SC,0.001628882099646082
804287717b9156fb7a787acd9af4fac1,1,1,33.9,5.0,0.0,MARINGA,PR,0.00022051476849168234
8060d731897e33b5c5ae575ce1e209e1,5,5,290.95,4.8,0.0,BLUMENAU,SP,0.001892589141376253
808d4348b916efa08e766ebad39f61eb,20,20,981.5400000000001,4.6,5.0,SAO PAULO,SP,0.006384780703991915
8090490573c6c0aa343a7231ebcb8c86,26,26,4298.03,4.1923076923076925,7.6923076923076925,SAO PAULO - SP,SP,0.027958085263135857
809413606dbfe5deefd2db646693ef67,3,5,247.05,4.333333333333333,0.0,SAO PAULO,SP,0.0016070257686097381
80ceebb4ee9b31afb6c6a916a574a1e2,1,1,6922.21,,100.0,LONDRINA,PR,0.04502800989972887
80cfd480be3eb6d6267139f5cb793555,1,1,126.34,4.0,0.0,SAO PAULO,SP,0.0008218240664082345
80e6699fe29150b372a0c8a1ebf7dcc8,95,97,13721.98,4.329787234042553,3.1578947368421053,PINHAIS,PR,0.08925956468871668
80f2cf9abf6b5a0e5c612b5eea6646e6,6,6,879.92,5.0,16.666666666666664,SAO JOSE DO RIO PRETO,SP,0.005723756787351066
8132b9bd16876e1b0f8808d43825dd48,1,1,98.9,5.0,0.0,FLORIANOPOLIS,SC,0.000643330696278094
813348c996469b40f2e028d5429d3495,172,195,14271.23,4.06508875739645,4.651162790697675,JUNDIAI,SP,0.09283235927851186
81336a0f57a33776419727a300249e90,15,18,1629.7,4.066666666666666,13.333333333333334,SAO CARLOS,SP,0.01060097103866946
8160255418d5aaa7dbdc9f4c64ebda44,380,424,54095.68,3.9547872340425534,13.684210526315791,IBITINGA,SP,0.35188484812979737
817245bcc3badd82bbd222e0366951a6,28,44,6044.83,4.111111111111111,3.571428571428571,BAURU,SP,0.03932077545786361
81783131d2a97c8d44d406a4be81b5d9,8,9,874.99,4.5,0.0,SOROCABA,SP,0.005691687825443574
817f85dbb65aa3e70831d90fe75cdf89,5,5,892.47,4.8,0.0,TIETE,SP,0.005805392785715981
8185694b58b2ba6de20fd41ae608bbea,8,8,1602.57,4.5,0.0,TABAO DA SERRA,SP,0.01042449417527184
818d28f936e791926d33bcb6ee94ef79,4,4,174.28,4.0,0.0,SAO PAULO,SP,0.0011336670753017818
81a1104df0f08b59c68aa5b03cfe398e,72,72,11115.43,4.314285714285714,4.166666666666666,SAO JOSE DOS PINHAIS,PR,0.0723043207414602
81ed90f07c0bacb7594940ba2ef676aa,2,2,257.46,4.5,0.0,DIVINOPOLIS,MG,0.001674741365659839
81f89e42267213cb94da7ddc301651da,46,52,4721.18,3.6739130434782608,0.0,PRESIDENTE PRUDENTE,SP,0.0307106169530254
820c7c9eaf76d2b226b6c242bcf3f34d,1,1,577.0,4.0,0.0,SAO PAULO,SP,0.0037533044666578385
820cc752a266cdc6c1a1e61dd4583330,15,15,3078.77,4.133333333333334,6.666666666666667,MARINGA,PR,0.020026969138322623
821fb029fc6e495ca4f08a35d51e53a5,24,25,19217.170000000002,3.4782608695652173,33.33333333333333,SAO PAULO,SP,0.1250050086612184
822166ed1e47908f7cfb49946d03c726,69,108,5535.95,3.985294117647059,1.4492753623188406,TRES RIOS,RJ,0.03601058208352593
822b63912576852aea9a8436d72317b7,3,4,680.99,5.0,0.0,MOGI GUACU,SP,0.0044297449025118224
822bad9bc42b51213ba522fe87b7ab5d,18,18,5687.34,4.111111111111111,27.77777777777778,BALNEARIO CAMBORIU,SC,0.036995352903642614
827f8f69dfa529c561901c4f2e0f332f,90,103,4961.54,4.278409090909091,6.666666666666667,CURITIBA,PR,0.03227412520537527
82921991ff5b557b045605b8bbf08d49,1,1,37.129999999999995,5.0,0.0,SAO PAULO,SP,0.00024152546767245323
82bd0703a4aefd6b599e5bfdaed378fb,16,17,2386.9,4.0625,6.25,MARILIA,SP,0.015526451354359781
82cb9f452fe8334df74b22d37824b431,14,18,1155.26,4.714285714285714,0.0,CAXIAS DO SUL,RS,0.0075148050574543055
82e0a475a88cc9595229d8029273f045,41,79,12216.4,3.6341463414634148,9.75609756097561,SAO PAULO,SP,0.07946597692630644
830379336fad8c6f3b15a4a3ddb5c66e,2,4,438.38,4.5,0.0,SAO PAULO,SP,0.0028516007142001094
83353a83fd769dfafa4f21a72b15e3e5,5,5,674.33,3.8,20.0,SAO PAULO,SP,0.004386422532064784
834f3294fba9f932f56edc879193f925,66,66,44207.42,4.545454545454546,6.0606060606060606,ARARAQUARA,SP,0.2875630969591318
834f8533b2ecb6598dd004ff3de7203a,41,45,5250.66,3.951219512195122,14.634146341463413,SAO PAULO,SP,0.03415481045216923
835f0f7810c76831d6c7d24c7a646d4d,42,48,5922.25,3.357142857142857,26.190476190476193,SAO PAULO,SP,0.03852340966666271
83645b1645cdee8953ee54c29ceed564,14,14,1245.1000000000001,4.428571428571429,0.0,SANTA TEREZINHA DE ITAIPU,PR,0.008099201718259402
8378eb36b6b70c5734e83ad7b8cdc3b7,7,13,1956.67,3.857142857142857,14.285714285714285,ITAJAI,SC,0.012727865252643663
83a75eea11694e36e56dd0cb2240229a,3,3,529.47,5.0,0.0,AMPARO,SP,0.003444128450539559
83b08de96980757220871b31bf6cffca,5,7,1758.38,4.0,20.0,RIO DE JANEIRO,RJ,0.011438016478478008
83c465a786b06574376909b35ef6752a,3,3,330.46,5.0,0.0,SAO CARLOS,SP,0.0021495961768661165
83c8aafbefb034674a70de0eac5b8954,2,2,185.87,5.0,0.0,FRANCISCO BELTRAO,PR,0.0012090584076563126
83deb69e889cf80f82be1dc6d5f2d486,40,42,6276.650000000001,4.325,5.0,FLORIANOPOLIS,SC,0.04082873220216278
83e197e95a1bbabc8c75e883ed016c47,46,54,7535.52,4.804347826086956,2.1739130434782608,MAGE,RJ,0.04901750584850863
83f2b4881141ce3fcd4e985125d3279e,3,3,101.38,5.0,0.0,RIBEIRAO PRETO,SP,0.0006594627501382524
8444e55c1f13cd5c179851e5ca5ebd00,92,102,23445.670000000002,3.369565217391304,6.521739130434782,CONGONHAL,MG,0.15251081097883135
845e8036c3f7bf62099352f5ed910240,21,24,2045.24,3.9523809523809526,0.0,RIO DE JANEIRO,RJ,0.013304000740705854
8476243f92442881ddd5b578975cf115,12,12,8113.03,4.083333333333333,8.333333333333332,CAMPO BOM,RS,0.05277412779398447
84c945f15571830c1a91a33978e94009,2,2,78.03999999999999,4.5,0.0,SAO PAULO,SP,0.0005076393077607932
84deb808079d1be601c209c1e771b1cc,2,2,58.14,5.0,0.0,CURITIBA,PR,0.0003781925852538765
85044848b1b767db2a4a58526adef4b4,4,4,305.51,3.25,0.0,OSASCO,SP,0.0019872999092004095
850857dfac77488c307e2b1cbd84ab5a,1,1,1638.72,5.0,0.0,CASCAVEL,PR,0.010659644879725361
850913d59ce317156b00f3705f1c3edb,29,30,2701.9,3.586206896551724,17.24137931034483,ATIBAIA,SP,0.01757548238901701
850f4f8af5ea87287ac68de36e29107f,186,191,48382.72,4.295081967213115,4.838709677419355,SAO PAULO,SP,0.3147228407020027
851773c885feb5e2da3b4f82bc2b17ce,10,10,837.13,4.2,20.0,LENCOIS PAULISTA,SP,0.005445413809659057
855668e0971d4dfd7bef1b6a4133b41b,300,311,38408.56,3.85472972972973,12.666666666666668,ITATIBA,SP,0.24984232202061624
8581055ce74af1daba164fdbd55a40de,380,427,73473.98,4.308707124010554,8.179419525065963,GUARULHOS,SP,0.47793798495169615
85cc55e048b6bcc90c75afe7f0e72f72,9,9,501.76,4.444444444444445,22.22222222222222,BARRA MANSA,RJ,0.0032638787680939986
85d9eb9ddc5d00ca9336a2219c97bb13,498,511,23504.489999999998,4.224242424242425,2.208835341365462,BELO HORIZONTE,MG,0.1528934268691759
85e7c62c1d6ea078c3897424f867a7c8,2,2,87.7,4.5,0.0,ITAPEMA,SC,0.0005704762594902816
85ecf03781da592876b7844acc1b729f,2,2,294.9,4.5,50.0,SAO PAULO,SP,0.0019182833400648118
8602a61d680a10a82cceeeda0d99ea3d,17,19,1079.9,4.411764705882353,0.0,SAO PAULO,SP,0.007024598775639168
8603f0038fe0e52fedd3382d266723de,10,10,2845.12,4.4,0.0,GAROPABA,SC,0.01850710849944116
8629a7efec1aab257e58cda559f03ba7,1,1,64.11,1.0,100.0,GOIANIA,GO,0.00041702660200595147
8629c241b3622ac12cd4118afdc8d394,13,13,1502.02,4.076923076923077,7.6923076923076925,RIBEIRAO PRETO,SP,0.009770430459288399
863d2ebcd347ce4922de7a0f9a5581d6,17,18,1605.58,4.0588235294117645,11.76470588235294,RIO DE JANEIRO,RJ,0.010444073805158565
8648b1e89e9b349e32d3741b30ec737e,93,100,8649.02,4.161290322580645,9.67741935483871,JACAREI,SP,0.056260667934511226
866558b3bccef2dbc6d29a2b5995016f,5,6,1870.75,4.8,0.0,ARAPONGAS,PR,0.0121689676447143
86bb7c4b535e49a541baf3266b1c95b1,13,13,7127.26,2.9166666666666665,23.076923076923077,FRANCA,SP,0.04636183153038431
86bf77bdb52e615674772d5817c6212f,4,5,379.38,4.75,0.0,VIAMAO,RS,0.0024678139489785972
86ccac0b835037332a596a33b6949ee1,178,208,19799.95,4.228813559322034,2.247191011235955,BLUMENAU,SC,0.12879591122114709
86ff3eaef0267069cc891a2ed9d10a17,7,7,550.36,4.714285714285714,0.0,PALHOCA,SC,0.003580014984869685
870d0118f7a9d85960f29ad89d5d989a,45,61,4428.03,4.044444444444444,4.444444444444445,POCOS DE CALDAS,MG,0.02880371711870868
87142160b41353c4e5fca2360caf6f92,305,339,38314.31,4.40625,3.934426229508197,PORTO ALEGRE,RS,0.24922923892532595
8759e7aedd644f487315e5860962f162,3,3,793.3399999999999,3.6666666666666665,33.33333333333333,SANTO ANDRE,SP,0.005160565971539566
876182d1918783bbe15233febfbd4926,3,3,155.0,4.0,0.0,SAO PAULO,SP,0.0010082533662599045
87b4428a334b8f676fd9a7f3bf544fb5,1,1,48.98,5.0,0.0,GUAIMBE,SP,0.00031860806373812986
87b740daf17b5d1be335a64164ec6842,11,11,13354.83,3.727272727272727,9.090909090909092,SUZANO,SP,0.0868713051827662
87d30a6a0cbf89356e49324971ab1d24,17,17,2349.91,4.352941176470588,5.88235294117647,SAO PAULO,SP,0.015285836567147177
87d3c3aeb3ead335511b3ce315eb341e,15,15,963.06,3.5,6.666666666666667,SAO PAULO,SP,0.006264570883292023
87d73636a3acf123e842bb890a4db036,1,1,313.60999999999996,5.0,0.0,NHANDEARA,SP,0.0020399892786630235
87e24fc7052259b1f7f607d61c10d8be,7,7,7288.25,3.857142857142857,14.285714285714285,SAO PAULO,SP,0.04740904901060484
880ce4951cf857ab1d9e0b75c1d856f4,1,1,197.72,5.0,0.0,BELO HORIZONT,MG,0.0012861410037219893
883dd81e82754ac2c65e9790a7db8c9a,5,5,394.46000000000004,4.4,0.0,CURITIBA,PR,0.0025659072442250452
88460e8ebdecbfecb5f9601833981930,246,300,36258.590000000004,3.442857142857143,17.073170731707318,MARINGA,PR,0.23585706724734012
888faa8bfb0b159c37de6d898b961c31,19,23,2945.0,4.2105263157894735,0.0,BRACO DO NORTE,SC,0.019156813958938188
889009a0ed0bb52c87819941192931b8,1,1,122.98,4.0,0.0,LENCOIS PAULISTA,SP,0.0007999677353718908
88ae906ea2acf6971f26c3e8b7cb4357,3,3,288.01,3.3333333333333335,33.33333333333333,SAO PAULO,SP,0.0018734648517194524
88cd3681e0a2ba85e190f7d817629c4c,1,1,199.36,4.0,0.0,BRUSQUE,SC,0.0012968089748230619
88cf19ec1fc2c58f161aee259d57142c,14,14,1607.68,4.5,0.0,SAO CARLOS,SP,0.01045773401205628
88ef59b51bdaa941d10a853429f2b6ce,2,2,294.7,2.0,0.0,GUARATUBA,PR,0.0019169823679793152
891071be6ba827b591264c90c2ae8a63,85,90,4957.05,3.9529411764705884,14.117647058823529,SAO PAULO,SP,0.03224491838205588
8931a84a914b3fe9b1ddaa4d704947ca,29,32,5092.89,4.071428571428571,6.896551724137931,SAO PAULO,SP,0.0331285386225252
8936ba0de1073ee888cb3185ae5dc661,1,1,412.21000000000004,5.0,0.0,SAO PAULO,SP,0.0026813685168128733
897060da8b9a21f655304d50fd935913,303,412,28175.64,3.7216666666666667,10.231023102310232,RIBEIRAO PRETO,SP,0.1832786056550143
89757206b887aed36f3e18d858460fea,2,2,176.14,5.0,0.0,SAO PAULO,SP,0.0011457661156969005
89a51f50b8095ea78d5768f34c13a76f,10,11,854.26,4.7,0.0,BRASILIA,DF,0.005556842068781846
89ad3263c0931c47f976d7c5778e60f6,6,6,699.74,4.166666666666667,0.0,SAO PAULO,SP,0.004551711035527133
89bc797e2e29667aa035d4368f9b7f92,12,14,416.46000000000004,4.083333333333333,25.0,SAO PAULO,SP,0.0027090141736296766
89c127985a8b130cfa45c1d36764017a,6,6,1441.69,3.4,0.0,OSASCO,SP,0.009377992229698335
89d9a386b0b6e5fc8403071b03f7206a,2,5,235.25,4.0,0.0,SAO PAULO,SP,0.0015302684155654358
89dda63a3c907c468ec88c310ed91213,1,1,65.39,5.0,0.0,MAUA/SAO PAULO,SP,0.0004253528233531301
89de2d6f23e9746ff309705b23581faa,8,8,500.08,2.7142857142857144,0.0,LONDRINA,PR,0.003252950602575826
89f69225956f951295ca4c7fb1266553,11,12,1318.71,4.2727272727272725,0.0,VASSOURAS,RJ,0.008578024494326444
8a130737016f838139d31878787a39c9,56,62,5064.32,4.446428571428571,7.142857142857142,SAO PAULO,SP,0.032942694760111996
8a1ff5c35f6595a73fef4c7b96e4908a,2,2,1882.8,5.0,0.0,SAO JOSE DOS PINHAIS,PR,0.012247351212865474
8a207b6080964f3c1fc9d35bd6096ba4,2,3,730.0400000000001,5.0,50.0,JACI,SP,0.004748808306479876
8a2d12a90e92f012ce5226fc6592b653,18,18,1933.62,4.588235294117647,0.0,CURITIBA,PR,0.012577928219790173
8a32e327fe2c1b3511609d81aaf9f042,125,168,8297.91,3.9596774193548385,3.2,SAO PAULO,SP,0.05397674638981757
8a40ae794fa3f9892cee24bd5af0488b,6,6,946.26,3.1666666666666665,33.33333333333333,CURITIBA,PR,0.006155289228110306
8a43128d7f9a3db592b866e6861a6cce,3,4,1058.49,2.3333333333333335,0.0,SAO PAULO,SP,0.006885329713886751
8a432f4e5b471f8da497d7dc517666e2,95,106,9520.11,4.191489361702128,2.1052631578947367,PRESIDENTE PRUDENTE,SP,0.06192698680428762
8a87611c08849ffeeccab52aa798b6c7,6,6,700.95,4.666666666666667,0.0,CURITIBA,PR,0.004559581916644389
8a8835a43bda99fd37310ad76c457510,2,3,258.54,4.5,0.0,SAO CAETANO DO SUL,SP,0.0016817666149215212
8a9260f2b0340411d6d2a56bcf4f7378,8,9,1396.94,4.75,0.0,CONTAGEM,MG,0.009086899725568458
8ab42aa58097fd4668d60cc648225d5f,20,26,3210.39,4.2,0.0,GOIANIA,GO,0.02088313886778797
8ae520247981aa06bc94abddf5f46d34,65,65,17766.34,4.446153846153846,0.0,NAVEGANTES,SC,0.11556756200721287
8b181ee5518df84f18f4e1a43fe07923,1,1,54.98,5.0,0.0,GOIOERE,SP,0.0003576372263030294
8b2492b7ff4468839593fafeed55bad9,29,45,4336.26,4.172413793103448,6.896551724137931,SAO GONCALO,RJ,0.028206766077278546
8b28d096634035667e8263d57ba3368c,139,151,11533.04,4.014598540145985,10.79136690647482,SAO JOSE DOS CAMPOS,SP,0.07502081550458149
8b2d4ab22f42c5cfc338b846decfda60,6,9,643.3199999999999,4.833333333333333,0.0,FAZENDA RIO GRANDE,PR,0.004184706810208528
8b321bb669392f5163d04c59e235e066,930,1005,31186.94,4.10475161987041,8.709677419354838,SAO PAULO,SP,0.20286669186029466
8b655f0855926bcb49f5835d38dfddf6,5,5,1162.81,4.8,0.0,OSASCO,SP,0.007563916753681803
8b87cd0d43d49b9bdf40f56229364d59,2,2,864.88,5.0,0.0,SAO PAULO,SP,0.0056259236865217185
8b8cfc8305aa441e4239358c9f6f2485,15,15,13110.7,4.2,13.333333333333334,LONDRINA,PR,0.08528327360660472
8b9d6eec4a7eb7d0f9d579ce0b38324d,48,52,5826.85,4.0625,14.583333333333334,MESQUITA,RJ,0.03790284598188081
8bb48dc19fccaa8613b6229bf7f452a2,82,95,6048.12,4.414634146341464,2.4390243902439024,ASSIS,SP,0.039342176448670024
8bd0e3abda539b9479c4b44a691be1ec,6,12,638.02,2.5,33.33333333333333,TRES DE MAIO,RS,0.004150231049942867
8bd0f31cf0a614c658f6763bd02dea69,33,35,5423.320000000001,4.28125,3.0303030303030303,SAO PAULO,SP,0.0352779396535785
8bdd8e3fd58bafa48af76b2c5fd71974,10,10,2314.2200000000003,4.9,11.11111111111111,SAO PAULO,SP,0.015053678098490302
8c0de775f52fe41590b376a3b7c50f68,8,8,707.52,4.25,0.0,SUMARE,SP,0.004602318849652952
8c16d1f32a54d92897cc437244442e1b,105,115,7595.08,4.336538461538462,0.9523809523809524,BLUMENAU,SC,0.04940493533556953
8c351ed7c326c62123318f4f3246e906,2,2,150.66,5.0,0.0,PRAIA GRANDE,SP,0.0009800222720046273
8c3b533c63cca56240f94f1e3a6b18ef,3,5,2459.8199999999997,2.0,66.66666666666666,BELO HORIZONTE,MG,0.01600078577673186
8c5e007d7bd5693fa1386ffefbc99f6c,9,24,1407.4099999999999,4.333333333333333,0.0,INDAIATUBA,SP,0.009155005614244207
8c91bfea4263b8fba54081460693e2a1,2,2,785.75,5.0,0.0,HORIZONTINA,RS,0.005111194080894968
8c9348f33ae3dada25c99c99ade2af78,2,2,364.93,5.0,0.0,CARAPICUIBA,SP,0.0023738187158014643
8ca1551acf9832a4cf467bbbac15851f,11,12,2442.94,3.909090909090909,9.090909090909092,CAMPO LARGO,PR,0.015890983732715944
8ca5b19e0263150d2c57afdde2b3d011,3,4,224.68,4.666666666666667,0.0,MAUA,SP,0.001461512040846938
8cb7c5ddf41f4d506eba76e9a4702a25,1,1,97.88,5.0,0.0,ANAPOLIS,GO,0.000636695738642061
8cbac7e12637ed9cffa18c7875207478,66,81,4596.71,4.166666666666667,6.0606060606060606,JARAGUA DO SUL,SC,0.029900956975616556
8cc6a0e5738e61a87b03c78b2ba9db4b,23,24,13776.6,4.478260869565218,8.695652173913043,ANDRADAS,MG,0.08961486016526582
8ccf3cf69651cc1d8a02c8bfaf3b8568,2,2,288.63,3.5,50.0,RIO CLARO,SP,0.001877497865184492
8cf21434553b02cbd37c0bbd07e041b0,1,1,73.21000000000001,4.0,0.0,SAO JOSE,SC,0.0004762208318960492
8d46553a36e68f95350a200c12f8f2e2,9,11,817.21,4.222222222222222,0.0,CAMPINAS,SP,0.0053158369899435915
8d79c8a04e42d722a75097ce5cbcf2ef,26,27,3347.25,4.576923076923077,7.6923076923076925,CAUCAIA,CE,0.021773394065893327
8d899e15a5925f097cca50faa49b15e3,4,10,795.98,3.75,25.0,SAO ROQUE,SP,0.005177738803068122
8d92f3ea807b89465643c219455e7369,3,8,252.77,1.0,66.66666666666666,SAO PAULO,SP,0.0016442335702549428
8d956fec2e4337affcb520f56fd8cbfd,210,227,14302.05,4.214285714285714,6.190476190476191,SAO BERNARDO DO CAMPO,SP,0.09303283907688689
8daab2245ebdc277c51098d01c5ad8ef,16,16,1888.64,4.625,0.0,SAO PAULO,SP,0.012285339597761975
8dd386be0767c330276ea6a3f96532d3,1,2,134.48000000000002,5.0,0.0,PAULO LOPES,SC,0.0008747736302879483
8de8fe3af4449ed695d2434c933ed73e,1,1,2155.35,5.0,0.0,SAO PAULO,SP,0.014020250922376035
8def3db7f272735afb2ecd03aeca09a7,2,2,229.64,5.0,0.0,RIO DE JANEIRO,RJ,0.0014937761485672547
8dfbc5ff27df12f6cef751d3b9554222,4,4,316.12,4.5,0.0,CURITIBA,PR,0.002056316478336007
8e29d051f810eb22959ede205b462b9f,2,2,813.28,4.0,50.0,MIRASSOL,SP,0.005290272888463582
8e2b3afb420011ef0c88c9d5f11ea526,11,11,1532.43,4.2727272727272725,9.090909090909092,CAMPINAS,SP,0.009968243264888165
8e34331b7eedd03be4e5d965c1956225,5,5,210.44,4.8,20.0,SAO PAULO,SP,0.0013688828283595763
8e4f041ff58e7845456d3482524014b3,2,2,182.39000000000001,3.0,50.0,PORTO ALEGRE,RS,0.001186421493368671
8e670472e453ba34a379331513d6aab1,1,1,1083.96,1.0,100.0,JUIZ DE FORA,MG,0.0070510085089747505
8e6cc767478edae941d9bd9eb778d77a,100,108,8098.61,4.071428571428571,6.0,ARAGUARI,MG,0.052680327706620164
8e6d7754bc7e0f22c96d255ebda59eba,84,129,15793.35,3.6011904761904763,13.095238095238097,SAO JOSE DOS CAMPOS,SP,0.10273353743239268
8e8a7ce9f2f970dc00e2acf6f6e199f6,63,64,9968.78,4.0,6.349206349206349,SAO GONCALO,RJ,0.06484552253228654
8ea394aed8138685abe1eb9f25e1021d,2,2,1417.6,4.0,0.0,SOROCABA,SP,0.009221290142000262
8eb88b0acb3f90a717ad659221471fa7,2,2,160.67,4.5,0.0,CACADOR,SC,0.0010451359248837345
8ec76bb0965af3f007692b26fa9d6623,1,1,2028.75,5.0,0.0,CRICIUMA,SC,0.013196735592256655
8ed8ea9a57c862f2c18c2fe41f601d56,19,19,4562.97,4.473684210526316,0.0,BLUMENAU,SC,0.029681482984793273
8f0fbe2cd4d472157dc1cdef6edecaa9,2,2,94.75999999999999,3.0,0.0,SAO PAULO,SP,0.0006164005741083132
8f119a0aee85c0c8fc534629734e94fd,75,81,4645.89,4.28,4.0,BARUERI,SP,0.03022086601144018
8f2b51a30523cdecddc2f179f351c7d6,7,8,1176.23,4.142857142857143,0.0,SAO PAULO,SP,0.0076512119806186295
8f2ce03f928b567e3d56181ae20ae952,151,172,24969.8,4.1466666666666665,12.582781456953644,PIRITUBA,SP,0.16242506390217137
8f54d64f28a993550aa7943f12572959,15,16,3133.12,3.7333333333333334,6.666666666666667,IPATINGA,MG,0.020380508302556336
8f580d36c1e9d6fbce95283403c7d447,8,8,4993.4,4.375,12.5,RIBEIRAO PRETO,SP,0.03248137005859489
8f78f0903005064036736c7173a5c2ed,13,21,2745.95,3.769230769230769,0.0,TIRADENTES,MG,0.017862021490847646
8fb67a334bacec338885b4e9e1708073,1,1,98.42,5.0,0.0,TOLEDO,PR,0.000640208363272902
8fb791022c1fc8909664f48ab7dc636d,5,5,8483.35,4.2,0.0,SAO PAULO,SP,0.05518300770749009
8fbd63429be6d3e5e6d1a709b6464802,6,8,1240.97,4.833333333333333,0.0,SANTO ANDRE,SP,0.008072336644693897
8fbe2ee446b97e128471be4ce983dc0d,3,3,188.5,3.0,33.33333333333333,SOROCABA,SP,0.0012261661905805937
8fd3b4468f6425810648177996c14cbd,1,1,376.57,5.0,0.0,SAO JOSE DO RIO PRETO,SP,0.0024495352911773696
8fdca8e349553f99bc738833a62c8802,21,28,1250.43,4.15,4.761904761904762,SAO PAULO,SP,0.008133872624337887
8fe8786ee000001ab51d030dfd4a7bf1,5,5,2456.44,4.6,0.0,PAULO LOPES,SC,0.01597879934848697
8fec2e460530482132c436cfb5439925,3,5,548.61,4.333333333333333,33.33333333333333,LARANJAL PAULISTA,SP,0.0035686314791215893
8ff1a9df749e454105c55cda13e79143,13,14,1677.81,3.727272727272727,0.0,MARILIA,SP,0.010913919873835682
8ff38bc3969e67c36c48343a07090f66,2,8,3859.56,2.5,0.0,SAO PAULO,SP,0.02510589911149727
8fff28c4263ddec387f28d237fb42773,2,4,112.63,5.0,0.0,SAO PAULO,SP,0.000732642429947439
900ba814c251a692506d7834c1218441,86,86,31167.460000000003,4.226190476190476,13.953488372093023,SALTO,SP,0.20273997717916728
901b460cdce0c64e471230d7f2f9f3a3,5,5,2012.56,4.4,0.0,PORTO ALEGRE,RS,0.0130914219019357
902c99f1ac505c0d18778b61bcd636f7,3,3,205.29000000000002,5.0,0.0,MOGI GUACU,SP,0.0013353827971580377
903037660cf848a717166eb7a06d616e,44,59,9019.17,3.9545454545454546,11.363636363636363,SAO PAULO,SP,0.058668442021744156
90b36c5aeb728d5504a39f435bef0c5f,4,4,247.89,5.0,0.0,CONCHAL,SP,0.001612489851368824
90b57083da5d803237da74daec6dcb2b,2,2,241.20999999999998,5.0,0.0,CURITIBA,PR,0.001569037383713236
910a922b426b7ff95eaee129ad6c0e1f,2,2,150.95999999999998,5.0,0.0,SAO JOSE DO RIO PRETO,SP,0.000981973730132872
913fd0ebba70bb919f7254a02239173c,1,1,179.12,1.0,0.0,BLUMENAU,SC,0.001165150599770801
9140bd1d9de28b197dce077bdd687438,6,8,1442.9299999999998,4.166666666666667,0.0,AMPARO,SP,0.009386058256628412
9140ef75cc8211c4035935e80e567204,1,1,72.18,5.0,0.0,MARINGA,PR,0.00046952082565574144
91543f9849d68d023e17194926598543,4,6,1100.57,4.5,0.0,BLUMENAU,SC,0.007159054240675246
916748bc99315c2d202898ae58b1617e,25,32,746.51,4.28,0.0,SOROCABA,SP,0.004855943357720525
916c9de0b5ad957346eeeb12f332687e,22,27,5814.27,4.545454545454546,0.0,CURITIBA,PR,0.03782101483770307
918717417d88a9f9ae9735567e6c7682,4,4,389.22,5.0,0.0,SAO PAULO,SP,0.002531821775585033
918f6fbcf3ab724d805867303e593a1b,2,3,112.58,4.0,0.0,VALINHOS,SP,0.0007323171869260649
9198786624eaeb375793215cad26cfa6,8,9,1052.7,4.0,0.0,RODEIO,SC,0.006847666572011624
91f0eec23d4a61d7d7caeefa3f0ad1ca,11,11,2545.26,3.5454545454545454,27.27272727272727,TUBARAO,SC,0.01655656105165603
91f5779a8731baca4809fdeade81803f,6,6,2117.09,3.8333333333333335,0.0,BARRA MANSA,RJ,0.013771374962420526
91f848e9f4be368f4318775aac733370,60,70,6862.49,4.396551724137931,1.6666666666666667,SAO PAULO,SP,0.044639539634999566
9200e6ce317b67196b6b0bad4d4bd567,1,1,51.42,3.0,0.0,RIO DE JANEIRO,RJ,0.000334479923181189
921323538c9f1c4e816f2720eac02bea,15,17,1642.2,3.933333333333333,20.0,SAO PAULO,SP,0.010682281794013003
9261d76c62caaf0b24677c2ceb7f8f20,6,7,1216.24,3.8333333333333335,0.0,PALHOCA,SC,0.007911471446322236
929f342384a6607afe143d789ade1316,4,4,272.76,5.0,0.0,LONDRINA,PR,0.0017742657302003326
92c8bc6e8f925792247656fed09aad65,2,2,161.24,3.0,50.0,SAO PAULO,SP,0.0010488436953274003
92d14edfb62ee5ae7fdff70b0f4e7233,8,13,487.65000000000003,3.375,0.0,SAO BERNARDO DO CAMPO,SP,0.00317209518746221
92eb0f42c21942b6552362b9b114707d,334,358,11262.039999999999,4.021084337349397,4.790419161676647,SAO PAULO,SP,0.07325799832873352
9315e491484b1b0081ca166fc164108d,1,1,60.4,3.0,0.0,LONDRINA,PR,0.0003928935698199887
933446e9a59dece7ae9175103820ca8f,1,1,87.36999999999999,5.0,0.0,CURITIBA,PR,0.000568329655549212
934ed5cd1b9c1c7382d0a94a94b9e639,1,1,152.47,5.0,0.0,CURITIBA,PR,0.0009917960693783718
939e6227d6964a11a70aa91243e418f2,4,4,488.25,4.25,0.0,CONSELHEIRO LAFAIETE,MG,0.0031759981037186996
93b9a99027bd8bd6af682aff18dd19bf,19,20,2366.79,4.111111111111111,0.0,MAIRIPORA,SP,0.015395638611163094
93bef6edaa84956e8e575016449b6351,1,1,129.56,5.0,0.0,SAO PAULO,SP,0.0008427697169847306
93dc87703c046b603023e75222018b45,33,34,8798.34,4.129032258064516,9.090909090909092,BELO HORIZONTE,MG,0.05723197369354303
94144541854e298c2d976cb893b81343,68,76,18715.65,4.253731343283582,4.411764705882353,VIAMAO,RS,0.121742691059627
941554c5757b73ba0e50aa7732310afc,3,4,166.35,4.666666666666667,0.0,SAO PAULO,SP,0.0010820835321118396
94165aea8a35c3c21499cbcae239b16c,1,1,196.11,2.0,0.0,UBERLANDIA,MG,0.0012756681784337415
94231344608e603693b0a8891143f65d,3,3,824.1800000000001,4.0,0.0,PORTO ALEGRE,SP,0.00536117586712315
9449f25aeaf531019b76999ea49a6949,9,9,2150.04,4.222222222222222,22.22222222222222,RIO DE JANEIRO,RJ,0.013985710113506097
9485a23c0430ba1d58d359391606fce6,4,4,885.8599999999999,3.75,25.0,SANTO ANDRE,SP,0.005762395658290316
94b9108d4b637ba65bb4f1e53cfcf8d8,7,8,334.09000000000003,4.428571428571429,14.285714285714285,GUARULHOS,SP,0.0021732088202178813
94c49f20a123aeb9360dbf80ff912bf6,3,3,339.29,3.6666666666666665,0.0,SOROCABA,SP,0.002207034094440794
94ca168e8bcb407ab85c5da308863027,5,5,311.65999999999997,5.0,0.0,CLEMENTINA,SP,0.002027304800829431
94d76e96eedd976258cd3278ce56d5f2,1,1,454.17,5.0,0.0,SAO ROQUE,SP,0.0029543124603500703
94e93ce877be27a515118dbfd2c2be41,29,34,6290.04,4.035714285714286,0.0,VOTUPORANGA,SP,0.040915832283286775
951e8cef368f09bb3f3d03c00ca4702c,62,69,5353.54,4.133333333333334,6.451612903225806,IBITINGA,SP,0.03482403049294871
9523fb39dd240aa958e040f8183d64f3,1,1,168.29000000000002,1.0,0.0,SAO PAULO,SP,0.0010947029613411572
9535a841eecebed61a9fb1ac1cbb5597,2,2,818.33,3.0,0.0,SAO PAULO,SP,0.005323122433622373
9539213aa8e023c01937bef95dc006da,9,9,319.03999999999996,4.555555555555555,11.11111111111111,SAO PAULO,SP,0.0020753106707842575
954e95f20808d7e5d11f0de292d078e0,3,4,277.96,4.666666666666667,0.0,JOAO MONLEVADE,MG,0.0018080910044232456
9558aa23f77a9e0a0eca83540999f43b,1,1,53.519999999999996,5.0,0.0,APUCARANA,PR,0.0003481401300789038
955fee9216a65b617aa5c0531780ce60,1261,1472,156606.48,4.201117318435754,6.106264869151467,SAO PAULO,SP,1.018703294439448
9596c870880d900012f2e8e6e30d06d7,21,23,9371.710000000001,4.285714285714286,4.761904761904762,VARGINHA,MG,0.06096166551684911
9599519be538b98748162a2b48248960,1,3,630.0600000000001,1.0,0.0,SAO PAULO,SP,0.0040984523609401005
95b293867b5862941c9cd74f756a3c68,9,9,746.22,3.5555555555555554,44.44444444444444,SAO PAULO,SP,0.004854056948196555
95cca791657aabeff15a07eb152d7841,1,1,28.22,5.0,0.0,PALOTINA,PR,0.00018356716126357746
95e03ca3d4146e4011985981aeb959b9,172,190,14054.46,4.0323529411764705,3.488372093023256,RIO DE JANEIRO,RJ,0.0914223006836463
95ec4458365c4d11f452ccf538377619,27,31,2303.43,4.615384615384615,3.7037037037037033,LIMEIRA,SP,0.014983490654477754
95f83f51203c626648c875dd41874c7f,50,65,4631.8,3.7,4.0,BORDA DA MATA,MG,0.03012921252801694
960945e1a9535cbc0cd6ddd35fbe7ae8,28,29,3861.53,4.642857142857143,0.0,SAO PAULO,SP,0.025118713686539416
9616352088dcf83a7c06637f4ebf1c80,91,97,7409.8,4.34065934065934,0.0,UMUARAMA,PR,0.048199714795565424
961dff0a659b4561334372337dd897d9,3,3,7389.74,4.666666666666667,0.0,RIO DE JANEIRO,RJ,0.048069227295390114
9646c3513289980f17226a2fc4720dbd,69,76,4152.23,4.449275362318841,2.898550724637681,SAO JOSE DOS CAMPOS,SP,0.027009676612808793
96493fab2fbb13a14d0c0e8772eef5c3,63,64,20181.23,4.064516129032258,6.349206349206349,SAO PAULO,SP,0.1312760844049379
964ff64dc05b13811c6d0f41e0aa5f6b,1,1,204.06,5.0,0.0,SAO PAULO,SP,0.0013273818188322332
966cb4760537b1404caedd472cc610a5,67,67,47432.57,4.119402985074627,2.9850746268656714,DIADEMA,SP,0.3085422475668294
9674754b5a0cb32b638cec001178f799,84,95,6137.88,4.107142857142857,2.380952380952381,SAO PAULO,SP,0.039926052720640925
96804ea39d96eb908e7c3afdb671bb9e,37,39,4268.0,4.135135135135135,2.7027027027027026,IBIA,MG,0.027762744304498533
968268a686aa05d1f529fb07dff08130,12,12,4880.84,3.5,0.0,SAO PAULO,SP,0.031749182968877375
968ee78631915a63fef426d6733d7422,2,2,521.67,3.0,0.0,ERECHIM,RS,0.003393390539205189
96e5dc09087bad639b4ee193104ec2e5,2,2,154.44,4.5,0.0,BOM JARDIM,RJ,0.0010046106444205139
96f7c797de9ca20efbe14545bed63eec,1,3,176.97,1.0,0.0,CRAVINHOS,SP,0.0011511651498517118
972d0f9cf61b499a4812cf0bfa3ad3c4,81,86,10011.15,3.0253164556962027,11.11111111111111,BRUSQUE,SC,0.06512113346859899
973f21788dfab357250f69a8dcb7ddee,9,19,1309.03,2.111111111111111,55.55555555555556,CLAUDIO,MG,0.008515057445388406
974cf2cb8f4b7add98709c30df02fe10,30,30,3191.9,4.166666666666667,3.3333333333333335,ARARAQUARA,SP,0.020762863998483802
97512d3fc193b2d1dfcdba0f9d1f0f8a,12,13,1800.42,4.25,8.333333333333332,SAO PAULO,SP,0.011711480810849403
977f9f63dd360c2a32ece2f93ad6d306,23,24,3621.92,3.869565217391304,8.695652173913043,TABATINGA,SP,0.023560084079510154
979e9f8b5b39dd243a2550c8b05aecf0,3,4,571.88,5.0,0.0,SAO PAULO,SP,0.003719999581269124
97e4a63591ca439a2b8b7efd20e6e19e,5,5,428.5,4.4,0.0,RIO DE JANEIRO,RJ,0.002787332693176575
97e50a621f8e801f4baf69e08687c192,1,1,97.78,5.0,0.0,SAO PAULO,SP,0.0006360452525993128
97e995629983723d11830a829bc2b246,5,5,598.87,4.8,0.0,LORENA,SP,0.003895565764206897
9803a40e82e45418ab7fb84091af5231,11,18,4791.38,3.727272727272727,0.0,RIO VERDE,GO,0.031167258155034717
980640c45d7a4635885491d077167e4d,14,14,1246.6599999999999,4.642857142857143,7.142857142857142,RIO CLARO,SP,0.008109349300526274
98115075dd26cb8835946fc6086f5d30,4,4,491.2,4.75,0.0,AO BERNARDO DO CAMPO,SP,0.003195187441979775
984c273121e743dd14767befe6cb17f5,1,1,280.91,1.0,100.0,AMERICANA,SP,0.0018272803426843216
9853a239ab7b7ebbdc3a21248d5b8e1f,4,4,310.2,3.75,25.0,CAMPO LARGO,PR,0.002017807704605306
985c92cc412091f8529c12d7f23d3fef,12,12,1606.63,4.75,0.0,SAO JOAO DEL REI,MG,0.010450903908607423
989becdce12ebc39863c2bceab6f3ca1,14,14,6956.9800000000005,4.928571428571429,7.142857142857142,CURITIBA,PR,0.04525418389679246
98dac6635aee4995d501a3972e047414,89,190,6495.35,4.1477272727272725,4.49438202247191,SAO PAULO,SP,0.04225134517765337
98dddbc4601dd4443ca174359b237166,2,2,211.67,5.0,0.0,SARANDI,PR,0.0013768838066853806
98e164d549402270247f3c96a1a158ef,2,2,187.42,2.5,0.0,SAO PAULO,SP,0.0012191409413189118
98f52e1020fe788c10c0418de4393fec,1,1,36.7,4.0,0.0,MACAE,RJ,0.00023872837768863548
99002261c568a84cce14d43fcffb43ea,36,36,5188.33,3.7222222222222223,5.555555555555555,CUIABA,MT,0.033749362501724195
9906e7aa42a3c067b7c9a564d01c4320,12,16,3115.6000000000004,4.5,16.666666666666664,MARINGA,PR,0.020266543147866835
994f04b3718c2bab35c2adfa8afecd2a,47,55,4044.45,4.297872340425532,6.382978723404255,JAGUARIUNA,SP,0.02630858275593465
9996ae921c50e8dff411ac69c0b4bb8b,2,3,73.37,2.0,0.0,TUPA,SP,0.00047726160956444643
999f6d9a1c7c81f43be44c6b7d076210,2,2,50.83,4.5,0.0,SAO PAULO,SP,0.00033064205552897386
99a25c39b28a74d1151c35c18d178292,1,6,218.7,5.0,0.0,SAO PAULO,SP,0.001422612975490588
99a54764c341d5dc80b4a8fac4eba3fb,44,66,4877.58,3.6744186046511627,11.363636363636363,SAO PAULO,SP,0.031727977123883776
99cd94252748d2bdde08e17858233602,2,2,181.32,4.5,0.0,SAO PAULO,SP,0.0011794612927112638
99eaacc9e6046db1c82b163c5f84869f,62,66,13508.96,3.9838709677419355,11.29032258064516,FRANCA,SP,0.0878738993204542
9a03a4e9eb0b947652fae4f6121a3f5e,7,7,1682.22,3.857142857142857,0.0,CATANDUVA,SP,0.010942606308320883
9a1aea68d3efa00862ec88c0768037d0,7,8,1501.71,4.428571428571429,0.0,CATANDUVA,SP,0.00976841395255588
9a84ba99f5367fdbd4598363496f1ea2,15,15,2638.45,3.8,0.0,LUZIANIA,GO,0.017162748994893194
9aa388272ee334b6ae07bc73706e254a,6,7,861.46,4.333333333333333,0.0,MURIAE,MG,0.005603677063859726
9ac4f14370b1e24ddc58be041b7f99df,5,5,436.65,4.4,0.0,JARAGUA,GO,0.0028403473056605633
9ac75591b69c3402684b6ce0310f22ee,1,1,69.67,5.0,0.0,SAO PAULO,SP,0.0004531936259827584
9add47bf45ce8e8c7db6b9cf670b1e09,41,43,5689.2,4.225,2.4390243902439024,FAZENDA RIO GRANDE,PR,0.037007451944037734
9b00cad94ef3078faf6fba2e792c158f,1,1,373.82,5.0,0.0,JANAUBA,MG,0.0024316469250017904
9b00ed88b7fdb95d6ff76e27c1b52d16,46,50,2135.68,4.543478260869565,6.521739130434782,SAO PAULO,SP,0.013892300317767437
9b013e03b2ab786505a1d3b5c0756754,170,220,11270.83,4.218934911242603,4.117647058823529,VICENTE DE CARVALHO,SP,0.0733151760518911
9b1585752613ec342d03bbab9997ec48,3,3,4349.04,3.6666666666666665,0.0,RIO DE JANEIRO,RJ,0.028289898193541777
9b1ab052f5fca308ba743ac789ebb2e1,2,2,326.08000000000004,4.0,0.0,PITANGA,PR,0.0021211048881937403
9b1f656ca3060f8af17a50d8a024b533,2,2,88.68,5.0,50.0,SANTOS,SP,0.0005768510227092151
9b522ba7eae9e1d04082f267144583cc,3,5,1611.55,4.666666666666667,33.33333333333333,SAO PAULO,SP,0.01048290782191064
9b76ad3d04236f76bc71c59470305e13,2,3,456.63,5.0,0.0,BOITUVA,SP,0.002970314417001679
9bade61a92bed55a25d2b67b9f4ed739,2,3,174.8,3.0,0.0,SAO JOSE DOS PINHAIS,PR,0.0011370496027240731
9baf5cb77970f539089d09a38bcec5c3,31,32,6521.34,4.419354838709677,0.0,INDAIATUBA,SP,0.042420406500163654
9bc484c87d79cd4874e05ca182658045,8,8,1075.12,4.25,12.5,SAO PAULO,SP,0.006993505542795798
9bcdfa7b615b3abb9461d9e3ad9886ae,14,20,2523.79,4.428571428571429,7.142857142857142,BLUMENAU,SC,0.016416901698277968
9bf11dfc0bec77e5a23028043c3c5a8f,1,1,132.06,1.0,100.0,CONTAGEM,MG,0.0008590318680534387
9c068d10aca38e85c50202e17b4a7e88,17,17,3108.83,4.125,17.647058823529413,COXIM,MS,0.02022250524277277
9c0e69c7bf2619675bbadf47b43f655a,151,200,35543.82,4.173333333333333,8.609271523178808,SAO JOSE DOS CAMPOS,SP,0.2312075881595879
9c1c0c36cd23c20897e473901a8fb149,6,7,717.04,5.0,0.0,PRAIA GRANDE,SP,0.004664245120922593
9c3a1c416c765687bc79a04113269929,1,1,133.8,1.0,0.0,CARMO DA MATA,MG,0.0008703503251972597
9c3c24eca51c52b91c1de727d2a2ae06,5,5,359.52,4.6,0.0,CAXIAS DO SUL,RS,0.0023386274208887802
9c4d31c7e46ab03a43fc06e3142afd4e,2,2,1262.72,4.5,0.0,RIO DE JANEIRO,RJ,0.008213817358991656
9c54608f0996c32ae4743089d915f845,3,3,304.72,4.0,0.0,LOANDA,PR,0.001982161069462698
9c57bc60cfad5ee62d35d3f1ce4593a1,1,1,195.43,1.0,100.0,CURITIBA,PR,0.0012712448733430528
9c690ceacd5c66731bf443ea810195cb,10,12,1121.02,4.3,0.0,CAMANDUCAIA,MG,0.00729207863641728
9c7fd21e0aa159b20da593371f08ff7c,7,8,921.8000000000001,3.2857142857142856,14.285714285714285,OSASCO,SP,0.005996180342054065
9cad4b68bb993ee401a3c5aaa2bc26dd,5,7,763.33,2.8,20.0,BIRIGUI,SP,0.004965355110110794
9cea4682e16655f7da87f406902e989e,4,9,219.23000000000002,4.0,0.0,ARAUCARIA,PR,0.0014260605515171543
9cf787a239c1aa29dbd76f153dc13f9a,4,4,368.4,4.75,0.0,FRANCA,SP,0.002396390581484831
9d213f303afae4983637247556438ede,2,3,120.81,5.0,0.0,IBITINGA,SP,0.0007858521882442521
9d39404483343dd55c7ae254494d8388,10,10,434.28,3.5,10.0,SAO PAULO,SP,0.0028249307864474282
9d489893ff6af05029671b785f54b998,5,6,401.24,4.0,0.0,LEME,SP,0.0026100101979233815
9d4db00d65d7760644ac0c14edb5fd86,97,99,11355.300000000001,4.541666666666667,4.123711340206185,SOROCABA,SP,0.07386464161220062
9d5604a1f112324ad6b2aa552122e0fb,13,17,761.98,3.5384615384615383,0.0,FLORIANOPOLIS,SP,0.004956573548533691
9d5a9018aee56acb367ba9c3f05d1d6a,66,78,11791.39,4.454545454545454,1.5151515151515151,APARECIDA DE GOIANIA,GO,0.07670134619602177
9d681c7e12db302cb261e721040dde65,13,14,1058.68,4.923076923076923,0.0,CURITIBA,PR,0.006886565637367973
9d69ba0a7a626a64dc5db08e529559cf,1,1,37.54,5.0,0.0,RIBEIRAO PRETO,SP,0.0002441924604477214
9d7a1d34a5052409006425275ba1c2b4,13,16,1331.87,4.384615384615385,7.6923076923076925,FRANCA,SP,0.008663628457552123
9da15f4a4ea758d9eeb49000dbe57e22,1,1,234.61,2.0,100.0,OSASCO,SP,0.0015261053048918466
9da1ca0bef29ee170e541927a5aeabdc,6,6,1612.03,3.0,16.666666666666664,VOTUPORANGA,SP,0.010486030154915832
9dc79dd988ac42f4d56c340d7048420a,4,4,843.9300000000001,4.75,0.0,SAO PAULO,SP,0.005489646860565944
9dd459b29a14bf89d47183cf2cd0e4c7,2,2,198.82000000000002,5.0,50.0,SAO PAULO,SP,0.0012932963501922211
9dd59e43f0c9f0553244e8f9c2fb247e,10,10,508.12,4.8,10.0,FOZ DO IGUACU,PR,0.003305249680412792
9dda5bbacd45e18d6485fee649205d09,19,22,2419.33,4.105263157894737,5.263157894736842,SANTA RITA DO SAPUCAI,MG,0.015737403978023066
9de4643a8dbde634fe55621059d92273,72,81,19282.41,4.527777777777778,2.7777777777777777,JOINVILLE,SC,0.12542938575550738
9df5750209b83567ec144eb299d7d634,10,10,4564.74,3.9,10.0,SAO LEOPOLDO,RS,0.029692996587749917
9e25199f6ef7e7c347120ff175652c3b,1,1,27.02,4.0,0.0,TAUBATE,SP,0.00017576132875059757
9e6229250fedbe05838fef417b74e7fb,73,77,14797.26,3.8904109589041096,2.73972602739726,MIRANDOPOLIS,SP,0.09625411100918087
9e6967d3cf386d284251784b18ccb485,9,11,654.9,3.888888888888889,11.11111111111111,SAO CAETANO DO SUL,SP,0.004260033093958784
9e7c5f4d7770eab65738cca38f9efccf,2,2,222.88,3.5,0.0,SAO PAULO,SP,0.001449803292077468
9e94fa26a70ede4d26226e918e8706a2,1,1,72.74,5.0,0.0,SAO CARLOS,SP,0.000473163547495132
9e9b539eb2806acee3f5c28085c1db9f,3,3,1039.47,3.6666666666666665,33.33333333333333,CONTAGEM,MG,0.006761607268556019
9ed65337433adfbedefd23dd76eaa494,6,6,1343.65,4.833333333333333,0.0,SAO PAULO,SP,0.008740255713387877
9ef932e837d8b7f392c0bfee9d359dc2,1,1,79.56,3.0,100.0,IBITINGA,SP,0.0005175266956105679
9f50216bfd01913736a55a11b55ea842,17,19,1671.1,4.411764705882353,11.76470588235294,TAUBATE,SP,0.010870272260367268
9f505651f4a6abe901a56cdc21508025,393,426,31862.59,4.366666666666666,4.071246819338422,SAO PAULO,SP,0.20726170080812373
9fbd5666d8618fa571c4230fafa09bd6,1,1,96.71000000000001,5.0,0.0,SAO PAULO,SP,0.0006290850519419057
9fc70243fb26800cba56e8f014797004,6,7,571.3000000000001,4.5,0.0,BELO HORIZONTE,MG,0.003716226762221184
9fe7c6641c79970ab48185498f547c09,1,1,164.71,5.0,0.0,SAO PAULO,SP,0.0010714155610107672
a00824eb9093d40e589b940ec45c4eb0,3,3,9779.46,4.666666666666667,0.0,BOFETE,SP,0.06361402235615539
a0415d9b25ede3c4b1e477e9916ffc03,9,9,3729.14,4.222222222222222,0.0,NOVA IGUACU,RJ,0.024257535214544906
a066df7361163e7ddc5d7452dd17448b,15,17,1344.62,4.4,20.0,FRANCA,SP,0.008746565428002534
a06c8ff043abea0528ee44171e2140a2,8,8,606.9300000000001,4.75,0.0,DIVINOPOLIS,MG,0.003947994939252413
a080fc8a850289b27500f6b49cca2553,4,4,435.57,4.75,0.0,SAO PAULO,SP,0.0028333220563988818
a08692680c77d30a0b4280da5df01c5a,6,17,2660.91,5.0,0.0,SAO PAULO,SP,0.017308848160094467
a09a13f18ed27932d08438aa6f12756e,1,1,46.01,3.0,0.0,SAPIRANGA,RS,0.0002992886282685046
a0a14e50070f3225b3eabba5b85da517,4,4,248.64,4.5,0.0,CURITIBA,PR,0.0016173684966894364
a0d7fbb07bb5ebc3b05980e750db56f3,3,4,1085.18,2.3333333333333335,0.0,FERRAZ DE VASCONCELOS,SP,0.00705894443869628
a1040efe9ff4a6f93c28b0499eada8f5,1,1,1693.31,5.0,0.0,JUNDIAI,SP,0.011014745210461672
a1043bafd471dff536d0c462352beb48,702,752,130412.74,4.275714285714286,4.985754985754986,ILICINEA,MG,0.8483166716656627
a11a0e0ca67423425691db355cff69b0,2,2,476.97999999999996,5.0,0.0,INDAIATUBA,SP,0.0031026883267009624
a13580f0e8f782b7a543885a0ef99f08,10,10,1563.68,4.4,20.0,RIO DE JANEIRO,RJ,0.010171520153247017
a13aaf2d2886ab9fb30fb9a920160b8f,4,4,1085.83,4.5,25.0,JOINVILLE,SC,0.007063172597974144
a1474fd46fd3430168f7ec202da39408,12,14,3413.52,4.333333333333333,16.666666666666664,PINHAIS,SP,0.022204471166422643
a150c540f572d0fb53992264bc5c10b5,1,1,135.49,4.0,0.0,SOROCABA,SP,0.0008813435393197063
a1544b9ea0b2390e020537d4daa89049,8,8,948.53,3.875,0.0,JUNDIAI,SP,0.006170055261280692
a154d7316f158bb42e6fa18bbe3afd3a,2,2,190.13,3.0,50.0,SAO PAULO,SP,0.0012367691130773914
a17f621c590ea0fab3d5d883e1630ec6,63,78,3772.27,4.163934426229508,6.349206349206349,SOROCABA,SP,0.02453808984478226
a1bea7061f61f6fdd9a85a6325ba1033,9,9,910.88,4.444444444444445,11.11111111111111,CARAPICUIBA / SAO PAULO,SP,0.005925147266185948
a1bea9970d8f65b240555f99c2214f7f,1,1,102.48,3.0,0.0,PINHAIS,PR,0.000666618096608484
a20d8058c866dbaeca014d2cd20ac62e,2,2,1238.9,5.0,0.0,SAO JOSE DOS CAMPOS,SP,0.008058871583609007
a213f1bd6458f4a158f3746cb2514559,1,1,55.95,5.0,0.0,MARINGA,PR,0.00036394694091768814
a218df5c097b0ca409cfaac1488cc7f6,4,4,240.7,2.75,0.0,ARARAQUARA,SP,0.0015657199048952197
a21c11ec5c3f03e7cc9f9203bff9e1c6,3,4,475.88,3.6666666666666665,0.0,SANTANA DE PARNAIBA,SP,0.0030955329802307315
a23266650e7c84bb93fbbba502137478,11,16,1791.44,3.8181818181818183,0.0,PORTO ALEGRE,RS,0.011653067164210603
a254c682cc01e119f83530446f1df9a9,6,7,809.4200000000001,4.0,16.666666666666664,CAFELANDIA,SP,0.005265164127213497
a2a41aedb70551d4a85aa04dc2fced48,2,2,79.73,4.0,0.0,SAO PAULO,SP,0.00051863252188324
a2b5b6105ea5942300631d2e76f4ffe0,16,16,4009.34,4.75,6.25,OSASCO,SP,0.026080197106325715
a2b911e9ad40dc7d61c142a4683e2d85,1,1,120.30000000000001,5.0,0.0,BARRA MANSA,RJ,0.0007825347094262357
a2deecd5398f5df4987110c80a1972a3,13,13,845.8,4.269230769230769,0.0,SAO PAULO,SP,0.005501810949565337
a2e874074c877c5a05abae80ad6e488f,40,42,8460.34,4.25,5.0,SAO JOSE DO RIO PRETO,SP,0.05503333086905369
a2fa0bdc798ee84cdb08281337cf4fb6,8,11,541.97,4.75,0.0,FLORIANOPOLIS,SC,0.0035254392058831
a3082f442524a1be452e3189e003b361,3,4,399.25,4.333333333333333,0.0,CURITIBA,SP,0.00259706552567269
a35124e2d763d7ca3fbe3b97d143200f,4,7,490.39,4.75,0.0,SAO PAULO,SP,0.0031899185050335136
a353b1083c9863d756d9404695016d64,1,1,137.09,5.0,0.0,CARIACICA,ES,0.0008917513160036795
a35ef466c6fd6d052f5d241240d3c5e2,3,3,649.55,4.666666666666667,0.0,NOVO HAMBURGO,RS,0.004225232090671748
a369d693961cb93b61ca2cc518872a85,11,18,3213.79,3.909090909090909,0.0,SAO JOSE DO RIO PRETO,SP,0.020905255393241413
a36ac007a4d18f865c8d32c3b2402c2d,8,8,1390.96,2.75,0.0,BARUERI,SP,0.00904800066021211
a36b125ac6d5fdbc7f50de85c9157bdc,22,24,2106.52,3.9545454545454546,9.090909090909092,RIBEIRAO PRETO,SP,0.013702618587702026
a37c340b91cb0169e8b029db6440fba2,5,5,439.95000000000005,4.8,0.0,SAO PAULO,SP,0.002861813345071259
a3a38f4affed601eb87a97788c949667,249,258,31148.95,4.4089068825910935,4.417670682730924,JOINVILLE,SC,0.20261957221265453
a3b0df0065e264a91b7bbf5f844af5cd,2,2,218.75,5.0,0.0,SAO BERNARDO DO CAPO,SP,0.001422938218511962
a3b42d266fa8afc874b909422ce88582,1,6,921.2400000000001,5.0,0.0,ORLANDIA,SP,0.005992537620214676
a3dd39f583bc80bd8c5901c95878921e,34,37,5412.16,4.588235294117647,2.941176470588235,SALVADOR,BA,0.035205345411207775
a3e9a2c700480d9bb01fba070ba80a0e,129,143,16240.83,4.003937007874016,9.30232558139535,IBITINGA,SP,0.10564433237648288
a3f0b55de503387383c7b1de3ad7f678,24,26,5577.74,4.416666666666667,4.166666666666666,CURITIBA,PR,0.03628242020079045
a3fa18b3f688ec0fca3eb8bfcbd2d5b3,1,2,84.25999999999999,5.0,0.0,SAO PAULO,SP,0.000548099539619739
a414555ce331b8c8aea4a9cb8395194d,7,8,1693.59,3.3333333333333335,0.0,SAO PAULO,SP,0.011016566571381366
a416b6a846a11724393025641d4edd5e,157,176,27865.8,4.2165605095541405,10.828025477707007,SAO PAULO,SP,0.1812631397001629
a420f60ff1aa9acc80d0e42959f2b313,67,69,8543.27,3.953846153846154,7.462686567164178,SAO PAULO,SP,0.05557277894430488
a425f92c199eb576938df686728acd20,16,18,1399.69,4.5,0.0,CURITIBA,PR,0.009104788091744039
a435b009cd956ea60748b5cfbddf2e24,3,3,406.39,4.333333333333333,33.33333333333333,FRANCA,SP,0.0026435102291249204
a44fb5a447105f8469bdf16bf9159f25,19,19,4292.71,4.052631578947368,21.052631578947366,PORTO ALEGRE,RS,0.027923479405661648
a45314082d50d578a4721c9787ce09ab,2,2,453.92,5.0,0.0,MIRASSOL,SP,0.0029526862452431994
a45765f8afb1e594b22bf9e974b46765,1,1,88.91999999999999,4.0,0.0,SAO PAULO,SP,0.000578412189211811
a478c7961d6a992065b24e63b366f90b,8,9,1451.56,4.875,0.0,BLUMENAU,SC,0.009442195202117594
a49928bcdf77c55c6d6e05e09a9b4ca5,96,104,10373.820000000002,3.03125,21.875,SAO PAULO,SP,0.06748025119983435
a4b6b9b992b46e9ef863637af96e04bc,6,8,5502.84,3.6666666666666665,16.666666666666664,FLORIANOPOLIS,SC,0.03579520615477196
a4b8d97cd5d3674eeff96abc99d8ed67,1,1,233.38000000000002,1.0,0.0,SUMARE,SP,0.0015181043265660424
a4bd6e9adf39b63f43dc545d3ca1f53d,4,5,1960.97,4.5,0.0,RIO DE JANEIRO,RJ,0.012755836152481841
a4fc6eadaff1576af888509a53420f6a,1,1,121.62,3.0,0.0,SAO CAETANO DO SUL,SP,0.0007911211251905135
a513150f33f99a06569e9cd5c4bb889b,2,2,711.25,4.5,0.0,SAO PAULO,SP,0.004626581979047465
a5259c149128e82c9d6d46e0c1c812bb,8,8,1621.13,3.875,0.0,JI PARANA,RO,0.01054522438480593
a53f60f05f822b5c621a50ff6a5cb362,4,6,544.53,3.6666666666666665,0.0,UBERLANDIA,MG,0.003542091648577457
a56a8043ebf66e42119618fb8cf232c6,1,1,106.73,5.0,0.0,JOINVILLE,SC,0.0006942637534252878
a56e351445e5863fc8960640ba9190c7,3,4,825.98,4.333333333333333,0.0,ITAJAI,SC,0.0053728846158926195
a5a1bfcf728ab0e19182959cf0771ee4,21,24,2160.85,4.333333333333333,4.761904761904762,SOCORRO,SP,0.014056027654727191
a5bff0f43eb51f0cad7c37fac7244c8a,4,5,541.27,4.75,0.0,SAO PAULO,SP,0.0035208858035838614
a5cba26a62b8b4d0145b68b841e62e7f,53,54,15785.77,4.566037735849057,1.8867924528301887,CAMPO MOURAO,PR,0.10268423059035235
a5dd1946fb63ada8bcaa0c9cd8f11e22,6,7,426.33000000000004,3.8333333333333335,0.0,CARUARU,PE,0.0027732171460489365
a5ff20ff766e7f50bd5066f33da14413,2,4,110.17,3.0,0.0,SAO PAULO,SP,0.0007166404732958303
a61cc04793308395a840807104365121,1,1,38.37,5.0,0.0,JARINU,SP,0.0002495914946025325
a63bfbaa882c8f4542891b4e2246cc7f,6,6,5925.99,5.0,0.0,NITEROI,RJ,0.0385477378446615
a64e44665225d19dfc0277eeeaaccc57,6,6,426.76,5.0,0.0,SAO PAULO,SP,0.0027760142360327544
a663d9c3797e90eac99ff60939416a56,1,1,249.08,5.0,0.0,SAO PAULO,SP,0.0016202306352775292
a673821011d0cec28146ea42f5ab767f,125,141,15928.04,4.037190082644628,10.4,SAO PAULO,SP,0.10360967708337039
a67780aba9dd436e7ac0aa1f889e73ec,6,6,1041.04,3.6666666666666665,16.666666666666664,PRESIDENTE PRUDENTE,SP,0.006771819899427168
a69aa24cec11168e7e39a3fbc727e925,3,3,140.29000000000002,5.0,0.0,CARAPICUIBA,SP,0.0009125668693716261
a6bd7d1ccdac48c6b33b28596b7eb122,15,15,14306.91,3.5,6.666666666666667,MAMANGUAPE,PB,0.09306445269856446
a6fe7de3d16f6149ffe280349a8535a0,50,51,3574.4399999999996,4.040816326530612,12.0,FRANCA,SP,0.023251233306413245
a70e9066dbfd10b6b97a3f54a1356762,2,4,2027.4,5.0,0.0,MANDAGUARI,PR,0.013187954030679554
a72c2f59332659e361d647515c698798,5,6,933.9300000000001,4.8,0.0,FLORES DA CUNHA,RS,0.006075084299039437
a72f15980dc3e9bfd1a49ac9b2f3af65,1,1,108.63000000000001,4.0,0.0,MARILIA,SP,0.0007066229882375061
a7a9b880c49781da66651ccf4ba9ac38,3,4,373.07000000000005,3.6666666666666665,0.0,ITIRAPINA,SP,0.0024267682796811785
a7b7354cc588f7566a848bcbb1ce3d96,2,2,104.87,4.0,0.0,SAO PAULO,SP,0.000682164713030169
a7c53f6b3b61adbdaa99dda97e8cbd56,1,1,110.3,4.0,0.0,BARRETOS,SP,0.000717486105151403
a7c88262832dfc683781d6a421edefae,5,5,1602.42,4.2,0.0,MOGI DAS CRUZES,SP,0.010423518446207718
a7d0f8dd44f57ef6de7f7f02e3d82630,2,2,99.67,4.5,0.0,SAO PAULO,SP,0.0006483394388072561
a7dc4098e4da6e41b426269d12ae7e91,2,3,554.45,3.0,0.0,SAO PAULO,SP,0.003606619864018091
a7ecf689b40a44361e259b28939023e4,1,1,410.91,5.0,0.0,VILA VELHA,ES,0.002672912198257145
a7f13822ceb966b076af67121f87b063,68,79,14176.1,3.5294117647058822,4.411764705882353,ITAQUAQUECETUBA,SP,0.09221355190604538
a806a4bb063ea7ca6d374eafa50a6058,5,6,405.27,4.0,0.0,SERRA,ES,0.0026362247854461386
a81466620e46a6970b22ef40379fdfc9,2,2,354.78,5.0,0.0,SAO LUDGERO,SC,0.0023077943824625093
a8739afb32aaa45e01815ca76f76f54b,13,15,563.56,3.769230769230769,0.0,SAO BERNARDO DO CAMPO,SP,0.0036658791425124636
a888faf2d1baececa6baf9c3d603ee1f,53,54,18672.75,4.09433962264151,9.433962264150944,UMUARAMA,PR,0.12146363254728797
a89e143d5211473ae18db9577ee34b64,1,1,79.94,5.0,0.0,LIMEIRA,SP,0.0005199985425730115
a90a5da8b09e44264a177c0374a5ac87,3,3,147.3,4.333333333333333,0.0,PONTA GROSSA,PR,0.0009581659409682836
a938325a4b357fd23a6a4d5bb126408e,24,25,3791.81,3.8333333333333335,4.166666666666666,NILOPOLIS,RJ,0.02466519481753528
a9415cf907dfa12f9ed18693244f5329,1,2,385.41999999999996,5.0,0.0,PRADOS,MG,0.002507103305960596
a99504ac23ed125aaf5302af6cc30af9,1,1,1025.24,5.0,0.0,BATATAIS,SP,0.006669043104672933
a9ae440659f48b7849df83e82734150b,1,1,312.02,5.0,0.0,SANTO ANDRE,SP,0.002029646550583325
a9b533a26e898b12e8b8d4c07279bf4d,4,4,191.06,5.0,0.0,RIO DE JANEIRO,RJ,0.0012428186332749508
aa17b35ce4de7b565be3249ba838944f,2,2,114.0,4.5,0.0,JUNDIAI,SP,0.0007415540887330911
aa1eb17b9fdf6dfd546e25c45c7b9235,3,4,154.26,4.666666666666667,0.0,SAO PAULO,SP,0.001003439769543567
aa2640d851ec322526f1295bbeb20092,1,2,182.33999999999997,3.0,0.0,SAO PAULO,SP,0.0011860962503472967
aa762680c40618316a896838866140ea,3,3,323.46,3.3333333333333335,33.33333333333333,CURITIBA,PR,0.0021040621538737335
aa8af66c623d7d544dfe4bb85b5ebe3b,1,1,114.57,5.0,0.0,BETIM,MG,0.0007452618591767565
aac29b1b99776be73c3049939652091d,94,131,9133.28,4.172043010752688,9.574468085106384,UBERLANDIA,MG,0.05941071164512427
aac51c486b672a9850d59f3e84b1cf88,10,13,859.5699999999999,4.8,0.0,SAO PAULO,SP,0.005591382877651782
aadfe0417e61315688b6bd7043361e25,1,1,304.17999999999995,4.0,0.0,GOIANIA,GO,0.0019786484448318566
aae3bfea055532c57fb453ed3ec80b30,48,50,3857.17,3.595744680851064,0.0,SANTO ANDRE,SP,0.02509035249507559
aae5953b9edddf14749c0d65d60eb4b9,2,2,202.90000000000003,5.0,0.0,BELO HORIZONTE,MG,0.0013198361807363528
aae5e7b457a3c72ee230a47d98fceda5,5,7,745.5699999999999,4.2,0.0,SAO JOSE DOS PINHAS,PR,0.00484982878891869
aaed1309374718fdd995ee4c58c9dfcd,103,110,11579.48,4.048543689320389,2.912621359223301,TIMBO,SC,0.0753229012228338
aafe36600ce604f205b86b5084d3d767,129,131,11673.2,4.403100775193798,3.875968992248062,SAO JOSE,SC,0.07593253674209755
ab27bbbad5239bc31a34709275a70db4,3,11,485.04999999999995,5.0,0.0,TATUI,SP,0.0031551825503507527
ab3e0c171fe84a7ba7de130f19cfb485,6,7,736.33,4.0,33.33333333333333,COLORADO,PR,0.004789723878568746
ab75b89cc49c9ab3160d0c91565a442a,1,1,19.74,1.0,0.0,TUPA,SP,0.00012840594483851946
ab91571efab27993ff2f6b36e38055c3,3,4,158.93,4.666666666666667,33.33333333333333,SAO PAULO,SP,0.0010338174677399139
ab9db4cf53b08b828b64dccaafc2d9f0,4,4,283.6,5.0,0.0,PARAISO DO SUL,RS,0.0018447784172342513
aba1721a889e04decc910aa13b768ef4,83,92,15352.47,4.445783132530121,7.228915662650602,SAO PAULO,SP,0.09986567456712386
abbf6046bbdf1028606a5bc7f00c99e7,6,6,1994.26,4.666666666666667,0.0,XANXERE,SC,0.012972382956112758
abc015ebac1d283a323ca9db35ede4b9,12,13,1329.65,4.416666666666667,0.0,RIBEIRAO PRETO,SP,0.008649187667403111
abcd2cb37d46c2c8fb1bf071c859fc5b,44,51,6121.84,4.318181818181818,4.545454545454546,CUIABA,MT,0.03982171475938409
abe021b01ba992245271b9aa422032df,2,2,6837.24,3.5,0.0,CURITIBA,PR,0.044475291909205614
abe42c5d03695b4257b5c6cbf4e6784e,49,49,17947.55,3.9583333333333335,16.3265306122449,RIO DE JANEIRO,RJ,0.1167463077652771
ac3508719a1d8f5b7614b798f70af136,101,101,15410.66,4.64,1.9801980198019802,CANOAS,RS,0.1002441923953991
ac51cac5e20d69ff485a54746488ef48,3,3,758.7,3.6666666666666665,0.0,RIBEIRAO PRETO,SP,0.004935237606331546
ac6417315ae5da8f9a38ee11de6f7780,7,7,851.12,4.142857142857143,14.285714285714285,ARUJA,SP,0.005536416807039549
ac9b01377919cdbd2a1bbb8d5837c70b,1,1,79.44,3.0,0.0,MOGI DAS CRUZES,SP,0.0005167461123592698
acadd4d36859671cb635527c6c977533,12,12,2646.94,4.25,8.333333333333332,SANTA ROSA DE VITERBO,SP,0.01721797525992253
acb6c2ca5c82411c1fdb88d5fd5eb95e,10,11,575.49,3.9,0.0,SAO PAULO,SP,0.0037434821274123387
acce39e832338debb07b02385cde5967,44,44,5923.660000000001,4.4772727272727275,0.0,CONTAGEM,MG,0.038532581519865466
aced59e9b31ef866a94f9e7f29d8d418,61,67,8315.8,4.426229508196721,3.278688524590164,SAO PAULO,SP,0.05409311834286525
acf974e4d5950ad143a247471b831eb9,5,12,753.62,4.75,0.0,CAXIAS DO SUL,RS,0.004902192915359932
ad14615bdd492b01b0d97922e87cb87f,1,1,19.21,5.0,0.0,TUBARAO,SC,0.00012495836881195335
ad273c9eb54ecb4532de4bf75bae9e4e,10,11,829.75,4.1,0.0,CURITIBA,PR,0.005397407939704232
ad420dd0c4f92f8af951ac24b86d0cf5,42,46,5618.4,4.125,7.142857142857142,FRONTEIRA,MG,0.03654690782577192
ad75519a07f039025e83795a4418470f,3,9,417.92,3.6666666666666665,0.0,SANTA TEREZINHA DE GOIAS,GO,0.0027185112698538023
ad781527c93d00d89a11eecd9dcad7c1,38,38,8213.12,3.3421052631578947,31.57894736842105,SAO JOSE DO RIO PRETO,SP,0.05342519927417128
ad87df7699e83b8a91822a4a0b765c3a,5,6,389.28000000000003,4.0,0.0,JAGUARIUNA,SP,0.0025322120672106817
ad8b531ae67582f096925cff5630d0d1,2,2,251.49,4.0,0.0,CASTRO,PR,0.001635907348907764
ad97a199236354e53fcd91a5a913e9a2,16,17,13284.02,4.5,12.5,BRUSQUE,SC,0.08641069601589611
adbc26658d6c7b4b6219f9d934598091,88,92,13692.25,4.125,13.636363636363635,CURITIBA,PR,0.08906617518820761
adbe70ab2c97442046d393988c8d1d27,5,5,354.65,5.0,0.0,MAUA,SP,0.0023069487506069365
adcf50477d6a1f5d91bb9d54c4903cb5,16,31,1597.6299999999999,3.5625,18.75,CLAUDIO,MG,0.010392360164760073
ade45994b717ccee333492330fbf037b,10,10,7479.63,4.5,0.0,UMUARAMA,PR,0.04865394919921658
aded58c8142dedc5494a81f948431fab,4,5,379.48,3.75,0.0,RIO DE JANEIRO,RJ,0.0024684644350213463
ae45ad30c2d2e5913094769690a239d2,1,2,283.06,5.0,0.0,FRANCA,SP,0.0018412657926034103
ae45df84722b1d15c5f32b23a095746c,9,12,1065.49,4.777777777777778,0.0,SAO PAULO,SP,0.006930863736879134
ae7ab174effdead6c241e547e4ca13f0,6,7,3574.06,4.333333333333333,0.0,ARAPONGAS,PR,0.023248761459450804
ae8bfdbf1c2a2a2dee92d799db0a31c6,8,8,486.14000000000004,4.125,0.0,TOLEDO,PR,0.0031622728482167102
aeb36d67f1414f234d42a29e27cf1f17,4,4,3548.1,4.5,25.0,SANTO ANDRE,SP,0.023079895282753338
aec99834ab5d38ead22766ada8497e87,1,1,476.51,5.0,0.0,COLOMBO,PR,0.003099631042300046
af3ef48d0e13835e529c29ac573c63e5,21,21,1873.13,3.761904761904762,4.761904761904762,ARARAQUARA,SP,0.012184449212531711
af4a0e4cfe1d9c26b6712b1be25a72e5,21,26,9351.6,3.4285714285714284,4.761904761904762,MATEUS LEME,MG,0.06083085277365242
af7cdac9d9897cddead9c6b08976c642,6,6,694.01,3.6666666666666665,16.666666666666664,LARANJAL PAULISTA,SP,0.004514438185277653
afa6714acee029b2dfdf357e5579cc03,15,16,3468.67,4.2,13.333333333333334,DESCALVADO,SP,0.022563214218998345
afe0067131b73e40875c9b6c10bd2e21,45,45,6151.59,4.2727272727272725,4.444444444444445,LAGOA DA PRATA,MG,0.04001523435710172
b00af24704019bd2e1b335e70ad11f7c,1,1,207.25,5.0,0.0,SALVADOR,BA,0.0013481323235959048
b01c2b7b8599b325103ebcddc67413e1,4,4,242.12,4.75,0.0,VENANCIO AIRES,RS,0.001574956806702246
b026643914f651e8371425e5b8a1e780,1,1,43.0,5.0,0.0,RIO DE JANEIRO,RJ,0.00027970899838177996
b0398568231ba5e6734af1881671a317,4,4,770.12,4.0,0.0,COLATINA,ES,0.005009523112413405
b05b432bf68945d4d9783f9e3ca29ee8,2,2,250.89,4.5,0.0,BIRIGUI,SP,0.001632004432651274
b080809eaacb49e5ca07290981472431,11,11,567.4,4.818181818181818,0.0,BELO HORIZONTE,MG,0.003690857806553999
b0b346d3a89f5eb4c2968af3f083cd43,9,9,629.7,3.7777777777777777,33.33333333333333,CAMPINAS,SP,0.004096110611186207
b0f2a6122a90a93eb03e68653dd960e3,6,7,1758.28,4.833333333333333,0.0,CURITIBA,PR,0.011437365992435259
b1204cfda1d4948679db3cfc0d3cb95c,6,6,511.25,4.333333333333333,0.0,GUARULHOS,SP,0.0033256098935508143
b127efdabeffb5d559349c7b172eb75d,10,10,421.27,4.8,10.0,SAO PAULO,SP,0.002740302552285871
b12cfd255810394b60caef18ae163547,2,2,726.15,4.5,0.0,CASCAVEL,PR,0.004723504399416966
b14db04aa7881970e83ffa9426897925,75,101,7413.36,3.8333333333333335,10.666666666666668,SOROCABA,SP,0.04822287209868727
b16d3dadc47d4eb18be3d88bad0775ce,10,11,900.54,4.3,0.0,ESTANCIA VELHA,RS,0.005857887009365771
b17b679f4f5ce2e03ce6968c62648246,44,45,3999.94,3.8636363636363638,18.181818181818183,RIBEIRAO PRETO,SP,0.02601905141830737
b18871c324516afa228a13e8f1ef0ae9,9,23,1308.4,3.4444444444444446,11.11111111111111,SAO PAULO,SP,0.008510959383319092
b18dc380845b24038cfc48006478f099,43,48,8550.83,4.214285714285714,11.627906976744185,DIADEMA,SP,0.05562195568913664
b19c48688808720822399ffa9f2dbe2f,1,1,984.8100000000001,5.0,0.0,SAO PAULO,SP,0.006406051597589785
b19f3ca2ea475913750f25a5c37c8d8f,19,19,5176.65,3.263157894736842,31.57894736842105,DIVINOPOLIS,MG,0.03367338573193119
b1a81260566c1bac3114a6d124413f27,51,54,10250.2,4.2745098039215685,0.0,CARAZINHO,RS,0.06667612035378886
b1aaae6b66ad3c40f54b389d7ea4bee0,15,17,1569.24,4.4,0.0,SAO PAULO,SP,0.010207687177223824
b1ac6ea7895bc3dd6f0f6f4abbdd2821,38,38,3734.36,4.526315789473684,0.0,CANOAS,RS,0.02429149058597637
b1b3948701c5c72445495bd161b83a4c,14,14,21924.25,1.9285714285714286,64.28571428571429,SAO PAULO,SP,0.14261418622724978
b1fc4f64df5a0e8b6913ab38803c57a9,107,121,10140.99,3.857142857142857,12.149532710280374,SAO GONCALO,RJ,0.06596572454650342
b1fecf4da1fa2689bccffa0121953643,17,18,3719.88,4.9411764705882355,0.0,CAMPO GRANDE,MS,0.024197300206986416
b2479f944e1b90cf8a5de1bbfde284d6,101,129,6874.23,3.5,11.881188118811881,IBITINGA,SP,0.044715906696418214
b248792ac0b60ec3f93d80af1b4fae47,7,9,608.35,3.857142857142857,14.285714285714285,SAO CAETANO DO SUL,SP,0.0039572318410594385
b26741d31a563d769b4af0465ab20c56,2,2,695.03,4.0,0.0,FLORIANOPOLIS,SC,0.004521073142913687
b274baf5bbd142410eb2958cf685d684,7,7,734.57,4.285714285714286,0.0,MONTENEGRO,RS,0.004778275324216375
b29d3380981c51df13fc6fbe87e1763d,6,7,533.88,3.8333333333333335,0.0,RIBEIRAO PRETO,SP,0.0034728148850247604
b2a6d334e2833acea353624840e25a0e,25,26,2038.5900000000001,4.48,0.0,SAO PAULO,SP,0.01326074341886309
b2ac621f0d0322434d04a12b078b9369,30,30,10356.89,4.4,10.0,CURITIBA,PR,0.06737012391279705
b2ba3715d723d245138f291a6fe42594,323,348,55433.45,4.2125,6.811145510835913,SAO PAULO,SP,0.36058685526387163
b2c97074649f92197d9387d9033dda5f,10,11,964.0799999999999,4.7,10.0,BOTUCATU,SP,0.0062712058409280565
b2eecf5ea250510da76590ca79d60e5d,9,11,1213.15,5.0,0.0,SAO PAULO,SP,0.007891371427601311
b2f4d63c7203f539a78252565ca32257,1,1,35.74,5.0,0.0,ARMACAO DOS BUZIOS,RJ,0.00023248371167825158
b32be1695eb7ec5f10f72d9610a12527,44,45,29512.68,4.1395348837209305,4.545454545454546,CAXIAS DO SUL,RS,0.19197586424097654
b335c59ab742f751a85db9c411a86739,28,29,2863.08,3.9642857142857144,3.571428571428571,ARAGUARI,MG,0.018623935792718756
b33aaadd1a8891d2dfef0c4c3bdf0371,16,17,1863.04,3.9375,12.5,LIMEIRA,SP,0.012118815170818404
b33e7c55446eabf8fe1a42d037ac7d6d,149,152,46871.55,4.201342281879195,11.409395973154362,PRADOPOLIS,SP,0.3048928907698028
b347677812ea483b0f528eaf8cbc09b7,21,21,8051.34,4.523809523809524,0.0,CURITIBA,PR,0.05237284295421304
b372ee768ed69e46ca8cdbd267aa7a38,63,69,13813.84,4.436507936507937,0.0,SAO JOSE DO RIO PRETO,SP,0.08985710116758529
b37c4c02bda3161a7546a4e6d222d5b2,4,15,24487.6,2.25,0.0,SAO PAULO,SP,0.15928842020403897
b3809b8d4394588a47c8470ea331e135,1,1,96.88,4.0,0.0,SAO PAULO,SP,0.0006301908782145778
b39d7fe263ef469605dbb32608aee0af,43,48,6100.2300000000005,3.9285714285714284,4.651162790697675,IBITINGA,SP,0.03968114472554619
b3b17aab11f273023a5f22ca52e1eb70,7,13,7325.35,4.857142857142857,14.285714285714285,LONDRINA,PR,0.047650379332464465
b3e2faf2c1004d674f16a3aa3197f0e1,3,3,95.24000000000001,5.0,0.0,RIBEIRAO PRETO,SP,0.0006195229071135054
b3f19518fcec265b2e97af287725f981,8,8,569.8,4.375,0.0,TANABI,SP,0.0037064694715799587
b410bdd36d5db7a65dcd42b7ead933b8,42,42,8319.710000000001,4.809523809523809,0.0,GOIANIA,GO,0.054118552347136716
b416191c9813d821a295cfabafff4161,2,2,150.14,2.5,0.0,FRANCA,SP,0.000976639744582336
b43d8b707f887a30f4675391098354a0,3,4,1526.76,3.0,33.33333333333333,IPIRA,SP,0.009931360706264335
b44dbfbf62e52125f3c15d230569ea91,4,8,699.0600000000001,4.75,0.0,SAO PAULO,SP,0.004547287730436445
b452cb0ae35044c4a53179c39f49fb06,2,2,101.98999999999998,4.0,0.0,SOROCABA,SP,0.0006634307149990171
b45d7ebfb7378630f1bcd74b6ff86ff7,3,3,968.1399999999999,4.333333333333333,0.0,BELO HORIZONTE,MG,0.006297615574263639
b494891378bd8f4560abe576c52deacd,19,21,3134.98,4.7368421052631575,0.0,SAO PAULO,SP,0.020392607342951456
b499c00f28f4b7069ff6550af8c1348a,146,181,12624.83,4.226027397260274,13.013698630136986,LIMEIRA,SP,0.08212275707070342
b4a476fbd28de64b1e347abf9089366a,30,35,5275.11,4.137931034482759,6.666666666666667,ITAPEVI,SP,0.03431385428962119
b4b447d715f9ab302a188fb43d3e96b3,5,5,779.6600000000001,4.8,0.0,SAO PAULO,SP,0.005071579480891595
b4f8921fcc4ff77b66bea6dda43dcd51,18,20,12863.41,4.555555555555555,5.555555555555555,CAXIAS DO SUL,RS,0.08367468667149239
b4ffb71f0cb1b1c3d63fad021ecf93e1,143,164,9137.44,4.248251748251748,2.097902097902098,SAO PAULO,SP,0.059437771864502595
b55638ad525e906c698fa2ce742c1742,11,12,1385.67,4.181818181818182,18.181818181818183,IMBITUBA,SC,0.009013589948550723
b561927807645834b59ef0d16ba55a24,85,95,5807.03,4.341176470588235,14.117647058823529,SAO PAULO,SP,0.03777391964820809
b566ab0ef88016e00422755e305103c6,5,5,1428.22,3.2,20.0,EXTREMA,MG,0.009290371759740136
b56828a9f9027f3c918c04ca720d9e3c,3,3,471.61,2.6666666666666665,33.33333333333333,PRAIA GRANDE,SP,0.003067757226205378
b56906f7fd1696e043f1bcce164c487b,38,39,2741.21,4.052631578947368,5.263157894736842,ECHAPORA,SP,0.017831188452421376
b586cd24c010a13916af621b0325fbba,6,7,1372.93,3.8333333333333335,0.0,RIO DO SUL,SC,0.008930718026704587
b5abf4f36adc043117b4fca82c22984c,8,9,969.9399999999999,3.125,25.0,BRASILIA,DF,0.006309324323033109
b5b800c4065bebf4d3442311c9857344,1,1,88.81,5.0,0.0,SAO PAULO,SP,0.0005776966545647879
b5bb2b985208834bd5bd86c7a402bbad,2,2,659.72,5.0,0.0,VENANCIO AIRES,RS,0.004291386521219254
b5d034ac251546e25afe9067f05c1539,1,1,85.27000000000001,5.0,0.0,ITAPECERICA DA SERRA,SP,0.0005546694486514973
b5dd7151a92ccaaa282cbe9681a05f44,1,1,103.7,5.0,0.0,RIBEIRAO PRETO,SP,0.0006745540263300136
b5e3e38609125694d2ea2417522a60b7,16,17,1296.18,4.3125,12.5,FLORIANOPOLIS,SC,0.008431469988895246
b5f0712d22a873b6797ab6cc65c3fcba,1,1,21.28,4.0,0.0,SAO PAULO,SP,0.0001384234298968437
b5f49fe968dff6b112861e6cd8e192ef,1,2,237.67000000000002,5.0,0.0,CURITIBA,PR,0.0015460101777999453
b64d51f0435e884e8de603b1655155ae,17,23,773.54,4.294117647058823,11.76470588235294,GARULHOS,SP,0.005031769735075397
b67d6c666e8dce1d078c882825e12704,7,8,457.03,4.857142857142857,0.0,SAO PAULO,SP,0.0029729163611726724
b6d44737c043328708f6749c2dbe50bd,61,79,6834.01,4.524590163934426,6.557377049180328,SANTO ANDRE,SP,0.04445428121002484
b6dc74ed30f124f95227bed4e43a3bed,9,10,551.89,4.666666666666667,11.11111111111111,ARAPONGAS,PR,0.003589967421323734
b6e1504972665f739dec4facb9943775,14,14,1710.3700000000001,4.357142857142857,7.142857142857142,PIRACICABA,SP,0.011125718129354537
b6f52e346160519c24a23af05410ad32,1,1,143.25,4.0,0.0,SAO PAULO,SP,0.0009318212562369764
b74d1c09cb380e1d03a6f859c6f4224b,30,38,2984.58,4.3,13.333333333333334,RIO DE JANEIRO,RJ,0.019414276334657976
b76a1f8356322f12529c37b67d5c96c2,5,5,354.89000000000004,4.8,0.0,SANTOS,SP,0.0023085099171095327
b76dba6c951ab00dc4edf0a1aa88037e,157,167,4827.34,4.219354838709678,3.1847133757961785,SAO PAULO,SP,0.03140117293600702
b76f4d90e85657a240495c876313adc5,1,1,318.3,5.0,0.0,HORTOLANDIA,SP,0.0020704970740679203
b77a27b1864483e721dc831d5ba4afa0,1,1,35.42,5.0,0.0,DUQUE DE CAXIAS,RJ,0.00023040215634145692
b7cc6c5e001441ae8cdd5c69a480cbe4,5,5,590.05,4.6,0.0,CURITIBANOS,SC,0.0038381928952364946
b7d5b4b87af9d42b601865d3f3810bff,1,1,370.69,3.0,0.0,FLORIANOPOLIS,SC,0.002411286711863768
b7e1750c1157341d2abd0251e07c186b,3,4,220.56,4.333333333333333,0.0,SAO PAULO,SP,0.001434712015885707
b7ed9fb14c8eadb37adb9c45d67ab0fb,7,11,787.75,3.2857142857142856,0.0,JACAREI,SP,0.005124203801749935
b8114f2f589a6804810f04f99b36b498,8,11,1692.03,4.75,0.0,SAO BERNARDO DO CAMPO,SP,0.011006418989114494
b81e3a6c866a764974fe849821abeebd,8,11,1053.01,4.625,0.0,MAUA,SP,0.006849683078744144
b839e41795b7f3ad94cc2014a52f6796,33,36,43749.93,4.090909090909091,3.0303030303030303,SAO CAETANO DO SUL,SP,0.2845871883621625
b83cedfb587e7911540e3f576d6917ce,24,25,2568.75,4.208333333333333,4.166666666666666,SAO PAULO,SP,0.016709360223097613
b8555308bfdb4ca1ed54325a58da9a97,26,28,3630.03,4.0,7.6923076923076925,SAO BERNARDO DO CAMPO,SP,0.023612838497577046
b8578d2d823bd8e251f6fdd02b40902d,9,9,1499.6,4.444444444444445,0.0,BLUMENAU,SC,0.00975468869705389
b8630e1121437d41cb08e3c749c2c2e2,12,12,7334.1,4.333333333333333,8.333333333333332,DUQUE DE CAXIAS,RJ,0.047707296861204944
b86a47b3366e3b5424a7b225781f4908,1,1,106.35,3.0,0.0,PASSOS,MG,0.0006917919064628442
b87a7ea0c30fad2dd6781b74a0064859,9,9,637.75,3.4444444444444446,22.22222222222222,SAO PAULO,SP,0.004148474737627446
b88e7c57cb2d8b973b7dd4a2bfa14b36,4,4,419.6700000000001,4.25,0.0,CURITIBA,PR,0.0027298947756018983
b8a0adc91af209270c2c725168eb00fd,6,6,388.49,4.0,0.0,IBITINGA,SP,0.00252707322747297
b8bc237ba3788b23da09c0f1f3a3288c,45,47,15621.16,4.318181818181818,2.2222222222222223,ITAJAI,SC,0.10161346551538432
b8d890108a7a80e4f5d59eea9f362438,2,3,124.28999999999999,3.5,0.0,CURITIBA,PR,0.0008084891025318938
b906dd0e57f282c7089171b6ed07982e,2,2,210.75,4.0,0.0,PARANA,PR,0.001370899335092096
b90e891671cffd9557f33a97dc523645,34,39,5081.3099999999995,4.323529411764706,0.0,SAO JOSE DOS PINHAIS,PR,0.03305321233877494
b92e3c8f9738272ff7c59e111e108d7c,62,70,10645.3,4.161290322580645,3.225806451612903,UBA,MG,0.0692461907086875
b94cc9f10ddc85e4ba73a6f7974e7101,39,39,26368.489999999998,4.297297297297297,5.128205128205128,MACAE,RJ,0.17152334713348794
b98b715fe9e276204e2a3464f48cd796,4,4,439.53,4.0,0.0,SAO PAULO,SP,0.0028590813036917153
b9a03475e6447e631b6799ec8274800f,10,11,1644.0800000000002,4.2,0.0,FORMOSA DO OESTE,PR,0.010694510931616672
b9c0ffa92f3ff9a5a3d45ef7213c0842,3,3,572.17,5.0,0.0,SAO PAULO,SP,0.003721885990793094
b9ca8e8baa5d4aa038394a700f63e69f,14,14,1677.95,4.214285714285714,7.142857142857142,SAO PAULO,SP,0.01091483055429553
b9de031b671cd48b28fae9d828cbf2b4,1,1,198.69,5.0,0.0,SAO PAULO,SP,0.001292450718336648
b9ec22de23f18567de0e09d776ca0309,2,2,382.47,5.0,0.0,BRASILIA,DF,0.0024879139676995212
ba143b05f0110f0dc71ad71b4466ce92,83,84,7309.37,4.457831325301205,12.048192771084338,SAO PAULO,SP,0.04754643166283328
ba5daa4041e1f15cdf34b76e3e18a450,15,15,959.35,4.266666666666667,0.0,SAO PAULO,SP,0.006240437851106061
ba6b4a237f92479743cf0ca06b67a9ac,8,8,913.71,4.25,12.5,RIO DE JANEIRO,RJ,0.005943556021195726
ba6b68b55fe8704377a7d43c8e5c0185,5,5,832.22,4.2,0.0,BELO HORIZONTE,MG,0.005413474944960115
ba6ce6de456f6c11d08c17701ba5c26f,6,7,874.51,4.166666666666667,0.0,SOROCABA,SP,0.005688565492438381
ba89796db68db180bd389de96b2ff3b6,2,2,353.26,5.0,0.0,SAO PAULO,SP,0.002297906994612735
ba8e85df286308fe68a2ce83a8f8b2d6,1,1,97.66000000000001,5.0,0.0,SANTA CATARINA,SC,0.0006352646693480148
ba90964cff9b9e0e6f32b23b82465f7b,38,38,45523.5,4.421052631578948,5.263157894736842,GUARULHOS,SP,0.296124013670534
baa49d93c8c8841e27400a300f5d74b2,6,6,334.42,4.5,0.0,SAO JOSE,SC,0.00217535542415895
bab0a8cd684e41ba6e2637dca0979d3b,1,1,289.03999999999996,5.0,0.0,RIO DE JANEIRO,RJ,0.00188016485795976
babcc0ab201e4c60188427cae51a5b8b,1,1,93.13,5.0,0.0,PORTO FERREIRA,SP,0.0006057976516115155
bac692d6c0ed08467878018e6cc9c26c,1,3,559.23,4.0,0.0,BLUMENAU,SC,0.003637713096861461
bacb1f0ed56ad24198f5810d2b3fe9a5,38,38,6847.7,4.324324324324325,2.631578947368421,JACAREI,SP,0.04454333274927709
baeda7047354773262ba2405f97038ba,1,1,50.1,5.0,0.0,AMERICANA,SP,0.0003258935074169111
baf15155e37ef5492731459bdc05be8a,1,1,55.72,5.0,0.0,SAO PAULO,SP,0.000362450823019367
bafc5aa11e413978be29040f51342e70,9,9,1829.47,3.7777777777777777,11.11111111111111,BELO HORIZONTE,MG,0.011900447006267792
bb135baca94c82fcb731335ad5b04a03,18,38,1522.68,3.0555555555555554,0.0,SAO PAULO,SP,0.009904820875720205
bb2afe2061d53c6968aa0cffa233a8ec,5,6,644.02,4.8,0.0,SAO PAULO,SP,0.004189260212507766
bb3dca718920a4d7ec3cc9ffb025108b,2,3,201.7,3.0,0.0,SAO PAULO,SP,0.0013120303482233727
bb5bd94c8f59cc050072d2930c869cac,16,17,2846.64,4.1875,0.0,SAO PAULO,SP,0.018516995887290933
bb5d956dece964a06c12bceb66b923ae,2,2,1328.5,5.0,0.0,RIO DE JANEIRO,RJ,0.008641707077911506
bb7a14e229b1c95156719c3d9552eeee,10,10,3047.6099999999997,4.5,10.0,RIO DE JANEIRO,RJ,0.01982427768740224
bb7ad8a45c027be8ab075b8e465f8ca0,2,2,52.620000000000005,5.0,0.0,FLORANOPOLIS,SC,0.0003422857556941689
bba3293d6f5d5af2f415e004e8b93ae3,17,17,12028.79,4.294117647058823,5.88235294117647,SAO PAULO,SP,0.07824560006150631
bba74270a87732727b5a3b4fd9ac1c39,35,40,6708.34,4.057142857142857,0.0,BETIM,MG,0.04363681540010302
bba8d0c234a52b87b3957037a215d1a4,1,1,139.53,5.0,0.0,GOIANIA,GO,0.0009076231754467387
bbad7e518d7af88a0897397ffdca1979,68,84,5741.24,3.1791044776119404,16.176470588235293,SAO PAULO,SP,0.037345964880683966
bbaff50f3b708fda865918715276cd87,12,16,651.77,4.75,16.666666666666664,ATIBAIA,SP,0.004239672880820761
bbd3acfe6de99892e73940d3fdceaf68,2,2,93.55000000000001,3.0,0.0,SANTO ANDRE,SP,0.0006085296929910586
bbe87dce25ba8b38bb61cc7210a3f10b,2,2,355.39,5.0,0.0,SAO JOAO DA BOA VISTA,SP,0.002311762347323274
bbf4a892cac7b82422baa711dffb8997,1,1,105.34,5.0,0.0,CURITIBA,PR,0.0006852219974310861
bbf9ad41dca6603e614efcdad7aab8c4,14,14,8622.26,4.5,0.0,FORTALEZA,CE,0.056086597869471774
bc07d855eac23aab5ac8a120f21d16b2,11,12,1407.36,4.454545454545454,18.181818181818183,MOGI DAS CRUZES,SP,0.009154680371222834
bc2ac6b95e1accce9858528ee566c17e,18,22,2279.56,4.555555555555555,0.0,CAMPINAS,SP,0.01482821963607373
bc302730ea8cf49b5c74f579febb5bbf,11,11,2930.17,3.8181818181818183,9.090909090909092,CAMPINAS,SP,0.019060346878798613
bc30de0d71bd6260b936a026b5cf7200,3,3,482.84999999999997,4.666666666666667,0.0,PEDREIRA,SP,0.00314087185741029
bc39d8938f90a3a2b98193723ed59774,2,2,329.11,4.0,0.0,CAJAMAR,SP,0.002140814615289014
bc47d5d1490df2b36add65d733eafaba,21,22,1301.8600000000001,3.5238095238095237,9.523809523809524,SANTO ANDRE,SP,0.008468417596123351
bc503e244f187939d10c92a5c8e378ce,6,13,603.72,3.5,0.0,BIRIGUI,SP,0.0039271143372801905
bc8c8d665ec4664d286be0d521722b19,1,1,30.82,2.0,100.0,SAO PAULO,SP,0.00020047979837503393
bca9230d3bbb4efa51872bf605a2f1ad,5,5,168.2,4.0,20.0,SAO PAULO,SP,0.0010941175239026835
bcc9dd23e2a8bd8267cf92b19304a1b9,3,3,246.22000000000003,2.3333333333333335,66.66666666666666,IBITINGA,SP,0.0016016267344549273
bccf933e006e9b94a6184af782963e77,45,46,5047.21,4.5227272727272725,2.2222222222222223,ASSIS,SP,0.03283139659819776
bcd2d7510d58e293f20fad6438c1b314,1,1,39.46,,100.0,CURITIBA,PR,0.00025668179246848924
bce6a5ecf98e99fd2a8868b15c51f04b,14,15,3706.5,4.071428571428571,14.285714285714285,GUARULHOS,SP,0.024110265174466686
bd0389da23d89b726abf911cccc54596,87,90,9128.47,4.172413793103448,6.896551724137931,BRASILIA,DF,0.05937942326646807
bd0a1b0aadca9a83d9304f7e8ff5fbd5,4,4,205.19,4.5,0.0,SAO PAULO,SP,0.0013347323111152893
bd149ed516d4c5d418d5781f8e18919f,8,9,555.9399999999999,4.875,0.0,GUARULHOS,SP,0.0036163121060550406
bd15ee794d5e640d9dd71b665b2ab15b,12,12,594.13,4.0,16.666666666666664,RIBEIRAO PRETO,SP,0.0038647327257806266
bd1d49a326abfa9b1036772e40445430,12,13,826.2,4.083333333333333,8.333333333333332,BAURU,SP,0.005374315685186666
bd23da7354813347129d751591d1a6e2,86,87,11089.16,4.117647058823529,2.3255813953488373,SAO PAULO,SP,0.07213343805803021
bd43e172d599bed47a85da877172ca8c,1,1,42.19,5.0,0.0,SAO BENTO DO SUL,SC,0.00027444006143551855
bd4431c1a8dfa744b59e1e2a8bc99b9e,7,7,1013.59,4.571428571428571,0.0,RIO DE JANEIRO,RJ,0.0065932614806927525
bd4889b5e9133b35b66e42a8665cea5c,36,42,7256.54,4.4,0.0,SAO PAULO,SP,0.04720277988644934
bd4ff04377f974574f7f0bf9d6ce7dde,1,1,46.730000000000004,1.0,100.0,SANTA MARIA DA SERRA,SP,0.00030397212777629254
bd65d163ded559eb90a10cd09fec178f,1,2,38.480000000000004,4.0,0.0,SAO PAULO,SP,0.0002503070292495557
bd697db56ff8e7c9cd1abeb7f72029b2,21,21,3198.9300000000003,4.333333333333333,0.0,SAO PAULO,SP,0.020808593167289013
bdae679a9b282249bc23b9b69dae9a99,6,12,851.98,3.5,0.0,BRASILIA,DF,0.005542010987007184
bdb3edbaee43a761e2d4f258dc08f348,5,5,328.36,3.8,20.0,LENCOIS PAULISTA,SP,0.002135935969968402
bdf0d02d36a1d839d0c39c4a887cdd49,5,7,215.95000000000002,5.0,0.0,BIRIGUI,SP,0.001404724609315009
be1e9e378700cecaa4ebf71433d7915c,2,2,157.51,3.0,100.0,RIBEIRAO PRETO,SP,0.0010245805659328876
be3b4b0f050a6aa1b2d901c4b77e979f,3,8,733.7199999999999,4.0,0.0,IMBITUVA,PR,0.0047727461928530135
be67f78487e2cecb0d55bc769709e4f5,1,1,125.64,5.0,0.0,IBIRITE,MG,0.0008172706641089962
be7a093e5b4d147b36b72bb1f9e415e5,1,1,83.25999999999999,5.0,0.0,TOLEDO,PR,0.0005415946791922558
be8e909810184b9b19e886129149d8e5,15,15,846.08,3.7333333333333334,13.333333333333334,PIRACICABA,SP,0.005503632310485033
be9a160a9011f627c3e121d076c1ec7b,5,5,2230.12,4.6,0.0,JARAGUA DO SUL,SC,0.014506619336538958
beadbee30901a7f61d031b6b686095ad,64,68,5311.52,3.90625,23.4375,GUARULHOS,SP,0.03455069625778587
bec568278124768c474ee90971ca94d1,2,2,249.06,4.5,0.0,SAO PAULO,SP,0.0016201005380689797
bede56095ba33c42038fb85f707b8a42,2,2,4184.77,4.5,0.0,VALINHOS,SP,0.027221344771119108
bee36b4f9a2b9fdcaff6ec05df202ed0,1,1,27.86,5.0,0.0,SAO PAULO,SP,0.0001812254115096835
bf00385a5f7fc1ef39a13c2e9ee50a5f,28,28,1189.25,4.428571428571429,0.0,SAO PAULO,SP,0.007735905263384462
bf0045791395e66460eb04749c68672a,2,2,155.25,4.0,0.0,SAO PAULO,SP,0.0010098795813667755
bf100ecb7997df312b285358fb32f92c,20,21,2337.01,4.444444444444445,0.0,SAO JOSE DOS PINHAIS,PR,0.015201923867632644
bf3c6d2a28b2b5501e6c15448982dcc9,35,43,4648.150000000001,4.6,2.857142857142857,SAO PAULO,SP,0.0302355669960063
bf84056e679dbe9c69929847a40e338f,35,38,2356.58,3.7714285714285714,5.714285714285714,SAO PAULO,SP,0.01532922398619849
bf961104a38e01b9062ee026bb657dee,4,4,665.46,4.5,0.0,RIBEIRAO PRETO,SP,0.004328724420073008
bfd27a966d91cfaafdb25d076585f0da,114,115,21861.41,4.31858407079646,5.263157894736842,SERRA NEGRA,SP,0.1422054207979867
bfd938b22bc99bce1ae60dc602889f52,4,6,723.87,5.0,0.0,RIO DE JANEIRO,RJ,0.004708673317642304
bff9deb0ec77d437f3305a79cf25529e,5,5,242.74,4.0,0.0,LIMEIRA,SP,0.0015789898201672857
c003204e1ab016dfa150abc119207b24,195,200,29618.460000000003,4.466666666666667,5.128205128205128,CAJAMAR,SP,0.19266394837699571
c00396cbdd2e088fe4281baa5920aef1,1,3,905.8500000000001,5.0,0.0,CAMPO MAGRO,PR,0.005892427818235708
c004e5ea15737026cecaee0447e00b75,1,1,2455.12,1.0,100.0,SAO PAULO,SP,0.01597021293272269
c0098efcf800861dcae589affca31408,9,9,1376.74,4.777777777777778,0.0,RIBEIRAO PRETO,SP,0.008955501544933298
c013e57c075a06e5b5c48ee03c525719,42,45,2828.66,4.238095238095238,4.761904761904762,SAO CARLOS,SP,0.018400038496804785
c026ef0d72e9132d9fa112308090c8dc,1,1,557.72,4.0,0.0,RIO DE JANEIRO,RJ,0.0036278907576159612
c03121937e54a93fcc1825c3098bbb6e,7,7,1197.94,5.0,0.0,CURITIBA,PR,0.0077924325004992915
c04d70d515d15a7e3db3a73320598566,3,4,214.82,5.0,0.0,NITEROI,RJ,0.0013973741170319528
c0563dd588b775f2e37747ef6ad6c92c,28,28,4094.6800000000003,4.357142857142857,10.714285714285714,SANTO ANDRE,SP,0.026635321895207138
c092292535a57dacd95a8765f5518f87,1,1,143.98,5.0,0.0,PARACAMBI,RJ,0.000936569804349039
c0aff2da32c17759d30b22fb0af6649d,4,5,272.33000000000004,3.75,0.0,FLORIANOPOLIS,SC,0.0017714686402165152
c0e0b73d039eb9a99b6ce4cb7a429cd3,1,1,37.56,5.0,0.0,LAURENTINO,SC,0.0002443225576562711
c0e6839516f5398edc34adf5f1d53d1a,1,1,49.04,5.0,0.0,GUARUJA,SP,0.00031899835536377885
c0f3eea2e14555b6faeea3dd58c1b1c3,1,1,95.64999999999999,5.0,0.0,SAO PAULO,SP,0.0006221898998887733
c0f783394e37cd9c9d7f5f81141450fa,6,6,336.75,3.6,0.0,PIRACICABA,SP,0.002190511748954986
c113b8df1fc375bc3d73d29c1b1144d1,3,5,400.87,4.333333333333333,0.0,SAO PAULO,SP,0.002607603399565213
c12b92bf1c350f3e6bf88d3596219c86,17,17,5252.84,3.8823529411764706,5.88235294117647,GARCA,SP,0.034168991047901144
c13ef0cfbe42f190780f621ce81f2234,1,1,451.28,3.0,100.0,SAO PAULO SP,SP,0.0029355134137146435
c13fb473e7cb8b83ccd543c094df0608,2,2,83.52,3.5,0.0,SAO PAULO,SP,0.0005432859429034014
c1552b1dab6e6f760950368ae61fb600,2,2,68.69,2.5,0.0,SAO JOSE DOS CAMPOS,SP,0.0004468188627638248
c157bdeedcbc9a8e3c8bf0d87ff24428,7,10,722.97,4.428571428571429,0.0,MAIRINQUE,SP,0.004702818943257569
c161d1327ebc3a156c09582ab2f59f6c,2,2,51.55,4.0,0.0,SAO PAULO,SP,0.0003353255550367618
c18309219e789960add0b2255ca4b091,1,1,24.0,5.0,0.0,RIO DE JANEIRO,RJ,0.00015611665025959813
c1849d4d32d7a6cecd5aa471809d3135,3,3,430.71,4.333333333333333,0.0,SANTO ANDRE,SP,0.0028017084347213127
c1d1ebb4745cc43cb6f05e9c8a705c9a,1,1,31.71,1.0,100.0,SAO PAULO,SP,0.00020626912415549405
c1dde11f12d05c478f5de2d7319ad3b2,1,1,19.89,1.0,0.0,SAO PAULO,SP,0.00012938167390264197
c1ed9e3daf6154542826a6996af0fb8c,8,16,1050.0700000000002,4.25,12.5,ITAJAI,SC,0.006830558789087344
c1f12f926d0ba950578b4fa41115cbb6,2,4,556.56,4.0,50.0,SAO PAULO,SP,0.00362034511952008
c240c4061717ac1806ae6ee72be3533b,1,1,73.89,4.0,0.0,RIO DE JANEIRO,RJ,0.0004806441369867378
c24173065483e421f9e5e7f599de101d,9,9,491.21,3.5555555555555554,11.11111111111111,SAO PAULO,SP,0.0031952524905840495
c26a2be5b53b7db6b276280da212a779,13,18,8288.85,3.3846153846153846,0.0,NOVA FRIBURGO,RJ,0.053917812354344584
c26ba52cf8d2f34915f2f6b7ffa0a3f3,3,3,146.22,5.0,0.0,RIO DE JANEIRO,RJ,0.0009511406917066016
c273175f7c6c80fb02f051e2fc6d0d72,14,14,1443.45,3.7857142857142856,7.142857142857142,SAO PAULO,SP,0.009389440784050705
c286ec035ee04ba81c97508f0b5df544,1,1,344.67,4.0,0.0,CURITIBA,PR,0.0022420302435406537
c2bda99904207edd1834f03e0022b007,1,1,47.68,4.0,0.0,SAO PAULO,SP,0.0003101517451824016
c2d70ce2c5d0a2eb75e78668236e6dc8,13,15,2699.92,4.615384615384615,0.0,SAO PAULO,SP,0.017562602765370593
c31eff8334d6b3047ed34bebd4d62c36,120,121,15350.85,3.8739495798319328,11.666666666666666,SALTO,SP,0.09985513669323134
c3251e13f1bbda6c74e37c160f991e19,2,2,513.08,5.0,0.0,PORTO FERREIRA,SP,0.0033375137881331094
c32fc744b9160ac853450488e3cfea93,2,2,79.85,3.0,0.0,RIBEIRAO PRETO,SP,0.0005194131051345379
c33847515fa6305ce6feb1e818569f13,114,128,19894.26,3.8508771929824563,3.508771929824561,BRUSQUE,SC,0.129409384608063
c33a5c3c983090c8b78a28e65052a20d,8,8,687.33,4.125,0.0,CRICIUMA,SC,0.004470985717622066
c353f8fc0ce8344999f17d578eb69a5e,2,2,212.57,5.0,0.0,PORTO ALEGRE,RS,0.0013827381810701156
c35672b10ad50968f567ea3f4b91e877,18,22,1515.35,4.5,5.555555555555555,MESQUITA,RJ,0.009857140248786752
c35affa65afd250151285c5917fc1c8a,8,8,5424.76,4.25,12.5,SAO PALUO,SP,0.035287306652594067
c360e4787614ed31ac7a2f95d3b22dc6,1,1,218.95000000000002,2.0,0.0,LENCOIS PAULISTA,SP,0.001424239190597459
c37b2059d4f90d4feead554e5246565e,12,16,1061.28,3.3333333333333335,25.0,SAO PAULO,SP,0.006903478274479429
c3867b4666c7d76867627c2f7fb22e21,228,241,39360.2,4.079646017699115,10.964912280701753,GUARA,SP,0.2560326073978264
c394e193cda3b4225ff2094d32184849,2,11,3312.4500000000003,5.0,0.0,SAO PAULO,SP,0.02154702492301691
c398bc00a606d33758afd91f4e64fd15,2,2,165.5,4.5,0.0,RIO DE JANEIRO,RJ,0.0010765544007484786
c3aad7dc65449ae90a5e9c3c6c1e78e0,6,6,640.36,4.666666666666667,0.0,AURIFLAMA/SP,SP,0.004165452423343177
c3acdfac4e3e97ff87529454fbc03642,12,12,17057.28,4.25,8.333333333333332,SAO PAULO,SP,0.11095522567250157
c3cfdc648177fdbbbb35635a37472c53,278,307,49127.81,4.469314079422382,1.4388489208633095,CURITIBA,PR,0.31956954715791613
c3e1abd72a42fe690fcd89cf5720fe29,13,13,1967.58,4.461538461538462,0.0,MOGI GUACU,SP,0.012798833279907502
c3e2398fcc7e581cda2e546557bf6968,1,1,30.130000000000003,5.0,0.0,SAO PAULO,SP,0.0001959914446800705
c3ee2331a724e6fc02c4b698b57a73f3,2,3,1487.88,3.0,0.0,SAO PAULO,SP,0.009678451732843787
c3f5668699a1b04c0fa61ecea1e2bff6,3,3,514.9300000000001,5.0,0.0,APUCARANA,PR,0.0033495477799239527
c3fe93ba3085f92855c97e57f38c8c05,6,6,317.18,5.0,0.0,CURITIBA,PR,0.002063211630389139
c42fd8e4d47dfb18ce5222f2dd7752f9,7,11,628.63,3.8,28.57142857142857,OSASCO,SP,0.004089150410528799
c447f8dd3ed213f291d65ef074a268eb,7,8,777.23,3.7142857142857144,0.0,ASSIS,SP,0.00505577267005281
c458e2045a8aa8964f8879af03fdcce6,4,9,691.7,2.75,0.0,SAO CAETANO DO SUL,SP,0.0044994119576901685
c4af86330efa7a2620772227d2d670c9,4,4,5760.96,4.333333333333333,0.0,MOGI DAS CRUZES,SP,0.037474240728313936
c4d51195486dc781531876a7d00453d8,17,17,12038.35,3.9411764705882355,29.411764705882355,PRESIDENTE PRUDENTE,SP,0.07830778652719304
c4f7fee5b0db50e87766f5a4d1b1b758,5,5,2914.72,4.0,0.0,SOROCABA,SP,0.018959846785193996
c4fabeea6e569d42d02993bb1f4f1cbc,11,11,1136.52,4.0,9.090909090909092,FORTALEZA,CE,0.007392903973043269
c4fb51fb1c5b7c07bc5e67be6e7e8f6e,15,16,2126.61,3.533333333333333,13.333333333333334,CURITIBA,PR,0.013833301233690165
c500367424994318b9e779ff1ae9a330,9,9,4658.39,3.7777777777777777,11.11111111111111,PAULINIA,SP,0.030302176766783723
c510bc1718f0f2961eaa42a23330681a,12,12,10851.45,4.25,0.0,INDAIATUBA,SP,0.07058716768581318
c522be04e020c1e7b79f3acff36513d5,6,6,740.4200000000001,4.0,33.33333333333333,SANTANA DE PARNAIBA,SP,0.004816328757717153
c52c644cc0dc85121207a27013efc6af,1,2,680.96,5.0,0.0,TIRADENTES,MG,0.004429549756698998
c53bcd3be457a342a97e39e5a9f0be22,5,5,695.59,3.2,0.0,NEOPOLIS,SE,0.004524715864753078
c54679b132454625907c773d273d4126,7,8,1139.93,4.857142857142857,0.0,GUARUJA,SP,0.007415085547100988
c5e60e39c0f42b8e827daa13cff74afa,6,8,223.1,4.5,0.0,SAO PAULO,SP,0.0014512343613715143
c5ebe6598748b0aeaa61cfb820478b92,3,3,337.16999999999996,4.666666666666667,0.0,LAJEADO,RS,0.0021932437903345293
c5f7e746b7e6d07def6c0dae9903279b,10,11,1658.9199999999998,4.4,0.0,CURITIBA,PR,0.01079104306036052
c5f7feb04a6a1fb3596322bfc3cf1917,11,11,2058.46,4.2727272727272725,9.090909090909092,SAO CAETANO DO SUL,SP,0.013389994995557182
c60b801f2d52c7f7f91de00870882a75,39,39,11994.94,3.4358974358974357,15.384615384615385,GUARULHOS,SP,0.07802541053603601
c611f4ce9ce875bcc063fa97fd4d7d12,1,1,332.25,4.0,100.0,ATIBAIA,SP,0.0021612398770313114
c6218512d16fcac0af02fe92691cf274,8,8,868.64,4.0625,0.0,CONTAGEM,MG,0.005650381961729055
c6381b1321d7d97717a5bb4ed5b77882,2,3,100.00999999999999,3.0,0.0,SAO PAULO,SP,0.0006505510913526003
c6381d2d013342748761e906d45aff76,15,28,2614.26,3.8666666666666667,0.0,PORTAO,RS,0.01700539642115238
c64a2aec32cc408a8a4c6d7c46017f91,9,9,3628.17,3.888888888888889,0.0,IMBE,RS,0.023600739457181923
c66dccfb3f109511246da627dd5a2498,44,44,13127.29,4.568181818181818,4.545454545454546,REGISTRO,SP,0.08539118924109666
c679fb69a36e1d8349e8c50a217b4d58,14,17,2213.89,3.8461538461538463,7.142857142857142,CAXIAS DO SUL,RS,0.014401045451800903
c68fb906c8f4b4b946d8386bfa6e5467,45,48,5433.61,4.5227272727272725,2.2222222222222223,JABOTICABAL,SP,0.03534487466737729
c6a7539d424a8402232c2228d7a03c5e,10,15,1001.32,3.1,10.0,SAO PAULO,SP,0.006513446843247533
c6bda72e4dbf5c5866b13cb1810c6d03,59,59,15196.12,4.398305084745763,3.389830508474576,SAO PAULO,SP,0.09884863963928686
c70a353f02429c00775a46a75fb787da,6,6,336.94,4.666666666666667,0.0,SAO PAULO,SP,0.0021917476724362082
c70c1b0d8ca86052f45a432a38b73958,260,336,40190.56,4.368217054263566,5.384615384615385,HORTOLANDIA,SP,0.2614339833023914
c714262700f93defc16bf17a51a4cb23,4,4,491.33,3.75,0.0,SAO PAULO,SP,0.003196033073835348
c716e0b86ed568878475b60fbb6323ad,1,1,50.230000000000004,5.0,0.0,RIO DE JANEIRO,SP,0.00032673913927248394
c7246702dc991a06d788120dc7544391,1,1,72.52,5.0,0.0,FORTALEZA,CE,0.00047173247820108565
c72de06d72748d1a0dfb2125be43ba63,21,22,18733.18,4.476190476190476,0.0,GUANAMBI,BA,0.12185672126292077
c731d18cea9bf687ffee82a241c25b11,24,26,4272.65,4.217391304347826,0.0,CONCORDIA,SC,0.02779299190548633
c747d5b92c7648417faea95d36d763e8,1,1,224.75,5.0,0.0,PACATUBA,CE,0.0014619673810768617
c74f14c1e26cf1bd5bd34b6a1e274426,1,1,55.79,5.0,0.0,SAO MIGUEL DO OESTE,SC,0.00036290616324929085
c76d418370990614e89e956c7a7567d9,2,2,369.77,3.5,0.0,TABOAO DA SERRA,SP,0.002405302240270483
c79151301b9d90985d1fa52879213105,3,7,383.44,4.666666666666667,0.0,MARINGA,PR,0.0024942236823141794
c794dab4928dd97beb41d05514441e86,16,16,1544.59,4.375,12.5,ARTUR NOGUEIRA,SP,0.010047342367686361
c7a0a13cbcf29d5ce51c8f80afdc0b89,8,9,657.8000000000001,4.125,0.0,LAURENTINO,SC,0.004278897189198486
c7b7db6c8f3c64a7cc1afa634db21d50,1,1,1511.86,1.0,100.0,SAO PAULO,SP,0.009834438285894835
c7bb64409aa480bb7d0335faaaf3d242,4,4,165.16,2.25,0.0,JOINVILLE,SC,0.0010743427482031345
c7c7b2682c648339a0e9846bb1023a39,2,3,199.68,4.5,0.0,BRAGANCA PAULISTA,SP,0.0012988905301598566
c7fdb77fdbff3c41981bc52f787e959e,9,11,825.16,3.5555555555555554,11.11111111111111,SANTO ANDRE,SP,0.005367550630342083
c8025364abeecb115431bf95c11a747f,2,2,971.28,4.5,0.0,PORTO ALEGRE,RS,0.006318040836005937
c8143b3069f6746a77421b5ce30a450c,1,1,185.88,5.0,0.0,ABADIA DE GOIAS,GO,0.0012091234562605876
c826c40d7b19f62a09e2d7c5e7295ee2,346,365,50096.67,4.130434782608695,7.514450867052023,GUARULHOS,SP,0.3258718462316876
c840d3fdbba0790404fdae73d253b253,9,14,4881.93,3.5555555555555554,0.0,CURITIBA,PR,0.03175627326674333
c8417879a15366a17c30af34c798c332,25,35,2192.85,4.291666666666667,4.0,SAO PAULO,SP,0.014264183188406656
c84592044b180dec206770c38603814b,14,14,700.97,4.428571428571429,0.0,SAO PAULO,SP,0.0045597120138529375
c8467937e403e76a8ee9f0ab13f6f5ef,30,33,2442.74,4.071428571428571,13.333333333333334,POCOS DE CALDAS,MG,0.015889682760630446
c847e075301870dd144a116762eaff9a,41,42,16341.480000000001,4.2,7.317073170731707,UBERABA,MG,0.10629904657850908
c864036feaab8c1659f65ea4faebe1da,58,58,12299.77,4.568965517241379,3.4482758620689653,CAMPO LARGO,PR,0.08000828714014573
c8660dcf9ba70575f45d80fe28c27713,4,7,438.99,4.5,25.0,SAO PAULO,SP,0.0028555686790608745
c8665a4dd081a2c436b1cd921079d0d9,1,1,93.53,5.0,0.0,PITANGUEIRAS,SP,0.0006083995957825089
c8771b1a10bb99bb34d3c459c5cffb53,1,1,96.10000000000001,5.0,0.0,TOCANTINS,SP,0.0006251170870811409
c878515173c84a492ebe50d6b493230b,9,10,1308.04,4.111111111111111,22.22222222222222,ITAIPULANDIA,PR,0.008508617633565198
c87abc38c8ed3240861729e1aeadf221,1,1,148.68,1.0,0.0,SAO PAULO,SP,0.0009671426483582106
c89cf7c468a48af70aada384e722f9e2,14,14,971.01,4.0,7.142857142857142,PETROPOLIS,RJ,0.0063162845236905156
c8b0e2b0a7095e5d8219575d5e7e1181,84,85,13657.34,4.0843373493975905,7.142857142857142,ITAQUAQUECETUBA,SP,0.08883909051068417
c8b3445d737de6befde0c88ede534a5e,30,36,3800.79,4.433333333333334,3.3333333333333335,SAO PAULO,SP,0.024723608464174086
c8c1bea22194a4eefa2dc9a9fa89f536,7,13,1558.73,5.0,0.0,PORTO BELO,SC,0.010139321094130974
c8cc60ffd415254af5d9b9f34f32c369,8,9,916.23,4.75,0.0,SOROCABA,SP,0.0059599482694729835
c8e135e7b21ecbc36c1153a29d2f5a06,7,7,1267.48,4.857142857142857,0.0,SAO PAULO,SP,0.008244780494626477
c963a25b8671419c6ce9eebe8fd03218,1,1,68.32,5.0,0.0,ANGRA DOS REIS RJ,RJ,0.000444412064405656
c97aa4ee7420f937da13b7f9e2228b99,1,1,36.56,1.0,0.0,NOVO HAMBURGO,RS,0.00023781769722878784
c990d6cf976a5718aaedc539f383ab88,8,9,298.45,3.625,37.5,PAULINIA,SP,0.0019413755945823776
c9a06ece156bb057372c68718ec8909b,9,9,3799.18,3.5555555555555554,0.0,BRASILIA,DF,0.024713135638885837
c9aafcd0621b2207c10e32c649cada4d,40,47,3488.55,4.325,7.5,SAO PAULO,SP,0.02269253084429671
c9c7905cffc4ef9ff9f113554423e671,127,139,12766.71,4.141732283464567,7.874015748031496,ITAPECERICA DA SERRA,SP,0.08304566666815474
c9d2ba8dde44a275ae06475ed1d2fafc,1,1,43.31,5.0,0.0,UBERLANDIA,MG,0.0002817255051142998
c9e5ad1f6647f5dbd1172adf6ae3cada,4,4,319.97999999999996,4.75,0.0,PORTO ALEGRE,RS,0.002081425239586092
ca3bd7cd9f149df75950150d010fe4a2,68,135,12572.36,4.088235294117647,1.4705882352941175,SAO PAULO,SP,0.08178144704407338
ca4b77513ac2040591b0d8fae6958380,14,15,1973.6200000000001,4.5,14.285714285714285,SANDO ANDRE,SP,0.012838122636889503
ca5832c6960267b71041f74bb39e8b12,1,1,97.71000000000001,1.0,100.0,XANXERE,SC,0.0006355899123693889
ca77545ca4d2dfd1431bf61334e2fa3c,6,10,973.71,4.666666666666667,0.0,MARINGA,PR,0.006333847646844721
ca7c6bd577e559472af1c699de9e764e,6,8,218.82,4.333333333333333,0.0,SAO BERNARDO DO CAMPO,SP,0.0014233935587418859
caa9bc43a9fe8cf9c564ddd8a03cc4a6,13,14,1037.74,4.666666666666667,0.0,JACAREI,SP,0.006750353860016474
cab85505710c7cb9b720bceb52b01cee,199,202,13815.289999999999,4.33080808080808,2.0100502512562812,SAO PAULO,SP,0.08986653321520514
cac4c8e7b1ca6252d8f20b2fc1a2e4af,73,81,5238.62,3.576388888888889,17.80821917808219,INDAIATUBA,SP,0.03407649193262233
cac4e0bc1a3269fa2b6ea5e763f6115b,2,3,108.02,5.0,0.0,BRUSQUE,SC,0.0007026550233767412
cac63f48c38cd7d002a7e846dcd99a23,10,10,1014.62,4.8,0.0,SUMARE,SP,0.006599961486933061
cac876b37d3abcd6bd76caca30277996,27,33,2958.79,4.461538461538462,0.0,CASCAVEL,PR,0.01924651598423318
cad10cc982ab6a391570c211b995c17c,1,1,60.19,5.0,0.0,AVARE,SP,0.0003915275491302171
cad9969167c09b48ae6f1d123f7fa68d,1,1,37.51,5.0,0.0,POCOS DE CALDAS,MG,0.0002439973146348969
cb0b3bcf14e0a709df412a99424a59d7,2,2,507.43,4.5,0.0,SAO PAULO,SP,0.0033007613267178283
cb162c8eef257253782d245c08d9097c,1,1,49.120000000000005,5.0,0.0,BARUERI,SP,0.0003195187441979775
cb32766839f443db85c82a43c4a6c19e,2,2,265.51,3.0,0.0,RIO CLARO,SP,0.0017271054921010791
cb3dd9ce66268c7a3ca7241ac70ab58c,48,50,3608.67,4.197916666666667,4.166666666666666,SAO PAULO,SP,0.023473894678846002
cb41bfbcbda0aea354a834ab222f9a59,11,11,4650.66,3.272727272727273,36.36363636363637,SAO PAULO,SP,0.030251894195679276
cb4a705d00e100b9732d0ca34817d441,1,2,1080.56,1.0,0.0,FLORIANOPOLIS,SC,0.007028891983521306
cb5df0dcb9e280b1780e9d589889f2c7,11,12,2068.7999999999997,3.4,18.181818181818183,BADY BASSITT,SP,0.013457255252377356
cb5ff1b9715e99589f3e0c7a6afab9e3,4,4,139.03000000000003,4.0,0.0,MARINGA,PR,0.0009043707452329972
cb6c9f5888a7a090c75beaf615925792,11,11,1008.97,3.8181818181818183,0.0,VILA VELHA,ES,0.00656320902551778
cb810bd318f51b3dc3c753944d61a1fa,1,1,1789.02,4.0,0.0,NITEROI,RJ,0.011637325401976093
cb8bcce248bb1fb274ba762d8b971456,66,67,10352.49,4.333333333333333,1.5151515151515151,SANTA RITA DO SAPUCAI,MG,0.06734150252691612
cb9fb4ca75d7ba8437480e8dde64fe98,10,10,705.56,4.0,0.0,SAO PAULO,SP,0.004589569323215086
cbbd5ae8f53de5f5097cd8217b529e24,1,1,208.16,4.0,0.0,SANTANA DE PARNAIBA,SP,0.0013540517465849143
cbd996ad3c1b7dc71fd0e5f5df9087e2,160,189,10989.44,4.210191082802548,8.125,SAO JOSE DO RIO PRETO,SP,0.07148477337620159
cbf09e831b0c11f6f23ffb51004db972,10,10,1815.4,4.4,0.0,SBC/SP,SP,0.011808923620053103
cc1f04647be106ba74e62b21f358af25,1,1,20.189999999999998,1.0,0.0,SAO PAULO,SP,0.00013133313203088693
cc3d14116804f7209f3884f6367f1152,27,30,6060.59,4.62962962962963,0.0,CURITIBA,PR,0.03942329205820074
cc419e0650a3c5ba77189a1882b7556a,1651,1719,125936.98999999999,4.151993523578223,5.269533615990309,SANTO ANDRE,SP,0.8192025426073545
cc5a78bbad32776dc4e3af205218368c,33,38,5573.35,4.454545454545454,3.0303030303030303,DIVINOPOLIS,MG,0.0362538638635138
cc63f0dd2acba93ffed4fe9f8e0321fa,55,63,8496.68,4.090909090909091,0.0,SAO JOSE DO RIO PRETO,SP,0.055269717496988426
cc80e2f693fa6e2408f47ccf62413fc1,2,2,508.63,4.0,0.0,CURITIBA,PR,0.0033085671592308083
cca3071e3e9bb7d12640c9fbe2301306,691,804,76033.68,3.884558823529412,4.92040520984081,IBITINGA,SP,0.494588476187925
ccada0ef508e698917a6eab263375905,3,3,231.96,3.6666666666666665,0.0,PATO BRAGADO,PR,0.001508867424759016
ccb83a794700270fde70898fe9ff368b,12,12,12785.73,4.333333333333333,16.666666666666664,SOMBRIO,SC,0.08316938911348548
ccbd753e6863fe7314dc6c0ca5a074e7,1,1,596.56,4.0,0.0,BLUMENAU,SC,0.003880539536619411
ccc4bbb5f32a6ab2b7066a4130f114e3,184,189,78101.34,4.3224043715847,6.521739130434782,CURITIBA,PR,0.5080383158994151
cce6ab8d1682639fe45ab70234f1665f,61,64,3579.59,4.508196721311475,3.278688524590164,CURITIBA,SP,0.023284733337614785
ccf8813e5a7d6c84d865cd38bfc2b130,26,26,3051.29,4.384615384615385,3.8461538461538463,TAUBATE,SP,0.01984821557377538
cd06602b43d8800bd0afad514919d35c,43,52,3287.85,3.744186046511628,4.651162790697675,SAO PAULO,SP,0.02138700535650082
cd2169d9f31ff6fbb9ca3373b0c9e354,1,1,625.33,4.0,0.0,NOVA FRIBURGO,RJ,0.004067684371118104
cd233f8bfa30ebfd651f47ee7d054951,1,1,98.56,5.0,0.0,BIRIGUI,SP,0.0006411190437327496
cd3d09fbe6e3e9ff0c0ac0c300e93ae7,12,12,880.23,4.166666666666667,8.333333333333332,NOVA ODESSA,SP,0.0057257732940835864
cd52a8efd71af3336b14b5039b951cc1,2,2,146.1,3.0,0.0,PALHOCA,SP,0.0009503601084553036
cd68562d3f44870c08922d380acae552,122,129,20279.86,4.016528925619835,15.573770491803279,RIBEIRAO PRETO,SP,0.13191765878890058
cd6efc47efaabf134f8bdb654e10b4f1,31,32,4757.16,4.483870967741935,6.451612903225806,RIO DE JANEIRO,RJ,0.03094466183120624
cd843d4cf8ef32827de0396605163ba3,5,5,2612.56,3.8,0.0,JUIZ DE FORA,MG,0.016994338158425652
cda598c48d7c614bc1cad7d8ff6f0010,17,18,1420.2,4.0588235294117645,0.0,MIRASSOL,SP,0.00923820277911172
ce20a2ec1514c25e16f2b5b39bc818f0,4,7,496.03,4.75,0.0,SAO PAULO,SP,0.003226605917844519
ce248b21cb2adc36282ede306b7660e5,64,65,15455.2,4.234375,7.8125,JARAGUA DO SUL,SC,0.10053391887883921
ce27a3cc3c8cc1ea79d11e561e9bebb6,118,147,11435.63,4.212389380530974,1.694915254237288,SAO PAULO,SP,0.07438717705034034
ce33c6211beaa8fef4cae8b52db39862,1,1,63.519999999999996,3.0,0.0,SUZANO,SP,0.00041318873435373634
ce3ad9de960102d0677a81f5d0bb7b2d,1,1,174.21,5.0,0.0,RIO DE JANEIRO,RJ,0.001133211735071858
ce4755084bc097113867e6454f8f5e52,1,1,31.689999999999998,5.0,0.0,RIBEIRAO PRETO,SP,0.00020613902694694434
ce616e1913288884e7742faac9d981db,14,22,593.45,4.428571428571429,7.142857142857142,COTIA,SP,0.0038603094206899383
ce69a8021d18961dd2a40269b7c2c293,19,19,5289.05,4.473684210526316,5.263157894736842,CURITIBA,PR,0.034404532043980314
ce7d1888639e6fb06b2749cbfdac1ff7,78,84,14876.54,4.166666666666667,8.974358974358974,BAEPENDI,MG,0.09676981634387176
cea729054f157f5870bdd321a958d994,24,26,2831.62,4.125,4.166666666666666,SAO PAULO,SP,0.018419292883670137
ceaec5548eefc6e23e6607c5435102e7,198,206,57653.73,4.2,5.05050505050505,SAO PAULO,SP,0.3750294667738042
cecd97bc34ed8330bd4cd15713eda670,1,1,76.5,1.0,0.0,CORDILHEIRA ALTA,SC,0.000497621822702469
cee48807215b30a12ca2ca10ffb5f250,39,40,8125.52,3.769230769230769,12.82051282051282,GUARUJA,SP,0.052855373500723744
cf1313c6e2c01c2f4b014f97db4bcd2b,5,5,397.0,5.0,0.0,RIO DE JANEIRO \RIO DE JANEIRO,RJ,0.0025824295897108524
cf2384dd2f1dddea3f838efed0945e65,16,16,2534.94,3.9375,0.0,SERRA NEGRA,SP,0.016489430892044403
cf654707ed6a99f112c7ec3d6f314b8b,3,4,789.54,4.666666666666667,0.0,SAO PAULO,SP,0.005135847501915129
cf8ab1616079e2793aa29d524df01bb1,6,6,10031.56,2.5,16.666666666666664,SAO PAULO,SP,0.06525389766992393
cfa5ab0e4d3fc212fd0b3410e7081c62,15,20,5796.29,3.8666666666666667,0.0,UBA,MG,0.03770405744721692
cfb1a033743668a192316f3c6d1d2671,143,179,15970.7,4.038732394366197,9.79020979020979,VOTORANTIM,SP,0.10388717442920684
cfd7ddab722b902f7ac5b5f3ba6d723d,12,13,4058.11,4.75,0.0,CONTAGEM,MG,0.026397439149374074
cfe94489ddd337d1e29e12f2a7205d10,20,24,2672.8199999999997,4.3,5.0,SAO PAULO,SP,0.017386321047785792
d03698c2efd04a549382afa6623e27fb,17,20,9467.77,4.470588235294118,5.88235294117647,ILHEUS,BA,0.06158652240951315
d05ae8f7a5bd1d2a690a44cd079e4e27,77,80,14385.65,3.8947368421052633,6.493506493506493,RIO DE JANEIRO,RJ,0.0935766454086245
d06d019f72a04e5497a0b64190af170c,17,17,2641.44,4.529411764705882,0.0,COTIA,SP,0.01718219852757137
d0d70d21e2234dd7cd3cf63fe414148a,8,9,964.99,4.25,0.0,SAO BENTO,PB,0.006277125263917067
d101c6da914ae3d53f7bee42283f2fe2,9,9,994.96,3.2222222222222223,11.11111111111111,SAO PAULO,SP,0.00647207593092874
d12c926d74ceff0a90a21184466ce161,75,96,5042.26,4.36,1.3333333333333335,SAO PAULO,SP,0.032799197539081726
d13e50eaa47b4cbe9eb81465865d8cfc,66,68,7907.55,4.818181818181818,9.090909090909092,SANTO ANDRE,SP,0.05143750907334522
d149de2f383552baea37a7198c2296ce,3,3,354.37,5.0,0.0,SAO PAULO,SP,0.0023051273896872414
d1582f4043306e6b91afa6a8a884f898,9,9,1121.92,4.111111111111111,11.11111111111111,SAO PAULO,SP,0.007297933010802015
d17f467e4bf608a510c20d82f4ba3b6b,11,11,3471.31,4.2727272727272725,18.181818181818183,CAXIAS DO SUL,RS,0.0225803870505269
d180e07dc1e58c31c3f0cd599dc4d945,1,1,72.96,3.0,0.0,BELO HORIZONTE,MG,0.0004745946167891783
d197aa8fbc64087f61984deef05f6227,6,7,630.65,4.833333333333333,0.0,SAO JOSE DOS CAMPOS,SP,0.004102290228592315
d1a5cc844736958c11b8efab9a2b4c87,1,1,254.01,1.0,100.0,CURITIBA,PR,0.0016522995971850216
d1aa1ec0839dcab73a6161130eb1f94a,1,1,136.04000000000002,4.0,100.0,CURITIBA,PR,0.0008849212125548223
d1b65fc7debc3361ea86b5f14c68d2e2,39,40,12823.32,4.641025641025641,2.564102564102564,MOGI GUACU,SP,0.08341390681695457
d1b9d4be4b6f9ebd85f8acd6745ba612,11,11,1348.53,4.181818181818182,0.0,NOVA LIMA,MG,0.008771999432273993
d1c281d3ae149232351cd8c8cc885f0d,214,239,32213.68,3.806603773584906,6.5420560747663545,IBITINGA,SP,0.2095454922556088
d1c7fa84e48cfa21a0e595167c1c500e,12,12,1477.38,4.333333333333333,0.0,JACUTINGA,RS,0.009610150698355212
d1ef48b38baca7e831711c4a0aeb398f,28,34,2091.77,4.571428571428571,7.142857142857142,APUCARANA,PR,0.013606671896396649
d20b021d3efdf267a402c402a48ea64b,86,102,5427.26,3.7529411764705882,16.27906976744186,IBITINGA,SP,0.035303568803662776
d23019c84ffae2d5ef2270367b8605fc,39,39,31954.84,4.410256410256411,2.564102564102564,LONDRINA,PR,0.20786177418255902
d2374cbcbb3ca4ab1086534108cc3ab7,514,620,30370.23,3.7799607072691552,5.252918287937743,IBITINGA,SP,0.1975541073005648
d2572f31e9023e9850ef986a636ff9bf,1,1,305.69,5.0,0.0,BELO HORIZONTE,MG,0.0019884707840773564
d25aa0aaacb370e912f8cf6efeba38b3,17,21,3373.13,4.470588235294118,5.88235294117647,MASSARANDUBA,SC,0.021941739853756595
d263fa444c1504a75cbca5cc465f592a,1,1,444.07,5.0,0.0,AMERICANA,SP,0.002888613370032489
d26aa40b90272d4843d63be7c1462c8d,2,2,177.42000000000002,4.5,0.0,SAO PAULO,SP,0.0011540923370440793
d297f1055de2956aedfd3b04113dce3e,1,1,61.94,4.0,0.0,NOVA ODESSA,SP,0.0004029110548783128
d29ba1220fb8634fa3a107e54497b8a4,9,9,907.86,3.2222222222222223,0.0,SAO CARLOS,SP,0.005905502587694948
d2df77822373f19934e87694d8640767,2,2,196.4,3.0,0.0,ARAPONGAS,PR,0.0012775545879577116
d2e753bb80b7d4faa77483ed00edc8ca,14,15,1774.94,3.6785714285714284,7.142857142857142,PORTO SEGURO,BA,0.01154573696715713
d2f3e277560ed4c6361284429b00f037,7,7,454.66,4.714285714285714,0.0,ATIBAIA,SP,0.002957499841959537
d32e3909cfb714fb2a6cb092c85b9c5f,10,11,3078.8999999999996,3.5,20.0,JUNDIAI,SP,0.020027814770178193
d354c38a7182125a748cb10474fe963b,17,19,1793.71,4.375,5.88235294117647,APERIBE,RJ,0.01166783319738099
d3674f271c91f824f82d24d92011f669,20,20,2101.82,4.1,10.0,BRASILIA,DF,0.013672045743692856
d36b07fd3c5088e477a72d1fccfe29d4,1,1,339.85999999999996,5.0,0.0,ITAPETININGA,SP,0.0022107418648844588
d379f449f2a3b271bc01c0782020f705,28,29,5499.8,3.892857142857143,3.571428571428571,DIVINOPOLIS,MG,0.03577543137907241
d3891911c2feae53c52fea2bd14054e5,2,2,166.99,5.0,0.0,SAO PAULO,SP,0.001086246642785429
d3dcf0604eabf0224fbd5948b5e02f69,9,9,3067.4100000000003,3.888888888888889,33.33333333333333,SAO PAULO,SP,0.019953073923866416
d3e7d37c0df9aef383f3f2a15b0dddfb,1,1,201.34,5.0,0.0,SAO JOSE DOS PINHAIS,PR,0.0013096885984694787
d3f39f05462b79a4562d35893a28f159,33,37,2893.37,3.606060606060606,12.121212121212121,MOCOCA,SP,0.018820968015067226
d4828feed4cda2cd9d6b37899a95a71e,1,1,62.11,2.0,0.0,JUZEIRO DO NORTE,CE,0.00040401688115098496
d4910f1cdcfdabd48d6b316e395d4a23,11,12,1361.92,4.909090909090909,0.0,SANTO ANDRE,SP,0.008859099513397996
d4a5e99e0dd915df64ba55a7fbd583fd,2,6,149.75,3.0,0.0,SAO PAULO,SP,0.0009741028490156175
d4e12e7884759a14fa0f5f896c791cae,29,32,1839.6699999999998,4.620689655172414,6.896551724137931,SAO PAULO,SP,0.01196679658262812
d4e4b5192cba4e0e66eb12a9d347239d,11,11,625.4,4.454545454545454,0.0,TOLEDO,PR,0.0040681397113480275
d4f117125b59ce73c3302f88ee40c458,17,17,998.61,4.823529411764706,0.0,SAO PAULO,SP,0.006495818671489053
d4ffeb15b67e81ff9af2b4252d99fb7e,11,12,1724.81,4.3,0.0,ATIBAIA,SP,0.011219648313927393
d50d79cb34e38265a8649c383dcffd48,69,69,14740.3,4.25,4.3478260869565215,SAO PAULO,SP,0.09588359415923142
d51e0a403fe2e689ece6c73359d96e12,18,25,8027.57,4.222222222222222,11.11111111111111,POMPEIA,SP,0.052218222421851763
d52cbce9845184537284a23c3bc3da0e,2,4,138.78,5.0,0.0,GAROPABA,SC,0.0009027445301261262
d558ebe531605a1285ab2b1bc3256dfb,3,3,782.23,4.666666666666667,0.0,DIVINOPOLIS,MG,0.005088296972190227
d566c37fa119d5e66c4e9052e83ee4ea,65,73,6124.92,4.6875,0.0,SAO PAULO,SP,0.03984174972950074
d57e18d5f73c7ccb7f7339b61166898d,61,63,4111.19,4.426229508196721,0.0,SAO PAULO,SP,0.02674271714086488
d58d521f3789def2e7a22715e0badd93,2,2,84.2,3.5,0.0,SAO PAULO,SP,0.0005477092479940901
d594982fd877af63ace38ea1fca27c76,7,7,309.7,4.428571428571429,0.0,SAO PAULO,SP,0.002014555274391564
d598f929fc44e1e38678e7f47250ec04,1,1,107.30000000000001,5.0,0.0,FORMOSA,GO,0.0006979715238689533
d5b9a084373da994a6e37f732169a853,7,7,1945.29,3.5714285714285716,14.285714285714285,SANTO ANDRE,SP,0.012653839940978902
d5ba419e26d246a0719437cf37d9b46d,33,34,4415.8,4.0,9.090909090909092,SAO PAULO,SP,0.02872416267568056
d5c530f4884a75ae0dba9c148718d278,5,8,396.14,4.0,20.0,CENTRO,MG,0.0025768354097432168
d624126b9206f595fb3fbb6ba03b28a8,23,28,7768.5,4.318181818181818,4.3478260869565215,CURITIBA,PR,0.05053300823090367
d63c73efd41eb002280e7ec831424edb,2,2,5766.59,4.0,0.0,PIRACICABA,SP,0.03751086309252067
d63f306de130e0391d38a792541723b8,1,1,56.6,5.0,0.0,SAO PAULO,SP,0.00036817510019555226
d650b663c3b5f6fb392b6326366efa9a,57,57,19188.010000000002,4.368421052631579,5.263157894736842,COTIA,SP,0.124815326931153
d66c11a9572221d92fbb8c4897db5f9b,16,16,1164.38,4.5625,0.0,RIO DE JANEIRO,RJ,0.0075741293845529535
d66c305afaec317ebee552073a674429,38,44,5235.5,4.473684210526316,2.631578947368421,RIBEIRAO DAS NEVES,MG,0.03405619676808858
d673a59aac7a70d8b01e6902bf090a11,79,84,5499.5599999999995,3.911392405063291,7.59493670886076,IBITINGA,SP,0.03577387021256981
d6ab728cf30867cf3f1a2e216ae2f9b7,12,14,2233.82,4.416666666666667,0.0,SAO PAULO,SP,0.014530687320120646
d6b1ce66b035a475f00c017792ff9769,92,108,14315.880000000001,4.277777777777778,5.434782608695652,SALTO,SP,0.09312280129659899
d6b664fa0667064c6d76394e7848d790,6,6,6404.34,4.833333333333333,0.0,ARARAQUARA,SP,0.04165933783014811
d6cd01c59123df02fc226eadbadb5f89,1,1,86.15,5.0,0.0,SAO PAULO,SP,0.0005603937258276825
d71d863e5ef30d94e440c11be17dcd8f,23,30,9920.09,3.3333333333333335,13.043478260869565,OSASCO,SP,0.06452880087807238
d73cbd89533ce8b041a9190241453ac8,3,3,319.29,4.333333333333333,0.0,GUIRICEMA,MG,0.002076936885891129
d7485b33791774c36108f8c69602d48d,10,10,619.14,3.7,10.0,CURITIBA,PR,0.004027419285071983
d7827b2af99326a03b0ed9c7a24db0d3,1,1,1556.7,5.0,0.0,LONDRINA,SP,0.010126116227463185
d79e8478eed9999493990b44955fb22e,5,5,802.61,4.0,20.0,RIO DE JANEIRO / RIO DE JANEIRO,RJ,0.0052208660277023354
d7ab82074b5f1dfba46db123df101bff,2,3,83.97,4.5,0.0,ATIBAIA,SP,0.0005462131300957689
d7b2377bae6ace1b11fc69a11900ac36,3,3,282.22,3.6666666666666665,33.33333333333333,SAO PAULO,SP,0.0018358017098443246
d7d517afce974cd491b8d52bb5b5b1fc,1,1,108.72,4.0,0.0,SAO PAULO,SP,0.0007072084256759796
d7f1cfc638473be93baedbfd02208016,1,1,47.14,5.0,0.0,BELFORD ROXO,RJ,0.00030663912055156064
d85efbc8eff2b7adf524e2820569adc8,1,1,63.29,5.0,0.0,SAO PAULO,SP,0.00041169261645541527
d8b8f2cf9ff6ba0389072541cb42498c,1,1,169.01,5.0,0.0,FORMOSA,GO,0.0010993864608489449
d8bf0fc082fd4a77fc2e5679b6c00133,1,1,149.04000000000002,5.0,0.0,SAO PAULO,SP,0.0009694843981121046
d8c7ba53e7e38711eaef8c2849d6d2e1,22,22,1788.34,4.5,0.0,FLORESTA,PR,0.011632902096885405
d8cf3b6a2151949f930d0252b180ec42,6,19,1030.18,3.5,0.0,MANDAGUACU,PR,0.006701177115184701
d8d9567d0bfb0bc7eb845a205ba42657,4,4,134.31,3.5,25.0,SAO PAULO,SP,0.0008736678040152761
d8dd176509baa37f359644d082bf7f7b,2,2,229.9,1.5,100.0,SAO CAETANO DO SUL,SP,0.0014954674122784005
d90fe2229fee1a5da999ccd0c06c1667,3,3,516.91,4.666666666666667,0.0,SAO PAULO,SP,0.0033624274035703697
d91fb3b7d041e83b64a00a3edfb37e4f,524,525,48984.45,4.139102564102564,3.816793893129771,PRAIA GRANDE,SP,0.3186370103670321
d921b68bf747894be13a97ae52b0f386,77,77,17403.81,4.558441558441558,1.2987012987012987,FORMIGA,MG,0.11320935495643736
d93844a9c55ba7ce353388bcf849ea56,12,14,3229.52,4.25,0.0,CURITIBA,PR,0.021007576847765722
d93919c944be9cff128f6c9cb899eacb,33,33,3624.01,4.0,15.151515151515152,MOMBUCA,SP,0.023573679237803593
d93b8458c6fe139d85cfa5eadbf55bd2,1,1,34.0,5.0,0.0,SAO PAULO,SP,0.00022116525453443067
d9442042130b7fe579d1295f9f4a248f,19,22,1111.04,4.368421052631579,5.263157894736842,SAO PAULO,SP,0.007227160129350997
d94a40fd42351c259927028d163af842,100,109,17022.37,4.214285714285714,3.0,BAEPENDI,MG,0.11072814099497814
d94ba08b99bedd6a5f6c875ecc4a6fac,8,9,700.6999999999999,4.75,0.0,APUCARANA,PR,0.004557955701537517
d97df38225e5abadaff1e72cb72b823c,28,28,2277.55,3.925925925925926,14.285714285714285,SAO CAETANO DO SUL,SP,0.01481514486661449
d98eec89afa3380e14463da2aabaea72,168,183,10225.31,4.338323353293413,2.380952380952381,PORTO ALEGRE,RS,0.0665142143777488
d9a84e1403de8da0c3aa531d6d108ba6,53,58,2109.15,4.584905660377358,5.660377358490567,SAO PAULO,SP,0.013719726370626307
d9b00a97818674c7f8d8b1ef0e689679,1,1,79.08000000000001,3.0,0.0,PONTA GROSSA,PR,0.0005144043626053759
d9bd94811c3338dceb4181f3dbc0c73e,54,61,7682.11,4.796296296296297,5.555555555555555,SAO PAULO,SP,0.04997105333857339
d9c349beabc06aa6ff1c6d68b5e9e22e,1,1,205.64999999999998,5.0,0.0,SAO PAULO,SP,0.0013377245469119313
d9cb0052a666de5308b32f32ad5f1b1c,3,3,270.49,3.6666666666666665,0.0,OLIMPIA,SP,0.001759499697029946
d9cd369bffa979d1634f8e1318bf2f1b,3,3,744.81,5.0,0.0,BADY BASSITT,SP,0.004844885094993803
d9d43faf741ceaa8da52fdbb81d9e0e3,4,6,335.79,4.0,0.0,JUIZ DE FORA,SP,0.0021842670829446023
d9e7e7778b32987280a6f2cb9a39c57d,11,13,986.39,3.5454545454545454,18.181818181818183,SAO PAULO,SP,0.006416329277065209
d9e8c084b68fe958861d8f2c21202e6b,9,12,3231.86,4.333333333333333,0.0,SAO PAULO,SP,0.021022798221166036
da03c298e3999e9d828591fc2179d109,4,5,842.48,4.75,0.0,SAO PAULO,SP,0.005480214812946094
da20530872245d6cd9d2f5725613c430,2,3,394.22,4.5,0.0,IGREJINHA,RS,0.0025643460777224495
da2782c804606d2a5d8e1760dbb3e7ec,1,1,103.37,1.0,100.0,SAO PAULO,SP,0.0006724074223889441
da3fede3469bf49b7293ce3fc45b294d,1,1,57.69,5.0,0.0,MOGI DAS CRUZES,SP,0.000375265398061509
da6a60cc8cc724fe51be021ff8be779c,12,13,984.58,4.75,0.0,SAO PEDRO DA ALDEIA,RJ,0.006404555479691464
da7039f29f90ce5b4846ffc0fcc93beb,17,18,1503.55,4.529411764705882,5.88235294117647,SANTO ANDRE,SP,0.009780382895742448
da8622b14eb17ae2831f4ac5b9dab84a,1311,1548,184706.78,4.178544061302682,6.636155606407322,PIRACICABA,SP,1.2014918239098555
dace965ca58120f92f8d742a9fa1864b,8,8,1573.77,4.625,0.0,SAO PAULO,SP,0.010237154194960324
daeb5653dd96c1b11860f72209795012,38,39,2452.99,4.25,7.894736842105263,BELO HORIZONTE,MG,0.01595635758001215
daf565f087a52def0fd5c5825b3661bc,9,9,1121.8300000000002,3.625,0.0,BRUSQUE,SC,0.007297347573363541
db1f0f7c7e5e87f40b62226f020bb297,3,3,123.73,4.666666666666667,0.0,PINHAIS,PR,0.0008048463806925032
db2956745b3a8e9f3785c99f34b5d25e,45,46,9208.26,3.8444444444444446,8.88888888888889,SAO SEBASTIAO,SP,0.059898446079976964
db4350fd57ae30082dec7acbaacc17f9,136,145,5369.0199999999995,4.162962962962963,3.6764705882352944,SAO PAULO,SP,0.034924725732366144
db46ca7bce82b11f7e247539271fc390,16,16,1149.86,4.5625,0.0,RIO DE JANEIRO,RJ,0.007479678811145895
db6a4d4b5f1f5f98820ce6ce2619e2de,1,1,148.15,5.0,0.0,SAO PAULO,SP,0.0009636950723316445
db7ed69a53aa9fb1c01930ba54a88bbe,1,1,120.78,5.0,0.0,JAGUARIUNA,SP,0.0007856570424314277
dbb9b48c841a0e39e21f98e1a6b2ec3e,108,118,8768.26,4.268518518518518,3.7037037037037033,SAO PAULO,SP,0.05703630749188433
dbbcfe2c8d026742134ac3e28ccde274,4,4,362.96999999999997,4.0,0.0,CURITIBA,PR,0.002361069189363597
dbc22125167c298ef99da25668e1011f,394,417,40616.55,4.320610687022901,2.5380710659898478,BORDA DA MATA,MG,0.26420498879589505
dbc51f5e45d654ecc16cb68e6817ecea,1,1,218.13,4.0,0.0,FRANCA,SP,0.0014189052050469224
dbd66278cbfe1aa1000f90a217ca4695,85,99,6472.77,4.5058823529411764,3.5294117647058822,SAO PAULO,SP,0.0421044654292008
dbdd0ec73a4817971d962698f2fea022,16,16,8174.799999999999,4.375,6.25,FORTALEZA,CE,0.05317593302259011
dbec9a0a7efeff029d4d9dce7dc4cc95,3,3,1288.59,4.0,0.0,BELO HORIZONTE,MG,0.008382098098250648
dc120d932ddf9d4dfb6fd68beefda622,1,1,144.44,1.0,0.0,SAO JOSE DOS PINHAIS,PR,0.0009395620401456814
dc317f341ab0e22f39acbd9dbf9b4a1f,55,58,22570.13,4.1454545454545455,5.454545454545454,CACHOEIRINHA,RS,0.14681554548015266
dc4a0fc896dc34b0d5bfec8438291c80,225,242,28148.06,3.8177777777777777,6.666666666666667,IBITINGA,SP,0.18309920160442433
dc50afafdfa325eadc890c7fa42a8f4e,4,4,481.48,4.75,0.0,MARINGA,PR,0.0031319601986246376
dc64d75cc406bb0697be983831430e60,4,4,905.55,4.75,0.0,BELO HORIZONTE,MG,0.005890476360107462
dc7192adf8ba09569261f4a8d576afe0,7,8,1078.43,3.857142857142857,0.0,ITAPEVA,SP,0.007015036630810768
dc8798cbf453b7e0f98745e396cc5616,33,41,2153.46,3.393939393939394,6.0606060606060606,SAO PAULO,SP,0.014007956736168092
dcb7367a92f5ffb89f1e2152ed260285,1,1,98.34,5.0,0.0,OSVALDO CRUZ,SP,0.0006396879744387033
dcf3755cefcdc158ad0b7bdde51e871b,3,3,359.03000000000003,4.0,0.0,CACHOEIRA DO SUL,RS,0.002335440039279313
dd264199fc8b687ad029de7de6d760e6,1,1,108.60000000000001,5.0,0.0,CASCAVEL,PR,0.0007064278424246816
dd2bdf855a9172734fbc3744021ae9b9,103,108,12221.58,3.8484848484848486,5.825242718446602,BELO HORIZONTE,MG,0.0794996721033208
dd39ad39b5d3df33037e141c72497ba6,2,2,164.85000000000002,5.0,0.0,SAO PAULO,SP,0.0010723262414706147
dd4d95ba2d15c071e6c695e2ef6ce169,4,4,1962.41,4.25,50.0,CACHOEIRO DE ITAPEMIRIM,ES,0.012765203151497416
dd533b429f380718b70ad9922c294bae,39,43,3336.18,3.923076923076923,10.256410256410255,BARRETOS,SP,0.021701385260961086
dd5450b022b2d00a2145a66331e1aef6,1,1,81.34,5.0,0.0,JOINVILLE,SC,0.000529105347171488
dd55f1bb788714a40e7954c3be6df745,35,37,7701.18,3.742857142857143,17.142857142857142,SAO PAULO,SP,0.0500951010269255
dd58ee93286b0821565574c570e9e1dc,2,2,3023.31,5.0,0.0,CURITIBA,PR,0.0196662095790144
dd7ddc04e1b6c2c614352b383efe2d36,121,142,12025.18,3.875,12.396694214876034,SAO PAULO,SP,0.07822211751536311
dd88d13bea9e4c2bf47daf224f8141e5,1,1,487.38,5.0,0.0,LAJEADO,RS,0.003170338875146789
dd8a29ce82d5c705ba932d81494600a5,2,2,233.25,3.5,0.0,SAO PAULO,SP,0.0015172586947104693
dd9661d3cda1e6feb237f0c4d8b26f2e,1,1,190.98,5.0,0.0,CAMPOS NOVOS,SC,0.001242298244440752
dda37071807e404c5bb2a1590c66326f,1,1,219.27,5.0,0.0,SAO PAULO,SP,0.0014263207459342536
ddd51ae8cda92f3995a51fc0f0f3eec7,8,25,1119.62,4.625,0.0,RIO DE JANEIRO,RJ,0.007282971831818801
dde698c6d0bd24834c586e5111c2bba7,1,1,175.09,5.0,0.0,PETROPOLIS,RJ,0.0011389360122480432
de09d00cfc265b8804c7df34075a68fa,3,3,827.97,3.3333333333333335,0.0,SAO PAULO,SP,0.005385829288143311
de0c78824586e9a5f5f04fd84e25df39,14,16,2697.83,4.642857142857143,0.0,VARGEM GRANDE PAULISTA,SP,0.01754900760707715
de23c3b98a88888289c6f5cc1209054a,161,178,28579.86,4.291925465838509,7.453416149068323,SAO PAULO,SP,0.1859080003370116
de66a66f2dd06bb9ec37aa96987466a3,6,7,411.92,4.0,0.0,RIO DE JANEIRO,RJ,0.002679482107288903
de722cd6dad950a92b7d4f82673f8833,337,377,64776.590000000004,4.303571428571429,3.5608308605341246,RECIFE,PE,0.42136267691830753
de9727ca376d1be6ec121b110aa7954c,9,11,1195.64,3.6666666666666665,11.11111111111111,SARANDI,PR,0.0077774713215160805
debe6615cd90cc0c2eac2b8988e1f628,5,5,374.03000000000003,4.6,0.0,SAO PAULO,SP,0.002433012945691562
dedcab67899479e4ea5dcc4eba47f587,2,2,105.63999999999999,4.5,0.0,JARAGUA DO SUL,SC,0.000687173455559331
dee656f0f566ed1aa85bd137c943f08f,92,94,7883.07,4.369565217391305,4.3478260869565215,CRUZEIRO,SP,0.05127827009008042
df0f42bc4c2142eacf0eaf2cffd0cfbb,14,16,1946.45,4.142857142857143,0.0,ITAJAI,SC,0.012661385579074784
df47da4ae86fa4db890d05aaf24e21d8,5,5,387.68,4.2,0.0,SAO PAULO,SP,0.0025218042905267085
df560393f3a51e74553ab94004ba5c87,25,26,3888.38,3.92,8.0,LOANDA,PR,0.02529336918901734
df56d7b40d437f88407c5f78b63bc328,22,25,3251.5,4.090909090909091,4.545454545454546,CASCAVEL,PR,0.021150553679961805
df683dfda87bf71ac3fc63063fba369d,1,1,55.95,1.0,100.0,FARROUPILHA,RS,0.00036394694091768814
df91910b6a03bb2e3358fa6a35e32f6f,13,13,2456.22,4.615384615384615,0.0,SAO PAULO,SP,0.01597736827919292
dfa0c4c6229ab200a4a1336b4d7128ff,77,86,6544.21,4.0,1.2987012987012987,FLORIANOPOLIS,SC,0.04256917265814019
dfc475d54e1b6dbeeb7d7d9bdaa63827,18,20,2122.13,4.5,0.0,CURITIBA,PR,0.013804159458975042
dfc5fb7259bb2b599ca565e6e9448f0f,33,34,6845.9800000000005,4.121212121212121,3.0303030303030303,SAO BERNARDO DO CAMPO,SP,0.04453214438934182
e00d85ce20ea50c1224c66ca5050527d,1,1,157.3,4.0,0.0,OSASCO,SP,0.001023214545243116
e0482f2c769468c3bbcd8a01e09d98c5,1,1,234.4,4.0,0.0,SAO PAULO,SP,0.001524739284202075
e0487761face83d64fcada2408959a36,2,2,64.12,4.5,0.0,SAO PAULO,SP,0.00041709165061022636
e067ad2c1c0b48758eb1b5228bcf7a68,54,61,6047.91,4.148148148148148,7.4074074074074066,SANTOS,SP,0.03934081042798025
e06f09ec0a4aca210779cf1cfc63cf19,29,31,5901.41,3.9482758620689653,6.896551724137931,SAO PAULO,SP,0.03838784837535396
e0878efa0e0b7e5313ac0b43bc04c081,26,28,5542.53,3.6153846153846154,15.384615384615385,CURITIBA,PR,0.03605338406513876
e09887ca8c7bf8a4621ce481820414ef,2,3,124.57,3.0,50.0,SAO PAULO,SP,0.000810310463451589
e0a366315b1b726b6c7832d664c0f530,43,51,8145.17,4.3023255813953485,2.3255813953488373,SAO PAULO,SP,0.05298319400812379
e0a3c37054ade6478d923a6efc10f308,2,2,254.98000000000002,5.0,0.0,CAMBORIU,SC,0.0016586093117996806
e0b162a693bc7f9eab00f783a31d60ea,1,1,49.69,5.0,0.0,PELOTAS,RS,0.00032322651464164297
e0eabded302882513ced4ea3eb0c7059,8,8,1117.19,4.625,0.0,CAMPINAS,SP,0.007267165020980018
e1643dff33666ca629e3644c02738179,3,3,199.31,4.333333333333333,0.0,SAO PAULO,SP,0.0012964837318016876
e1b12447a7563944843191754aeb5562,9,10,599.13,4.444444444444445,22.22222222222222,GUARULHOS,SP,0.003897257027918043
e1bed63d68ac36fe1f3061befe196af5,1,1,217.0,5.0,0.0,MOGI GUACU,SP,0.0014115547127638664
e1c76f339ebd5460999f25a2aa8c92c5,1,1,928.6999999999999,5.0,0.0,SAO PAULO,SP,0.006041063879003699
e1dc0754bada9ee4cfe9713f22f61292,12,12,1149.78,3.8333333333333335,0.0,DUQUE DE CAXIAS,RJ,0.0074791584223116965
e21a1e8be4715b0fcfd5385643bc49c4,20,23,1128.21,3.7,0.0,JAGUARUNA,SC,0.007338848582890883
e24d3429d294b2eb200b064ebb035879,19,22,2250.7,4.2631578947368425,5.263157894736842,SAO PAULO,SP,0.014640489364136563
e24fc9fcd865784fb25705606fe3dfe7,50,54,13534.62,4.16,8.0,BRAGANCA PAULISTA,SP,0.08804081403902342
e250d617a0ad591ba9bd663e584a895d,8,20,1204.91,3.5,0.0,GUARULHOS,SP,0.00783777137767885
e256a62e0ac58c0edfba09966142d561,12,14,1809.55,4.416666666666667,0.0,CURITIBA,PR,0.011770870186552325
e26901d5ab434ce92fd9b5c256820a4e,197,215,14481.630000000001,4.2030456852791875,1.5228426395939088,MAUA,SP,0.09420098191245434
e2a1ac9bf33e5549a2a4f834e70df2f8,5,5,15200.56,4.8,0.0,SAO PAULO,SP,0.09887752121958487
e2aee0892199b1d92530e371abd825bf,36,39,7908.88,3.888888888888889,13.88888888888889,ROLANDIA,PR,0.05144616053771377
e2c92f9c1c7746d899d18f2e158bbff7,12,12,1956.3,4.583333333333333,0.0,SAO JOSE DO RIO PRETO,SP,0.012725458454285491
e333046ce6517bd8bb510291d44f0130,68,74,8699.32,4.338235294117647,4.411764705882353,IPAUSSU,SP,0.05658786241401363
e38db885400cd35c71dfd162f2c1dbcf,30,32,2737.55,4.466666666666667,10.0,BRASILIA,DF,0.017807380663256787
e3a386fc36e22064434e1fa256f6a9fa,16,17,1047.15,4.1875,12.5,ENGENHEIRO COELHO,SP,0.006811564596639091
e3b4998c7a498169dc7bce44e6bb6277,1,1,6929.31,5.0,0.0,SAO PAULO,SP,0.045074194408764
e3d3b3efac954a60d61be70b7e05b49b,3,3,1405.83,4.333333333333333,0.0,SAO PAULO,SP,0.009144727934768785
e3dd723429d1b23614b7fa85e2c7a853,7,8,597.62,3.7142857142857144,14.285714285714285,SAO BERNARDO DO CAMPO,SP,0.0038874346886725434
e3e290b38963293022cdcd6db8328103,3,3,182.04,3.3333333333333335,0.0,SAO PAULO,SP,0.0011841447922190517
e433f5fd4050e3352b5d83522b7fe24b,1,1,596.77,4.0,0.0,ARAPONGAS,PR,0.0038819055573091825
e439f7176d763f92de325271111b2fd5,6,6,1547.7,5.0,0.0,JOINVILLE,SC,0.010067572483615835
e45edf75f568ed2f93f78d060e246e25,6,7,278.21999999999997,4.166666666666667,0.0,RIO DE JANEIRO,RJ,0.0018097822681343912
e48b04bf1aa1ef711caebeb7aede6180,25,25,3832.73,4.48,0.0,CURITIBA,PR,0.024931373706227895
e48cc16ab70bfa09e1401740dce0b3d7,14,17,1411.1299999999999,3.5714285714285716,0.0,ARACATUBA,SP,0.009179203695034445
e49c26c3edfa46d227d5121a6b6e4d37,34,35,4765.66,4.5588235294117645,0.0,BREJAO,PE,0.030999953144839852
e4ebd3f87bf70440014f07ddda7fbe03,7,7,787.26,4.571428571428571,0.0,PRESIDENTE EPITACIO,SP,0.0051210164201404675
e4f121bf6ef8b9a1d4d3e65dd0473fab,2,2,106.46000000000001,3.0,50.0,SAO JOSE DO RIO PRETO,SP,0.0006925074411098675
e4fc40017a6d22c46a14ac2e17f87c3e,1,1,170.29,5.0,0.0,ARAPONGAS,PR,0.0011077126821961234
e503f22be6a4f456d9851920a5d9c670,2,2,231.34,4.0,0.0,SAO PAULO,SP,0.0015048344112939763
e504a4e2efaa45cbff7e268a2c58c956,10,11,1329.7,3.8,30.0,SAO PEDRO,SP,0.008649512910424486
e51f22821f0c12a16ad5c020cdcd55e9,4,4,996.8399999999999,4.75,0.0,CARAPICUIBA,SP,0.006484305068532408
e53d5b9b29d1218281f4a907ada18626,4,5,483.91999999999996,4.75,0.0,TOLEDO,PR,0.0031478320580676966
e546117ed9cafbc40239c0c78635c584,2,2,484.34000000000003,4.5,0.0,SAO PAULO,SP,0.00315056409944724
e5475dcab1e07b63d7f6e902d8f5eda8,19,19,2443.22,4.105263157894737,5.263157894736842,DIADEMA,SP,0.01589280509363564
e5545d4d4473876ea78c5bcebca365c3,1,1,57.47,5.0,0.0,MARILIA,SP,0.00037383432876746266
e560e4022d8f7aebf155db95946c5c0f,2,2,870.21,5.0,0.0,BELO HORIZONTE,MG,0.005660594592600204
e5899683388855d3dabe8913bbe365de,3,3,533.86,4.0,0.0,SAO CARLOS,SP,0.003472684787816211
e58a5b390e28abc0b216cfb0e07d27d7,7,7,1167.23,4.857142857142857,0.0,RIO DE JANEIRO,RJ,0.007592668236771281
e595809a6c31ec4314fd06ef198c244d,1,1,57.230000000000004,5.0,0.0,NAVEGANTES,SC,0.00037227316226486675
e59aa562b9f8076dd550fcddf0e73491,69,82,32876.37,4.260869565217392,8.695652173913043,CURITIBA,PR,0.21385619821229768
e59e489e2ea74bd409b798b5daf49de3,3,5,581.76,1.6666666666666667,0.0,MARINGA,PR,0.0037842676022926585
e59e575a175fadcadf8479e191770425,1,1,250.88,5.0,0.0,NOVA IGUACU,RJ,0.0016319393840469993
e5a3438891c0bfdb9394643f95273d8e,216,247,10830.699999999999,3.9953488372093022,15.74074074074074,LIMEIRA,SP,0.07045219183194289
e5a38146df062edaf55c38afa99e42dc,119,123,17074.35,3.9745762711864407,7.563025210084033,SAO PAULO,SP,0.1110662636399987
e5bd51692380fd8cabb19b756b95e714,2,2,105.75,3.0,100.0,SANTO ANDRE,SP,0.0006878889902063543
e5c84227854980f1db19a58958c551d9,4,4,141.64000000000001,4.75,0.0,FAZENDA RIO GRANDE,PR,0.0009213484309487284
e5cbe890e679490127e9a390b46bbd20,2,2,937.71,4.5,0.0,SAO PAULO,SP,0.006099672671455324
e5d4b2b0c3bca22085f7a19a28de0c42,4,4,269.56,4.5,0.0,JOINVILLE,SC,0.0017534501768323863
e5def42655b7490edac5a56fe8e9e603,1,1,141.42000000000002,5.0,0.0,AMPARO,SP,0.0009199173616546821
e5e33c0d8e7e002f398f5dc4cbbb338f,26,27,7240.85,4.576923076923077,7.6923076923076925,BAURU,SP,0.04710071862634213
e5f9e61ceb5f523cc966e0f34095032f,4,4,2353.44,4.0,25.0,BRUSQUE,SC,0.015308798724456195
e601b04acf48b4576e73ddca9481f0dc,15,16,702.9399999999999,4.066666666666666,0.0,SAO PAULO,SP,0.004572526588895079
e603cf3fec55f8697c9059638d6c8eb5,7,10,442.99,4.571428571428571,0.0,PELOTAS,RS,0.0028815881207708074
e627629ba868740e287800f1a9be81c2,11,11,446.65999999999997,4.909090909090909,0.0,SAO PAULO,SP,0.0029054609585396707
e62b2d6ac10570a035a30bafcf01d263,62,71,6375.47,3.9661016949152543,11.29032258064516,SAO PAULO,SP,0.04147154250960667
e63e8bfa530fb16910dd6956e592bb81,41,42,1928.21,4.317073170731708,4.878048780487805,GUARULHOS,SP,0.012542736924877488
e644cbadf7eeb30d0d29f335ce7d52ec,7,9,930.03,4.0,0.0,SAO PAULO,SP,0.006049715343372252
e64882b4ef12aee8d0faca4db5b681f4,1,2,273.22,4.0,0.0,GOIANIA,GO,0.001777257965996975
e64d65bc8dbec2accda90c58de5d1246,12,12,1899.96,3.0833333333333335,25.0,RIO CLARO,SP,0.012358974617801086
e64ddbe1cbcf4f2fc3092b7c481f3f9d,1,1,28.29,5.0,0.0,SAO PAULO,SP,0.0001840225014935013
e6a69c4a27dfdd98ffe5aa757ad744bc,21,23,784.34,4.285714285714286,0.0,SAO PAULO,SP,0.005102022227692217
e70053bf73d1b5863932e53a9fa47496,7,7,4158.58,4.285714285714286,0.0,SAO PAULO,SP,0.027050982476523315
e72b4feb7abe210c52aa667abc25a3a2,1,2,55.64,5.0,0.0,SAO PAULO,SP,0.00036193043418516834
e732329483fd5f27367dd997b47f598a,1,1,144.47,5.0,0.0,BLUMENAU,SC,0.0009397571859585059
e73bf2cea7fe4b0b4d287a7568ed1099,4,5,837.8299999999999,5.0,0.0,CHAPECO,SC,0.0054499672119582955
e76ecc7e9a1a1e3c6df9d2a8261c423d,1,1,34.1,5.0,0.0,BELO HORIZONTE,MG,0.00022181574057717903
e7d5b006eb624f13074497221eb37807,28,63,4220.42,3.9285714285714284,7.142857142857142,SANTO ANDRE,SP,0.027453243045358882
e7df4cd29ab5abab70fb0783ddb53987,23,24,10022.07,4.304347826086956,8.695652173913043,SAO PAULO,SP,0.0651921665444671
e7f3bf1ecd8526eb7f3b18059e6716e5,17,18,1642.8100000000002,4.647058823529412,0.0,UBATUBA,SP,0.010686249758873768
e819bcfade7b5d88a27325eb6cfd62c5,5,11,338.25,4.2,20.0,GUARULHOS,SP,0.002200269039596211
e81e1f9c3e762e620f3fb60a51499e16,17,18,4979.49,4.0,5.88235294117647,CURITIBANOS,SC,0.032390887450048596
e82de6494d91d3c4c54450f59b227a94,3,3,157.7,5.0,33.33333333333333,IBITINGA,SP,0.0010258164894141094
e83c76265fc54bf41eac728805e4da77,8,8,336.49,3.625,12.5,ARACATUBA,SP,0.0021888204852438405
e83e93b71371817b11d78a63ff156aee,2,3,373.38,4.5,0.0,BARUERI,SP,0.002428784786413698
e84ad2127668df3aafc6b73531a0beb8,19,23,1273.73,4.368421052631579,5.263157894736842,SAO PAULO,SP,0.008285435872298248
e88165a185134e13fdfc85d4fa654db8,2,2,149.22,3.0,50.0,FERRAZ DE VASCONCELOS,SP,0.0009706552729890513
e882b2a25a10b9c057cc49695f222c19,57,58,53913.759999999995,4.578947368421052,0.0,TERESOPOLIS,RJ,0.35070148392082956
e883aa812c37a7413226856f4579fe91,26,29,4554.46,4.153846153846154,3.8461538461538463,ITAPEVI,SP,0.02962612662255539
e88c9b79e592e370d6bd852eeefbf057,8,9,393.98,4.75,0.0,PATO BRANCO,PR,0.0025627849112198533
e88f7a2995ba184710d339c5c4bf2e30,2,2,287.51,5.0,0.0,VOTUPORANGA,SP,0.001870212421505711
e89c4adbe7b1d0819dbb636e16461cf1,24,25,3636.15,3.8333333333333335,12.5,INDAIATUBA,SP,0.02365264824339324
e8a85b5f3df47be0984c55fd4064dbb4,8,14,965.99,4.5,12.5,BRASILIA,DF,0.00628363012434455
e8b3a3a38279a82f0e5d006d5e5b7d2c,80,85,13408.21,4.0125,3.75,JUSSARA,PR,0.08721853463238526
e8b4225284fbb02d16f200513f1f395d,30,30,6912.6,4.3,10.0,NOVO HORIZONTE,SP,0.044965498191020754
e8dba4d70f7f2b20e775d09cae01142d,9,9,1032.39,4.333333333333333,11.11111111111111,SANTA BARBARA D OESTE,SP,0.006715552856729439
e8f6dc8e6a1dcde89d20e3995c8d90b3,30,39,3756.5,3.8333333333333335,10.0,SAO PAULO,SP,0.024435508195840852
e8ff5a6ceb895583033fc2a0f314e3c2,1,1,158.96999999999997,5.0,0.0,BLUMENAU,SC,0.001034077662157013
e908c0f3646e8b60375734a350d95d71,1,1,3009.53,4.0,0.0,SAO PAULO,SP,0.019576572602323684
e94b64dc6979b302a5a5be1662c83bb6,2,2,338.63,5.0,0.0,ITAPECERICA DA SERRA,SP,0.0022027408865586545
e9511df20ccd82658a30c37b7fb343af,22,30,2823.1,4.318181818181818,0.0,BAURU,SP,0.01836387147282798
e96498ed8daaa3e9c23f7a62da76591c,34,34,10332.19,3.9411764705882355,14.705882352941178,SAO PAULO,SP,0.06720945386023823
e9729944ba65dc3ce425e0c5a22ae7b2,4,4,978.4300000000001,3.75,25.0,PETROPOLIS,RJ,0.0063645505880624426
e9779976487b77c6d4ac45f75ec7afe9,645,738,52211.3,4.2601246105919,6.046511627906977,PRAIA GRANDE,SP,0.33962721923745653
e9874ae10b2d60d43917b6bbfa13a599,1,1,222.1,5.0,0.0,ROLANDIA,PR,0.0014447295009440311
e99e927c81e3f51739c94fcdfca9f10f,21,24,3236.93,3.7142857142857144,4.761904761904762,UBERLANDIA,MG,0.02105577786353337
e9b6c33b71b67737693b4cfa68341c8d,1,1,141.39000000000001,4.0,0.0,SAO PAULO,SP,0.0009197222158418576
e9bc59e7b60fc3063eb2290deda4cced,209,260,38082.42,4.076555023923445,7.655502392344498,MARINGA,PR,0.24772082684079688
e9c2dc0dd4ac38448289be644ac94f42,3,3,174.61,5.0,0.0,JOINVILLE,SC,0.0011358136792428513
e9c6969d40e6a3d2d0f90013165c2b98,10,10,5481.9800000000005,4.4,0.0,SAO PAULO,SP,0.03565951476625466
e9d99831abad74458942f21e16f33f92,130,149,6916.06,3.9302325581395348,10.0,SAO PAULO,SP,0.044988005008099845
e9e446d01bd10a97a8ffcfc4a3a20cb2,3,3,73.32,4.333333333333333,0.0,SAO PAULO,SP,0.0004769363665430722
ea00f977a203ff88adf7057cb7806998,18,18,558.02,4.277777777777778,5.555555555555555,SANTOS,SP,0.0036298422157442062
ea1776927851da2532aa70d6a32c095a,2,2,322.08,3.5,0.0,SAO PAULO,SP,0.002095085446483807
ea3ebea5317b0efbc663ecc8ce5e9bc2,3,3,357.35,4.0,0.0,FLORIANOPOLIS,SC,0.0023245118737611416
ea4e9ce63a2134743b4a92777437fcdd,3,4,382.3,4.666666666666667,0.0,PALHOCA,SC,0.0024868081414268486
ea566164622c6b439516ab18062c42cd,50,52,11167.98,3.78,18.0,SAO PAULO,SP,0.07264615115692444
ea65d8b58316a6f2362f2a9e4b3e86ad,9,16,2292.22,4.0,0.0,CAMPINAS,SP,0.014910571169085665
ea67327e24487bdfac5fbfa37ea124df,32,34,7180.280000000001,3.53125,3.125,IBITINGA,SP,0.04670671923024947
ea6b12bf9ffe2bac34602ec631d97a47,9,9,1202.19,4.333333333333333,0.0,GUARULHOS,SP,0.007820078157316095
ea846a0e7ad98a741783e886d89dfa44,2,3,192.26,5.0,0.0,ARACATUBA,SP,0.0012506244657879307
ea8482cd71df3c1969d7b9473ff13abc,1132,1188,53988.63,4.0266429840142095,8.480565371024735,SAO PAULO,SP,0.3511885028210353
eaaa46e98c9e61f6764dd1d7a2ab8b3e,1,1,125.64,5.0,0.0,MESSIAS TARGINO,RN,0.0008172706641089962
ead2bab70821ea148476ae9bc08548ac,9,9,528.3,4.5,0.0,BELO HORIZONTE,MG,0.0034365177638394032
eae9af4811c294c56795d70e715b7337,1,1,27.009999999999998,5.0,0.0,SAO PAULO,SP,0.00017569628014632273
eaf6d55068dea77334e8477d3878d89e,3,3,84.01,5.0,0.0,SAO PAULO,SP,0.0005464733245128683
eb1bf309f4f6af9a97e9ddac3fdbeabe,1,1,31.18,5.0,0.0,DIADEMA,SP,0.0002028215481289279
eb3071b9f0b0ddaa2df5ea130f09f26b,9,11,6811.42,4.555555555555555,11.11111111111111,SAO PAULO,SP,0.044307336412967996
eb4a59a06b3948e851a7d7a830bcbc42,1,1,53.15,5.0,0.0,SALVADOR,BA,0.000345733331720735
eb4df17aed01d918c65f0f8d650900c0,11,11,3925.46,3.909090909090909,27.27272727272727,PAULINIA,SP,0.02553456941366842
eb5b6204dde3a6e03b5f1bb8479f055b,19,21,727.3299999999999,3.9473684210526314,5.263157894736842,EMBU GUACU,SP,0.004731180134721395
eb72802c83dc7547529c9546d1a9b8ef,8,8,1181.63,4.625,0.0,RIO CLARO,SP,0.00768633822692704
eb9267cccc90f1b49c8d2f9887c7dd97,1,1,346.27,5.0,0.0,RECIFE,PE,0.0022524380202246265
eb9cd5b35d95206585e2185318cb5c61,2,3,611.55,3.0,0.0,SAO PAULO,SP,0.003978047394427384
eba88037e1dca898cd02881f67ced679,6,6,931.57,4.333333333333333,16.666666666666664,SAO PAULO,SP,0.006059732828430577
ebd1417732defaf66c50b5a800eb293e,1,1,325.33,5.0,0.0,LONDRINA,PR,0.0021162262428731276
ebd2d60905fb58271facef5596b620d3,82,85,9350.4,4.2317073170731705,3.6585365853658534,LENCOIS PAULISTA,SP,0.06082304694113943
ebe3dabc4955c9b0d695e7bda38bf5c3,1,1,66.89,3.0,100.0,RIBEIRAO PRETO,SP,0.00043511011399435497
ebef8d8c92b4fd3226e5d407bbff21ac,3,3,302.06,2.6666666666666665,33.33333333333333,RIBEIRAO PRETO,SP,0.001964858140725592
ec21206b7894c503788a684a7bc822a6,1,1,92.78,3.0,0.0,ARMACAO DOS BUZIOS,RJ,0.0006035209504618964
ec2e006556300a79a5a91e4876ab3a56,2,6,125.73,1.5,50.0,SAO PAULO,SP,0.0008178561015474697
ec4608a1f76453166bb312b2968aeaf4,17,29,1863.3600000000001,3.2941176470588234,17.647058823529413,PORTO FERREIRA,SP,0.012120896726155201
ec5c1d94df153d473b37f880977ae58e,2,3,283.74,2.0,0.0,RIO DE JANEIRO,SP,0.001845689097694099
ec80e49e69745ab6c14f984bf2149423,12,12,3897.31,4.0,8.333333333333332,LIMEIRA,SP,0.02535145759263477
ec8463980a4e0ea9f8517aea1ed0c419,2,8,357.96,5.0,50.0,FLORIANOPOLIS,SC,0.002328479838621906
ec8879960bd2221d5c32f8e12f7da711,35,35,4756.26,4.294117647058823,17.142857142857142,ITATIBA,SP,0.03093880745682151
ec933281fb017b5020d06df29c3f77e8,8,8,1662.85,5.0,0.0,SAO PAULO,SP,0.010816607161840531
ececbfcff9804a2d6b40f589df8eef2b,97,103,8548.46,4.11340206185567,9.278350515463918,FRANCA,SP,0.0556065391699235
ed4311e67debd72b8610a5347a743087,25,26,4342.81,4.625,4.0,GUARULHOS,SP,0.028249372913078555
ed46f1eb4a638113deb2a1137b5f22e9,4,4,3686.6800000000003,4.0,0.0,INDAIAL,SC,0.02398133884079397
ed4acab38528488b65a9a9c603ff024a,32,40,13369.76,3.71875,0.0,SAO PAULO,SP,0.08696842274894853
ed859002ad59dbf8cf3602696a6c3000,2,3,789.49,4.5,0.0,LONDRINA,PR,0.005135522258893755
ed8cb7b190ceb6067227478e48cf8dde,15,17,816.21,3.4,6.666666666666667,SANTOS,SP,0.005309332129516109
ed9eef5be0992d413d251fadba1a410d,3,9,547.34,4.666666666666667,0.0,MOGI GUACU,SP,0.003560370306378685
edb1ef5e36e0c8cd84eb3c9b003e486d,165,174,83031.14,4.442424242424242,7.2727272727272725,TERESOPOLIS,RJ,0.5401059768348221
edb58a1390adf273840030a3d6253829,1,1,58.28,5.0,0.0,PIRACICABA,SP,0.00037910326571372413
edb65fe661681b1c0de8bd47c8655855,1,1,84.24,3.0,0.0,SAO PAULO,SP,0.0005479694424111894
edc518ba25576a0188a0e8f2c3af186f,6,8,1909.55,3.6666666666666665,0.0,GUARULHOS,SP,0.012421356229300651
edd066cd02126d7800f9b66e980e9931,6,6,1173.93,5.0,16.666666666666664,BRASILIA,DF,0.0076362508016354184
eddd1991bd6d9309995a480c39b95137,2,2,672.55,3.5,0.0,PONTA GROSSA,PR,0.004374843880503863
ede0c03645598cdfc63ca8237acbe73d,43,47,3060.45,3.5714285714285716,32.55813953488372,RIBEIRAO PRETO,SP,0.01990780009529113
ede2977fbaf3738583170735ca403f6c,1,1,327.25,5.0,0.0,CURITIBA,PR,0.0021287155748938953
edf3fabebcc20f7463cc9c53da932ea8,1,1,244.02,4.0,100.0,SAO PAULO,SP,0.001587316041514464
edf96ef93ed595084bbcbd9224bd2894,25,28,4365.78,3.88,8.0,SAO PAULO,SP,0.028398789557097848
ee27a8f15b1dded4d213a468ba4eb391,1,1,6726.66,5.0,0.0,GOIANIA,GO,0.04375598444313451
ee2fbacc2fc3794e656cc4d933d59ce7,2,3,518.7,4.0,0.0,SAO PAULO,SP,0.0033740711037355646
eeb6de78f79159600292e314a77cbd18,82,83,46506.89,4.439024390243903,3.6585365853658534,LAGES,SC,0.3025208283663167
eebb3372362aa9a46975164bed19a7e7,4,4,354.60999999999996,3.25,50.0,SAO PAULO,SP,0.002306688556189837
eec3469d83e142f9a104886655338c37,4,4,240.44,4.5,0.0,BAURU,SP,0.001564028641184074
eed78ac17f7f795a19a709745f00cd4e,22,56,5195.84,3.772727272727273,0.0,BOTUCATU,SP,0.033798214003534596
ef0ace09169ac090589d85746e3e036f,128,139,18404.780000000002,4.3984375,7.8125,SAO GONCALO,RJ,0.1197205250985353
ef2fbc2b607d8492bcffe657a4645434,19,21,1274.51,4.0,10.526315789473683,RIO DE JANEIRO,RJ,0.008290509663431683
ef30892870c278497523264be1be2241,9,9,892.54,4.555555555555555,0.0,ARARAQUARA,SP,0.0058058481259459045
ef506c96320abeedfb894c34db06f478,316,332,14648.8,3.961783439490446,7.9113924050632916,SAO PAULO,SP,0.0952883994301167
ef728fa1f17436c91ed1ccd03dcf9631,3,4,186.82,4.333333333333333,0.0,JAU,SP,0.0012152380250624218
ef990a83bbea832f36ebe81376335aa8,43,44,5557.24,3.627906976744186,20.930232558139537,JOINVILLE,SC,0.03614907056202704
ef9952469137ff190bacafe117f51537,5,5,1086.6,4.8,0.0,UBERABA,MG,0.007068181340503305
efb628aa07c8ca93d7db0d85b91a4f5a,1,1,262.1,4.0,100.0,NOVA IGUACU,RJ,0.0017049239180433613
efcd8d2104f1a05d028af7bad20d974b,46,50,3225.1,4.195652173913044,2.1739130434782608,ARACATUBA,SP,0.020978825364676247
efff9341f3f8f5237b44ff67ed36a7bf,5,5,972.65,4.4,0.0,VITORIA,ES,0.006326952494791588
f00e21b1e91a79653163b7fd8f293ff1,31,31,4471.06,4.1,3.225806451612903,ANDRADAS,SP,0.029083621262903286
f00f5b35d0abcacbdd863672f4bb2c1a,1,1,313.43,4.0,0.0,SAO PAULO,SP,0.002038818403786077
f021c962aaba8ef6eb527a9c2c8394d1,5,5,4533.87,4.2,0.0,ITAJAI,SC,0.02949219154635351
f049a72cf58fd31b11f8919cade515e7,3,4,170.99,3.3333333333333335,0.0,SAO PAULO,SP,0.0011122660844953619
f0837c8d71434931d9e38e7b79234797,22,23,4049.36,4.590909090909091,4.545454545454546,ARVOREZINHA,RS,0.026340521620633595
f08a5b9dd6767129688d001acafc21e5,11,18,14565.74,4.2727272727272725,0.0,PORTO ALEGRE,RS,0.09474810572300994
f08c008c8a8d31417763738a1788a2a8,20,21,1604.0,3.4210526315789473,15.0,SANTA TEREZINHA DE ITAIPU,PR,0.010433796125683141
f0b47fbbc6dee9aafe415a6e33051b3f,67,85,5087.9,4.253731343283582,10.44776119402985,MAUA,SP,0.03309607936899205
f0e103c63864d5405b958d984b6e94c9,11,11,1101.41,4.7272727272727275,0.0,OSASCO,SP,0.007164518323434333
f0ec78809fe0bc3edb11c9fe5b97b059,2,2,86.25999999999999,4.0,0.0,SAO PAULO,SP,0.0005611092604747056
f114dca2828bf718548db175ebe2cfcd,1,1,152.99,1.0,0.0,CAMBE,PR,0.0009951785968006634
f1198c871e0171278b63f40d112caeec,2,2,558.0699999999999,4.5,0.0,SAO PAULO,SP,0.00363016745876558
f125f3a310c2e5f822d116147de1e474,16,22,3049.29,4.1875,12.5,SAO PAULO,SP,0.019835205852920416
f12d3c2a14729ae461b920c11fe20fdc,9,11,459.32,4.444444444444445,0.0,SANTO ANDRE,SP,0.002987812491551609
f12ff17ad8bbf01ec5c33b17e506649b,28,28,6728.88,3.857142857142857,10.714285714285714,SAO PAULO,SP,0.04377042523328353
f18112da765e0971ca5d510dec322bdd,2,2,410.75,4.0,0.0,BRUSQUE,SC,0.002671871420588747
f181738b150df1f37cb0bd72e705b193,36,37,6632.75,4.472222222222222,8.333333333333332,CARAPICUIBA,SP,0.04314511300038956
f19516b9ff26bfeb091b30108db4ddbd,3,3,219.22,3.6666666666666665,0.0,ARTUR NOGUEIRA,SP,0.0014259955029128793
f1b854361f4e15d5851b494df66f22b2,3,4,1475.24,3.3333333333333335,0.0,RIO DE JANEIRO,RJ,0.009596230297040396
f1b93673502375d491780bb49d615dbc,8,10,2959.28,3.125,12.5,SAO JOSE DOS CAMPOS,SP,0.019249703365842648
f1c1ac3f3efc07e659c035008e615e66,3,9,2509.6800000000003,3.3333333333333335,0.0,SAO PAULO,SP,0.01632511811764618
f1ce5fdecd64935c28b9ff932751d0dc,2,2,180.53,4.5,0.0,SANTANA DE PARNAIBA,SP,0.0011743224529735521
f1ed6bd0a9b11b581f16c851c6a5a527,17,18,1996.5800000000002,4.411764705882353,5.88235294117647,PORTO ALEGRE,RS,0.01298747423230452
f1fd5ab1181f827ffad998c1a5de7d74,15,15,7877.96,4.666666666666667,0.0,CURITIBA,PR,0.051245030253295985
f1fdf2d13186575751aa25876536d85c,1,1,34.59,5.0,0.0,SAO PAULO,SP,0.00022500312218664585
f205b1a3ca9a34e0f8a228bae6e4c7b3,8,8,1484.9,4.875,0.0,CACHOEIRINHA,RS,0.009659067248769887
f214d28e8d8e3ef068748498ccc2f813,52,57,2937.84,4.2745098039215685,7.6923076923076925,SAO PAULO,SP,0.01911023915827741
f22a247b79dd22ecd91dc8e3b2a1b07c,8,8,574.8399999999999,4.0,25.0,ITAQUAQUECETUBA,SP,0.003739253968134474
f2336e113377dd21c744d9c4fc8293a9,4,4,3762.08,4.25,0.0,SAO PAULO,SP,0.024471805317026207
f235413f677777a0738ff215d0184901,2,2,1247.81,5.0,0.0,BARIRI,SP,0.008116829890017881
f25e239052084705e17a982bc600ab2a,8,8,7785.48,4.25,0.0,SAO PAULO,SP,0.050643460760962336
f262cbc1c910c83959f849465454ddd3,189,204,12654.9,4.180851063829787,7.4074074074074066,SAO PAULO,SP,0.08231835822375785
f266295f49a28eee21f413e0cbb0521d,2,2,177.94,4.5,0.0,PONTA GROSSA,PR,0.0011574748644663706
f26d70155c2b6326fcfa1780c8c684e4,1,1,219.06,5.0,0.0,PRESIDENTE GETULIO,SC,0.0014249547252444819
f27e33c6d29b5138fa9967bcd445b6d5,93,98,10482.25,4.096774193548387,8.60215053763441,SAO PAULO,SP,0.06818557321598635
f3041c2e75ec683697a6a5ea82192210,1,1,169.0,5.0,0.0,ITAUNA,MG,0.0010993214122446702
f307937c1bb287c3efc2a514b94b0d1d,1,1,216.60000000000002,5.0,0.0,ARAXA,MG,0.0014089527685928731
f326006815956455b2859abd58fe7e39,9,30,3813.18,4.666666666666667,0.0,FERNANDOPOLIS,SP,0.024804203684870598
f3295428338a40977a03f555246a70f4,7,7,769.38,3.5714285714285716,14.285714285714285,VITORIA,ES,0.005004709515697067
f3511c85f59f8dec53d140501ee8e7a8,1,1,78.01,5.0,0.0,CURITIBA,PR,0.0005074441619479688
f356c348fbc8df6a882823e21f5ce8b7,2,2,225.65,2.5,0.0,CANOAS,RS,0.0014678217554615967
f35b3c613c4f7b2275f4185d0a3c59ec,9,9,4214.29,4.555555555555555,11.11111111111111,SAO PAULO,SP,0.02741336825093841
f35becee938e982bd615edf8ef12bcfb,6,6,226.81,4.0,0.0,ALVARES MACHADO,SP,0.0014753673935574772
f3862c2188522d89860c38a3ea8b550d,1,1,28.29,5.0,0.0,RIBEIRAO PRETO,SP,0.0001840225014935013
f3975e8a41157005d4bcbb358678cd9b,2,2,262.78,5.0,0.0,PINHALZINHO,SC,0.0017093472231340498
f3b80352b986ab4d1057a4b724be19d0,86,91,11941.36,4.209302325581396,0.0,BRASILIA,DF,0.07767688011433145
f3c38ab652836d21de61fb8314b69182,15,15,1828.59,4.266666666666667,0.0,SAO PAULO,SP,0.011894722729091605
f3da5b2ff499efb8d4a6d371d175d7dd,77,82,4640.59,3.914473684210526,11.688311688311687,SAO PAULO,SP,0.030186390251174523
f410c8873029fcc3809b9df6d0b28914,2,2,327.1,5.0,0.0,CAXIAS DO SUL,SP,0.002127739845829773
f419677537694f0462a91990df6ca44f,6,6,299.28,4.0,16.666666666666664,SAO BERNARDO DO CAMPO,SP,0.0019467746287371885
f41ce2e25237f9092cd8e6e7516c7a2f,25,26,2213.2200000000003,4.4,0.0,GUARULHOS,SP,0.014396687195314492
f435898e493ba0356019a0b1cb8b55b1,10,12,880.6800000000001,4.4,0.0,CURITIBA,PR,0.005728700481275954
f43827dd686be3a4a80e00aa299990fb,1,2,125.74000000000001,2.0,0.0,SAO JOSE DO RIO PRETO,SP,0.0008179211501517445
f44b6f775a2b390380e0e30b5c9d3eee,10,10,3188.24,4.9,0.0,SAO PAULO,SP,0.020739056209319214
f44bdc12aa39f5271f0b95f66cd4c289,5,7,432.07,3.2,20.0,BRAGANCA PAULISTA,SP,0.0028105550449026902
f45122a9ab94eb4f3f8953578bc0c560,184,197,25043.87,3.972826086956522,7.065217391304348,PIRACICABA,SP,0.16290687891403507
f457c46070d02cadd8a68551231220dd,195,230,22449.010000000002,3.8737113402061856,5.641025641025641,MARINGA,PR,0.1460276767851759
f46490624488d3ff7ce78613913a7711,80,87,7384.36,3.7625,11.25,GUARULHOS,SP,0.04803423114629025
f4a04f7be452aa3bb31760bf00055dd0,18,18,1553.95,4.666666666666667,0.0,SANTO ANDRE,SP,0.010108227861287605
f4aba7c0bca51484c30ab7bdc34bcdd1,107,114,4398.11,3.94392523364486,5.607476635514018,SAO PAULO,SP,0.02860909169471838
f4c4daa86e30c7e5a553a8d518ac03a5,18,18,6324.5,4.0,5.555555555555555,CASCAVEL,PR,0.041139989773617845
f4ce8ca9fa7157e3b33f536ac9a4487d,4,4,507.13,4.75,0.0,PENAPOLIS,SP,0.003298809868589583
f4db9b37944bcb8873e6b456ee190bbf,21,22,3909.94,4.571428571428571,9.523809523809524,ITAQUAQUECETUBA,SP,0.025433613979833878
f524ad65d7e0f1daab730ef2d2e86196,1,2,609.5,1.0,100.0,SOLEDADE,RS,0.003964712430551044
f52c2422904463fdd7741f99045fecb6,12,13,744.8,4.25,0.0,SANTO ANDRE/SAO PAULO,SP,0.004844820046389528
f593898ec748b7a8cb81fc04edafd98a,19,22,3272.35,3.6842105263157894,15.789473684210526,PEDREIRA,SP,0.02128618001987483
f5a590cf36251cf1162ea35bef76fe84,113,118,55366.96,4.274336283185841,7.079646017699115,SAO BERNARDO DO CAMPO,SP,0.3601543470940483
f5b44895715ddfe3087dc414f30268f3,19,19,654.44,4.0,0.0,SOROCABA,SP,0.004257040858162142
f5f1f2c5f923f36ad79ea1d07185ddc9,10,11,1691.5,3.7,10.0,TARUMA,SP,0.011002971413087927
f5f2ab9bdb6b30c14c61be68c5ed37da,16,16,2290.29,4.1875,6.25,PORTO FERREIRA,SP,0.014898016788460625
f5f46307a4d15880ca14fab4ad9dfc9b,9,10,1654.32,4.111111111111111,11.11111111111111,RIO DO SUL,SC,0.010761120702394099
f5fea3ffed6c2e889bab72705557c63a,1,1,468.8,5.0,100.0,RIO DE JANEIRO,RJ,0.00304947856840415
f6122bc84774df1b372bdb3bb88ddb9f,3,3,4874.360000000001,3.6666666666666665,33.33333333333333,BARUERI,SP,0.031707031473307286
f615fe7efbef0f4f08fd3086bc7a3e60,22,23,2431.08,4.5,9.090909090909092,ATIBAIA,SP,0.015813836088045992
f61c63d13f7cd800549d5acdd390ae72,26,26,3501.69,4.0,7.6923076923076925,PILAR DO SUL,SP,0.02277800471031384
f626e15b7314c267e4429010866f70e9,5,7,319.02,3.8,0.0,MARECHAL CANDIDO RONDON,SP,0.002075180573575708
f62d7bb4a613ec758a03342d46b580b2,32,32,26790.59,4.375,9.375,VICOSA,MG,0.17426904871992865
f63d8f293af3a6454377546bd9dd19ff,17,28,2246.95,4.470588235294118,5.88235294117647,VOTORANTIM,SP,0.014616096137533499
f650a9708fa1bab22bdd8d3a818cc415,4,4,487.48,4.0,0.0,ARARANGUA,SC,0.0031709893611895374
f664f98bfda2eaf266a23ff144e7a872,2,2,161.8,3.0,0.0,SAO PAULO,SP,0.0010524864171667907
f67efa3f0b6761102a7f8c6b7b571f5d,29,30,5700.55,4.586206896551724,0.0,CURITIBA,PR,0.037081282109889674
f680f85bee2d253556ac91be391d2c82,45,54,6077.34,4.333333333333333,2.2222222222222223,CARAPICUIBA,SP,0.03953224847036109
f682e0f848abafc6f41e0d4e868c66ef,2,2,304.0,3.5,50.0,MAIRIPORA,SP,0.0019774775699549097
f7315bb81aea4ddca2d39e249a801c98,2,2,430.08000000000004,4.5,0.0,GUARULHOS,SP,0.002797610372651999
f7496d659ca9fdaf323c0aae84176632,24,25,5492.54,4.541666666666667,4.166666666666666,SAO PAULO,SP,0.035728206092368875
f76a3b1349b6df1ee875d1f3fa4340f0,24,24,4748.98,3.4583333333333335,29.166666666666668,SAO PAULO,SP,0.030891452072909425
f7720c4fa8e3aba4546301ab80ea1f1b,59,77,3360.79,4.262711864406779,5.084745762711865,CURITIBA,PR,0.02186146987608145
f783a638e9c6af4a7d0dbfde811e7a81,5,5,1002.9000000000001,4.0,20.0,SAO PAULO,SP,0.0065237245227229585
f789d2c4f2c2eb38fc4373e7a4b35264,44,49,5733.24,4.159090909090909,4.545454545454546,JUIZ DE FORA,MG,0.037293925997264096
f7ba60f8c3f99e7ee4042fdef03b70c4,218,229,72387.94,4.220183486238532,13.761467889908257,SAO BERNARDO DO CAMPO,SP,0.4708734463330323
f7c31656c19db6275a8acadca289f426,1,1,77.75,3.0,0.0,IBITINGA,SP,0.0005057528982368231
f7ccf836d21b2fb1de37564105216cc1,69,73,3856.34,3.8507462686567164,7.246376811594203,IBITINGA,SP,0.02508495346092078
f805b96fa705ba7995a221f1749dc141,7,7,2986.87,4.428571428571429,0.0,MARINGA,PR,0.019429172465036913
f80edd2c5aaa505cc4b0a3b219abf4b8,116,125,11790.62,4.147826086956521,5.172413793103448,SAO PAULO,SP,0.07669633745349262
f8201cab383e484733266d1906e2fdfa,10,10,1144.8300000000002,4.1,10.0,PALHOCA,SC,0.007446959363195656
f84a00e60c73a49e7e851c9bdca3a5bb,88,97,7780.34,3.897727272727273,10.227272727272728,RIO DE JANEIRO,RJ,0.05061002577836508
f84fa566034f5e8e880a07ec624c56af,89,100,6204.33,4.247191011235955,10.112359550561797,INDAIATUBA,SP,0.040358300696047185
f88adb15807168d3c43d71021090ce4a,3,3,541.0600000000001,3.3333333333333335,0.0,PORTO FERREIRA,SP,0.003519519782894091
f8d5c7085db9a4ad2b8c1ffbeb2798c8,6,6,363.40999999999997,5.0,0.0,SAO PAULO,SP,0.0023639313279516898
f8db351d8c4c4c22c6835c19a46f01b0,659,714,62487.02,4.265243902439025,4.24886191198786,SALTO,SP,0.4064693436293548
f8e2c1b59cd4225a3e4fd0d013a76b93,2,3,264.43,5.0,0.0,RIBEIRAO PRETO,SP,0.0017200802428393972
f8f35af4634605e6693c17cc3ffff5a8,1,1,106.39,5.0,0.0,CAMPANHA,MG,0.0006920521008799436
f90f77ef2799a27f80d90c425ca944f7,1,1,89.46000000000001,5.0,0.0,LONDRINA,PR,0.0005819248138426521
f918546be4bec7104d117789ba758b2b,20,23,1830.15,3.85,15.0,SAO PAULO,SP,0.011904870311358482
f9244d45189d3a3605499abddeade7d5,20,20,15902.16,4.35,0.0,SAO PAULO,SP,0.10344133129550712
f92d8c817434bd2d84d4e9c61322b7fa,5,5,225.61,4.6,0.0,SOROCABA,SP,0.0014675615610444974
f97e2b0650c2068227e1d366140eb62f,16,21,4665.98,4.0,6.25,SANTO ANTONIO DE POSSE,SP,0.030351548657428316
f9903dd0f812c7e771fcad47b6fff231,10,15,2101.48,3.2,0.0,BLUMENAU,SC,0.013669834091147512
f9bbdd976532d50b7816d285a22bd01e,2,2,298.37,5.0,0.0,SAO PAULO,SP,0.001940855205748179
f9d010e39375d9c91dce3f40b73a2f84,4,5,1350.1399999999999,3.5,25.0,LORENA,SP,0.008782472257562242
f9ec7093df3a7b346b7bcf7864069ca3,9,9,638.13,4.777777777777778,0.0,SAO PAULO,SP,0.0041509465845898895
f9eedec3129e8cc6b6429c42d0808c5b,2,2,833.15,4.5,0.0,"RIO DE JANEIRO, RIO DE JANEIRO, BRASIL",RJ,0.005419524465157674
f9f68daa2af419d38f745478bcb3da1a,1,1,29.2,5.0,0.0,SUMARE,SP,0.00018994192448251106
fa14641f57b655e933124a9ea49cd7a5,7,7,442.99,4.571428571428571,0.0,SAO PAULO,SP,0.0028815881207708074
fa1a9dec3a9940c072684a46728bf1fc,52,57,7515.530000000001,4.117647058823529,0.0,ICARA,SC,0.04888747368856324
fa1c13f2614d7b5c4749cbc52fecda94,578,579,200833.5,4.372822299651568,9.16955017301038,SUMARE,SP,1.3063938866629585
fa3a0b5aabb344b9a92e3524b0202123,7,7,1953.4099999999999,4.142857142857143,14.285714285714285,SAO JOSE DOS PINHAIS,SP,0.012706659407650065
fa40cc5b934574b62717c68f3d678b6d,303,336,20308.27,4.4801324503311255,5.2805280528052805,SAO PAULO,SP,0.13210246187364538
fa74b2f3287d296e9fbd2cc80f2d1cf1,5,5,1350.67,3.2,40.0,PRESIDENTE PRUDENTE,SP,0.008785919833588809
fa8d335d68129e464e60c1826a683e96,1,1,174.68,4.0,0.0,TRES COROAS,RS,0.0011362690194727753
fac1a9017ade7bdc94058fc1c969f355,9,10,2222.91,4.666666666666667,0.0,SAO PAULO,SP,0.014459719292856802
fac35d150712afb921ec59ac5f39bb11,5,6,800.64,4.4,0.0,BONFINOPOLIS DE MINAS,MG,0.005208051452660194
fad44952713764836814be105382aee5,32,32,5636.88,4.28125,0.0,RIO DE JANEIRO,RJ,0.03666711764647182
fadb07c842a2aef5d5a676b85f220e71,7,7,570.37,4.714285714285714,0.0,SAO JOSE DO RIO PRETO,SP,0.003710177242023624
fb3cfbc8a86f5d7fbb4d36b8df63f60d,10,15,1225.06,4.2,0.0,RIO DE JANEIRO,RJ,0.007968844315292637
fb503a924a0b9db19d83dd0ac6dbef8c,1,1,31.82,5.0,0.0,PELOTAS,RS,0.0002069846588025172
fb8904a8ea99f8831b64ce27db2c1765,2,2,302.36,4.5,0.0,SAO CAETANO DO SUL,SP,0.001966809598853837
fb89df7f89fd1b8f03fa2acca1ba7364,22,25,2687.43,3.8636363636363638,9.090909090909092,FOZ DO IGUACU,PR,0.017481357058631325
fbc14c0cf93505ef89f64665ffa4a7b5,18,18,12758.93,4.176470588235294,5.555555555555555,SERRANA,SP,0.08299505885402894
fc0b214b59a83615fea981c6424a02ae,1,1,172.04000000000002,5.0,0.0,MAUA,SP,0.0011190961879442194
fc38b5dceee1a730fad8853453437fbd,5,5,178.01,4.6,0.0,CAMPINAS,SP,0.0011579302046962941
fc4751cfe3b279c419615b9b00c1abb4,1,1,471.05,5.0,0.0,LONDRINA,PR,0.0030641145043659875
fc59392d66ef99377e50356ee4f3b4e1,5,5,606.96,3.6,0.0,SALVADOR,BA,0.003948190085065237
fc5a0d7a310a7a41abf86a458585ff2b,1,1,136.97,4.0,0.0,SAO PAULO,SP,0.0008909707327523815
fc6295add6f51a0936407ead70c1001d,1,4,230.51999999999998,1.0,0.0,SAO PAULO,SP,0.00149950042574344
fc906263ca5083d09dce42fe02247800,112,117,6273.28,4.392857142857143,0.0,BELO HORIZONTE,MG,0.04080681082252216
fc908879b9ca1bd65419e54e50432d38,4,4,171.88,5.0,0.0,SAO PAULO,SP,0.001118055410275822
fcb5ace8bcc92f75707dc0f01a27d269,59,70,8914.84,3.9827586206896552,3.389830508474576,GUARULHOS,SP,0.05798978993334482
fcba71d4d5db057f43249145e4eb1e27,3,3,548.27,4.666666666666667,0.0,LIMEIRA,SP,0.0035664198265762444
fcdd820084f17e9982427971e4e9d47f,16,27,5665.74,3.9375,12.5,RIBEIRAO PRETO,SP,0.03685484791840898
fce62094ffe6a4009188ec44e681dfdd,4,11,3452.63,4.0,25.0,SAO PAULO,SP,0.02245887625774151
fcf16b7a8697e559f0123190bb30177d,3,7,1552.5700000000002,3.3333333333333335,66.66666666666666,SAO PAULO,SP,0.010099251153897678
fd312b6bf05efac6c3772d5b52205d8a,2,4,164.32,5.0,0.0,VOTORANTIM,SP,0.0010688786654440485
fd386aa7bed2af3c7035c65506c9b4a3,69,76,3316.17,4.3478260869565215,10.144927536231885,SAO PAULO,SP,0.021571223003807146
fd435faa3c0422b60440ea3480d0e77c,1,1,882.87,5.0,0.0,JOAO PESSOA,PB,0.005742946125612142
fdaaf5bfda82b7b80535610c831b8d09,10,15,2848.32,4.2,10.0,SAO JOSE DO RIO PRETO,SP,0.018527924052809105
fdb9095204a334cd8872252ffec6f2db,46,61,9289.369999999999,4.184782608695652,6.521739130434782,SAO PAULO,SP,0.06042605530925012
fde0cc9ea29c8ccfc0a2c22256a58c71,35,35,4921.27,4.485714285714286,2.857142857142857,CURITIBA,PR,0.032012174475960525
fdf736c18c589ed030e058312203e1b2,1,1,44.51,5.0,0.0,POCOS DE CALDAS,MG,0.0002895313376272797
fe19dce63ae80346207c6c55713d1023,1,1,71.72,5.0,0.0,UBERABA,MG,0.00046652858985909903
fe1b067411b8c5066e962aa146ccee03,8,8,990.8799999999999,4.625,0.0,PRESIDENTE PRUDENTE,SP,0.006445536100384607
fe1bbc5feda5c8979a8a1b3b2512d5a6,9,10,862.25,3.888888888888889,11.11111111111111,ARINOS,MG,0.005608815903597437
fe2032dab1a61af8794248c8196565c9,293,305,70400.6,4.387543252595155,8.873720136518772,CAMPINAS,SP,0.4579460770110777
fe26f3ecb51a15e6d8335cd92da42562,7,7,2971.55,4.428571428571429,14.285714285714285,SAO PAULO,SP,0.01932951800328787
fe49ee029e61e789a1f3a5525f57ba8d,16,16,2691.1499999999996,4.25,6.25,OSASCO,SP,0.01750555513942156
fe4cd9461203cee790d36792420b310f,3,3,445.53000000000003,4.0,0.0,CARATINGA,MG,0.002898110466256615
fe701d88b67eaca109dffd464d1be9f9,10,10,1578.02,4.3,10.0,MARICA,RJ,0.010264799851777126
fe8055980a4ff7f64ed889c2b5926929,3,3,249.98000000000002,4.666666666666667,0.0,CURITIBA,PR,0.0016260850096622642
fe87f472055fbcf1d7e691c00b1560dc,6,6,1215.96,4.5,16.666666666666664,CAMPINAS,SP,0.00790965008540254
fe9d9cf8631285d5982c6e2cf27fb114,1,1,93.54,4.0,0.0,BARBACENA/ MINAS GERAIS,MG,0.0006084646443867838
feb793c88d836c3a75efa4b5a3465d70,1,1,530.17,5.0,0.0,SAO PAULO,SP,0.0034486818528387973
febab0275244b9a49a623f0bd613ca2f,106,126,10001.31,4.443396226415095,3.7735849056603774,PEDREIRA,SP,0.06505712564199255
fec6275253471ace26d209bbaa64cd0f,9,10,3195.67,4.555555555555555,0.0,NOVA FRIBURGO,RJ,0.020787387322295413
fec8cd45395b3cb0c2b173d7739706a1,4,4,1376.94,3.75,0.0,JAMBEIRO,SP,0.008956802517018794
fedf2c1386e137f296b3bbf3b635e69d,2,5,210.9,3.5,0.0,SAO PAULO,SP,0.0013718750641562186
ff063b022a9a0aab91bad2c9088760b7,94,96,14061.27,4.311827956989247,3.1914893617021276,SANTO ANDRE,SP,0.09146659878315748
ff1e15b778c700abdd4d239b81ac466d,7,7,529.16,4.571428571428571,0.0,CURITIBA,PR,0.003442111943807039
ff1fb4c404b2efe68b03350a8dc24122,46,49,7666.95,4.0,13.043478260869565,MOGI DAS CRUZES,SP,0.04987243965449274
ff314fa6033cc68ec451c47aee2d6ba4,2,2,570.3399999999999,5.0,0.0,SAO PAULO,SP,0.0037099820962107994
ff4e2d38692ce827b1a4f4b8196e680d,11,11,669.1800000000001,4.2727272727272725,0.0,SAO PAULO,SP,0.004352922500863245
ff4ea69c2a729e83e63c7579e4ef8170,8,8,6527.82,5.0,0.0,GUARULHOS,SP,0.04246255799573374
ff69aa92bb6b1bf9b8b7a51c2ed9cf8b,20,20,23695.2,3.65,20.0,SAO PAULO,SP,0.15413396880130123
ff82e8873fba613f2261a9acc896fd84,4,4,183.53,3.5,0.0,ITABIRA,MG,0.001193837034256002
ffa6adafb71b807dc13159e26431354c,17,17,3017.38,3.9411764705882355,0.0,LONDRINA,PR,0.019627635756679425
ffad1e7127fb622cb64a900751590acd,10,15,1090.83,4.8,0.0,AMERICANA,SP,0.007095696900111559
ffc470761de7d0232558ba5e786e57b7,27,30,1950.22,4.444444444444445,3.7037037037037033,GUARULHOS,SP,0.012685908902886395
ffdd9f82b9a447f6f8d4b91554cc7dd3,18,20,2828.66,4.333333333333333,0.0,CURITIBA,PR,0.018400038496804785
ffeee66ac5d5a62fe688b9d26f83f534,14,14,2259.55,4.214285714285714,14.285714285714285,MIRASSOL,SP,0.014698057378919792
fffd5413c0700ac820c7069d66d98c89,57,58,11125.3,3.892857142857143,12.280701754385964,AMPARO,SP,0.07236852371387946
ffff564a4f9085cd26170f4732393726,6,6,327.38,3.3333333333333335,0.0,CAMPINAS,SP,0.002129561206749468
